"source","Prefix","Key","LastModified","ETag","Size","SizeMB","StorageClass","Bucket","URL"
"unified","unified/bmf/","unified/bmf/_manifest.json","2026-09-15T10:37:35.000Z","""d5bdbff67428dd1ed54d261d7d0bae8e""",6258,"6.3 kb","STANDARD","nccsdata","https://nccsdata.s3.us-east-1.amazonaws.com/unified/bmf/_manifest.json"
"unified","unified/bmf/","unified/bmf/bmf_unified.csv","2026-09-15T10:37:24.000Z","""ad27a3922c88847585b44ed997e65c2f-367""",3072396158,"3072.40 mb","STANDARD","nccsdata","https://nccsdata.s3.us-east-1.amazonaws.com/unified/bmf/bmf_unified.csv"
"unified","unified/bmf/","unified/bmf/bmf_unified.parquet","2026-09-15T10:37:10.000Z","""e5bf9010f138bee355520d08b03f9825-6""",514724912,"514.72 mb","STANDARD","nccsdata","https://nccsdata.s3.us-east-1.amazonaws.com/unified/bmf/bmf_unified.parquet"
"unified","unified/bmf/","unified/bmf/bmf_unified_data_dictionary.csv","2026-09-15T10:37:35.000Z","""73d380b21001283198a1b7ddf1756d19""",9160,"9.2 kb","STANDARD","nccsdata","https://nccsdata.s3.us-east-1.amazonaws.com/unified/bmf/bmf_unified_data_dictionary.csv"
"unified","unified/bmf/","unified/bmf/bmf_unified_quality_report.html","2026-08-11T07:01:50.000Z","""3d7ffa901cf8f9a9928f6adbad7a201e""",1891929,"1.89 mb","STANDARD","nccsdata","https://nccsdata.s3.us-east-1.amazonaws.com/unified/bmf/bmf_unified_quality_report.html"
"unified","unified/bmf/","unified/bmf/bmf_unified_quality_report.json","2026-09-15T10:37:35.000Z","""4c601f37aa41f0ca66d82ff191552410""",26452,"26.5 kb","STANDARD","nccsdata","https://nccsdata.s3.us-east-1.amazonaws.com/unified/bmf/bmf_unified_quality_report.json"
"unified","unified/bmf/","unified/bmf/latest/_manifest.json","2026-07-26T11:49:35.000Z","""c5f545d7e4312b8be052e5721500d285""",6257,"6.3 kb","STANDARD","nccsdata","https://nccsdata.s3.us-east-1.amazonaws.com/unified/bmf/latest/_manifest.json"
"unified","unified/bmf/","unified/bmf/latest/bmf_unified.csv","2026-07-26T11:49:35.000Z","""c4ea214ace38d7126049d6b6399a5782-364""",3053292343,"3053.29 mb","STANDARD","nccsdata","https://nccsdata.s3.us-east-1.amazonaws.com/unified/bmf/latest/bmf_unified.csv"
"unified","unified/bmf/","unified/bmf/latest/bmf_unified.parquet","2026-07-26T11:49:31.000Z","""2fb1e196f87e2e3f1c764348242e5a65-62""",512507238,"512.51 mb","STANDARD","nccsdata","https://nccsdata.s3.us-east-1.amazonaws.com/unified/bmf/latest/bmf_unified.parquet"
"unified","unified/bmf/","unified/bmf/latest/bmf_unified_data_dictionary.csv","2026-07-26T11:49:34.000Z","""00f87da5cf3a8f7b47cd6627f3fdc95a""",9167,"9.2 kb","STANDARD","nccsdata","https://nccsdata.s3.us-east-1.amazonaws.com/unified/bmf/latest/bmf_unified_data_dictionary.csv"
"unified","unified/bmf/","unified/bmf/latest/bmf_unified_quality_report.html","2026-07-26T11:49:47.000Z","""3d7ffa901cf8f9a9928f6adbad7a201e""",1891929,"1.89 mb","STANDARD","nccsdata","https://nccsdata.s3.us-east-1.amazonaws.com/unified/bmf/latest/bmf_unified_quality_report.html"
"unified","unified/bmf/","unified/bmf/latest/bmf_unified_quality_report.json","2026-07-26T11:49:34.000Z","""ed77dea90328628251f8c8be4e55f0c2""",26149,"26.1 kb","STANDARD","nccsdata","https://nccsdata.s3.us-east-1.amazonaws.com/unified/bmf/latest/bmf_unified_quality_report.json"
"unified","unified/bmf/","unified/bmf/state_marts/csv/bmf_master_AA.csv","2026-09-15T10:48:24.000Z","""70375934e35f840242907316ae36636f""",18291,"18.3 kb","STANDARD","nccsdata","https://nccsdata.s3.us-east-1.amazonaws.com/unified/bmf/state_marts/csv/bmf_master_AA.csv"
"unified","unified/bmf/","unified/bmf/state_marts/csv/bmf_master_AE.csv","2026-09-15T10:48:24.000Z","""c2cbe3316753f9eb56c3d0d14abadd26""",316391,"0.32 mb","STANDARD","nccsdata","https://nccsdata.s3.us-east-1.amazonaws.com/unified/bmf/state_marts/csv/bmf_master_AE.csv"
"unified","unified/bmf/","unified/bmf/state_marts/csv/bmf_master_AK.csv","2026-09-15T10:48:24.000Z","""d3261ab96a11c0e25f3eebba00471c1c""",10549016,"10.55 mb","STANDARD","nccsdata","https://nccsdata.s3.us-east-1.amazonaws.com/unified/bmf/state_marts/csv/bmf_master_AK.csv"
"unified","unified/bmf/","unified/bmf/state_marts/csv/bmf_master_AL.csv","2026-09-15T10:48:25.000Z","""34ed0f03c047e52affda1e856006f25b""",48587263,"48.59 mb","STANDARD","nccsdata","https://nccsdata.s3.us-east-1.amazonaws.com/unified/bmf/state_marts/csv/bmf_master_AL.csv"
"unified","unified/bmf/","unified/bmf/state_marts/csv/bmf_master_AP.csv","2026-09-15T10:48:26.000Z","""089cad60e8eff86516123c6a4f133622""",232029,"0.23 mb","STANDARD","nccsdata","https://nccsdata.s3.us-east-1.amazonaws.com/unified/bmf/state_marts/csv/bmf_master_AP.csv"
"unified","unified/bmf/","unified/bmf/state_marts/csv/bmf_master_AR.csv","2026-09-15T10:48:26.000Z","""51778cf59ad1e16ac364cabbdcda13c7""",31386726,"31.39 mb","STANDARD","nccsdata","https://nccsdata.s3.us-east-1.amazonaws.com/unified/bmf/state_marts/csv/bmf_master_AR.csv"
"unified","unified/bmf/","unified/bmf/state_marts/csv/bmf_master_AS.csv","2026-09-15T10:48:26.000Z","""5d0a7560f7eb6b193051836fe0de21ec""",154811,"0.15 mb","STANDARD","nccsdata","https://nccsdata.s3.us-east-1.amazonaws.com/unified/bmf/state_marts/csv/bmf_master_AS.csv"
"unified","unified/bmf/","unified/bmf/state_marts/csv/bmf_master_AZ.csv","2026-09-15T10:48:27.000Z","""33bf8826b9d1fc3e7b2a1cca80cb05c8""",57425945,"57.43 mb","STANDARD","nccsdata","https://nccsdata.s3.us-east-1.amazonaws.com/unified/bmf/state_marts/csv/bmf_master_AZ.csv"
"unified","unified/bmf/","unified/bmf/state_marts/csv/bmf_master_CA.csv","2026-09-15T10:48:28.000Z","""c712a5dfab935ec0ff3d80f01eda5882-4""",381352644,"381.35 mb","STANDARD","nccsdata","https://nccsdata.s3.us-east-1.amazonaws.com/unified/bmf/state_marts/csv/bmf_master_CA.csv"
"unified","unified/bmf/","unified/bmf/state_marts/csv/bmf_master_CO.csv","2026-09-15T10:48:40.000Z","""47479c30b3db0ea92d4b4444285e247a""",67644092,"67.64 mb","STANDARD","nccsdata","https://nccsdata.s3.us-east-1.amazonaws.com/unified/bmf/state_marts/csv/bmf_master_CO.csv"
"unified","unified/bmf/","unified/bmf/state_marts/csv/bmf_master_CT.csv","2026-09-15T10:48:41.000Z","""c188513ec57dded614e33ad6c04d4e68""",43209531,"43.21 mb","STANDARD","nccsdata","https://nccsdata.s3.us-east-1.amazonaws.com/unified/bmf/state_marts/csv/bmf_master_CT.csv"
"unified","unified/bmf/","unified/bmf/state_marts/csv/bmf_master_DC.csv","2026-09-15T10:48:42.000Z","""5bdf0ccdab2843127510eb14cac0bab1""",33620674,"33.62 mb","STANDARD","nccsdata","https://nccsdata.s3.us-east-1.amazonaws.com/unified/bmf/state_marts/csv/bmf_master_DC.csv"
"unified","unified/bmf/","unified/bmf/state_marts/csv/bmf_master_DE.csv","2026-09-15T10:48:43.000Z","""0da2fea6a2dd90b0fbd0506c729b6aae""",17124394,"17.12 mb","STANDARD","nccsdata","https://nccsdata.s3.us-east-1.amazonaws.com/unified/bmf/state_marts/csv/bmf_master_DE.csv"
"unified","unified/bmf/","unified/bmf/state_marts/csv/bmf_master_FL.csv","2026-09-15T10:48:43.000Z","""0f526e5a819c33cbcf91f61d1d114081-3""",206799762,"206.80 mb","STANDARD","nccsdata","https://nccsdata.s3.us-east-1.amazonaws.com/unified/bmf/state_marts/csv/bmf_master_FL.csv"
"unified","unified/bmf/","unified/bmf/state_marts/csv/bmf_master_FM.csv","2026-09-15T10:48:48.000Z","""89555d368b4079cb5ab2b837e4328873""",6660,"6.7 kb","STANDARD","nccsdata","https://nccsdata.s3.us-east-1.amazonaws.com/unified/bmf/state_marts/csv/bmf_master_FM.csv"
"unified","unified/bmf/","unified/bmf/state_marts/csv/bmf_master_GA.csv","2026-09-15T10:48:48.000Z","""e5a0b237b3579aa628285b6da937833d-2""",111329095,"111.33 mb","STANDARD","nccsdata","https://nccsdata.s3.us-east-1.amazonaws.com/unified/bmf/state_marts/csv/bmf_master_GA.csv"
"unified","unified/bmf/","unified/bmf/state_marts/csv/bmf_master_GU.csv","2026-09-15T10:48:51.000Z","""63877b20e29d0b14db896cf763eab67b""",292209,"0.29 mb","STANDARD","nccsdata","https://nccsdata.s3.us-east-1.amazonaws.com/unified/bmf/state_marts/csv/bmf_master_GU.csv"
"unified","unified/bmf/","unified/bmf/state_marts/csv/bmf_master_HI.csv","2026-09-15T10:48:51.000Z","""2bc2bdba9a9d7755f1966c8fb1ddee72""",17114809,"17.11 mb","STANDARD","nccsdata","https://nccsdata.s3.us-east-1.amazonaws.com/unified/bmf/state_marts/csv/bmf_master_HI.csv"
"unified","unified/bmf/","unified/bmf/state_marts/csv/bmf_master_IA.csv","2026-09-15T10:48:52.000Z","""2ec687adea59eadd1325789142a74b9f""",53273813,"53.27 mb","STANDARD","nccsdata","https://nccsdata.s3.us-east-1.amazonaws.com/unified/bmf/state_marts/csv/bmf_master_IA.csv"
"unified","unified/bmf/","unified/bmf/state_marts/csv/bmf_master_ID.csv","2026-09-15T10:48:53.000Z","""e41a615db57eca6e03733cb298a134ca""",19118126,"19.12 mb","STANDARD","nccsdata","https://nccsdata.s3.us-east-1.amazonaws.com/unified/bmf/state_marts/csv/bmf_master_ID.csv"
"unified","unified/bmf/","unified/bmf/state_marts/csv/bmf_master_IL.csv","2026-09-15T10:48:53.000Z","""34abac1f502589e6531423e8ec8ddc49-2""",147356933,"147.36 mb","STANDARD","nccsdata","https://nccsdata.s3.us-east-1.amazonaws.com/unified/bmf/state_marts/csv/bmf_master_IL.csv"
"unified","unified/bmf/","unified/bmf/state_marts/csv/bmf_master_IN.csv","2026-09-15T10:48:58.000Z","""4ae9c7e597bbb3b763c7c62156c60505""",81095150,"81.10 mb","STANDARD","nccsdata","https://nccsdata.s3.us-east-1.amazonaws.com/unified/bmf/state_marts/csv/bmf_master_IN.csv"
"unified","unified/bmf/","unified/bmf/state_marts/csv/bmf_master_KS.csv","2026-09-15T10:48:59.000Z","""0d035e425fcdf3f42ba95ac867694887""",35186991,"35.19 mb","STANDARD","nccsdata","https://nccsdata.s3.us-east-1.amazonaws.com/unified/bmf/state_marts/csv/bmf_master_KS.csv"
"unified","unified/bmf/","unified/bmf/state_marts/csv/bmf_master_KY.csv","2026-09-15T10:49:00.000Z","""c143d66130f0fb565163da706b0b7055""",41929394,"41.93 mb","STANDARD","nccsdata","https://nccsdata.s3.us-east-1.amazonaws.com/unified/bmf/state_marts/csv/bmf_master_KY.csv"
"unified","unified/bmf/","unified/bmf/state_marts/csv/bmf_master_LA.csv","2026-09-15T10:49:01.000Z","""e413ee41058607c0a309988ff122a24c""",46640323,"46.64 mb","STANDARD","nccsdata","https://nccsdata.s3.us-east-1.amazonaws.com/unified/bmf/state_marts/csv/bmf_master_LA.csv"
"unified","unified/bmf/","unified/bmf/state_marts/csv/bmf_master_MA.csv","2026-09-15T10:49:03.000Z","""c6396397de7b5b8db6fa9b76c568e08b""",81780963,"81.78 mb","STANDARD","nccsdata","https://nccsdata.s3.us-east-1.amazonaws.com/unified/bmf/state_marts/csv/bmf_master_MA.csv"
"unified","unified/bmf/","unified/bmf/state_marts/csv/bmf_master_MD.csv","2026-09-15T10:49:05.000Z","""2198273c9e30b7fe716913c93679275f""",80160603,"80.16 mb","STANDARD","nccsdata","https://nccsdata.s3.us-east-1.amazonaws.com/unified/bmf/state_marts/csv/bmf_master_MD.csv"
"unified","unified/bmf/","unified/bmf/state_marts/csv/bmf_master_ME.csv","2026-09-15T10:49:06.000Z","""c04abfdf057a06e5ed4f5faad5bb316a""",18428006,"18.43 mb","STANDARD","nccsdata","https://nccsdata.s3.us-east-1.amazonaws.com/unified/bmf/state_marts/csv/bmf_master_ME.csv"
"unified","unified/bmf/","unified/bmf/state_marts/csv/bmf_master_MH.csv","2026-09-15T10:49:06.000Z","""9cf69d5349c2eb7ef8774b14010d6cd6""",3815,"3.8 kb","STANDARD","nccsdata","https://nccsdata.s3.us-east-1.amazonaws.com/unified/bmf/state_marts/csv/bmf_master_MH.csv"
"unified","unified/bmf/","unified/bmf/state_marts/csv/bmf_master_MI.csv","2026-09-15T10:49:06.000Z","""95098218c4462f55282a2962643a8253-2""",108377923,"108.38 mb","STANDARD","nccsdata","https://nccsdata.s3.us-east-1.amazonaws.com/unified/bmf/state_marts/csv/bmf_master_MI.csv"
"unified","unified/bmf/","unified/bmf/state_marts/csv/bmf_master_MN.csv","2026-09-15T10:49:10.000Z","""be7af60ce08224a27887f31ee608aa3c""",73320709,"73.32 mb","STANDARD","nccsdata","https://nccsdata.s3.us-east-1.amazonaws.com/unified/bmf/state_marts/csv/bmf_master_MN.csv"
"unified","unified/bmf/","unified/bmf/state_marts/csv/bmf_master_MO.csv","2026-09-15T10:49:12.000Z","""f0a3c700329e6758dbdc670ffce1e1be""",82094075,"82.09 mb","STANDARD","nccsdata","https://nccsdata.s3.us-east-1.amazonaws.com/unified/bmf/state_marts/csv/bmf_master_MO.csv"
"unified","unified/bmf/","unified/bmf/state_marts/csv/bmf_master_MP.csv","2026-09-15T10:49:13.000Z","""adc809fe6a369319882929df56c5193f""",161621,"0.16 mb","STANDARD","nccsdata","https://nccsdata.s3.us-east-1.amazonaws.com/unified/bmf/state_marts/csv/bmf_master_MP.csv"
"unified","unified/bmf/","unified/bmf/state_marts/csv/bmf_master_MS.csv","2026-09-15T10:49:13.000Z","""6565503bfecfea6464e426740df5791a""",29541478,"29.54 mb","STANDARD","nccsdata","https://nccsdata.s3.us-east-1.amazonaws.com/unified/bmf/state_marts/csv/bmf_master_MS.csv"
"unified","unified/bmf/","unified/bmf/state_marts/csv/bmf_master_MT.csv","2026-09-15T10:49:14.000Z","""dfc4285e778974eca3038f46123a0cd0""",20450230,"20.45 mb","STANDARD","nccsdata","https://nccsdata.s3.us-east-1.amazonaws.com/unified/bmf/state_marts/csv/bmf_master_MT.csv"
"unified","unified/bmf/","unified/bmf/state_marts/csv/bmf_master_NC.csv","2026-09-15T10:49:14.000Z","""083c30343046a72feb036638b0d9dd63-2""",106573452,"106.57 mb","STANDARD","nccsdata","https://nccsdata.s3.us-east-1.amazonaws.com/unified/bmf/state_marts/csv/bmf_master_NC.csv"
"unified","unified/bmf/","unified/bmf/state_marts/csv/bmf_master_ND.csv","2026-09-15T10:49:17.000Z","""7e363c268f94b1b46e6026787a457687""",12135082,"12.14 mb","STANDARD","nccsdata","https://nccsdata.s3.us-east-1.amazonaws.com/unified/bmf/state_marts/csv/bmf_master_ND.csv"
"unified","unified/bmf/","unified/bmf/state_marts/csv/bmf_master_NE.csv","2026-09-15T10:49:18.000Z","""4bf8fb2601d070edc9afd5f285a84b9c""",26325446,"26.33 mb","STANDARD","nccsdata","https://nccsdata.s3.us-east-1.amazonaws.com/unified/bmf/state_marts/csv/bmf_master_NE.csv"
"unified","unified/bmf/","unified/bmf/state_marts/csv/bmf_master_NH.csv","2026-09-15T10:49:18.000Z","""f02581e1f2a9fb9bd08a3a9d06513773""",17104598,"17.10 mb","STANDARD","nccsdata","https://nccsdata.s3.us-east-1.amazonaws.com/unified/bmf/state_marts/csv/bmf_master_NH.csv"
"unified","unified/bmf/","unified/bmf/state_marts/csv/bmf_master_NJ.csv","2026-09-15T10:49:20.000Z","""c08c43ee7f439da95595f10b433a01d0""",98226541,"98.23 mb","STANDARD","nccsdata","https://nccsdata.s3.us-east-1.amazonaws.com/unified/bmf/state_marts/csv/bmf_master_NJ.csv"
"unified","unified/bmf/","unified/bmf/state_marts/csv/bmf_master_NM.csv","2026-09-15T10:49:21.000Z","""d5d1bab8dc84759e8d6eb451c0fe8d45""",21870061,"21.87 mb","STANDARD","nccsdata","https://nccsdata.s3.us-east-1.amazonaws.com/unified/bmf/state_marts/csv/bmf_master_NM.csv"
"unified","unified/bmf/","unified/bmf/state_marts/csv/bmf_master_NV.csv","2026-09-15T10:49:22.000Z","""5469b465c34dced71a96579a699496a8""",25168497,"25.17 mb","STANDARD","nccsdata","https://nccsdata.s3.us-east-1.amazonaws.com/unified/bmf/state_marts/csv/bmf_master_NV.csv"
"unified","unified/bmf/","unified/bmf/state_marts/csv/bmf_master_NY.csv","2026-09-15T10:49:22.000Z","""8b4fcf458fd7b4ca7edff94b5d760549-3""",217156719,"217.16 mb","STANDARD","nccsdata","https://nccsdata.s3.us-east-1.amazonaws.com/unified/bmf/state_marts/csv/bmf_master_NY.csv"
"unified","unified/bmf/","unified/bmf/state_marts/csv/bmf_master_OH.csv","2026-09-15T10:49:27.000Z","""2c1697744e1d580c4e2cc7d68c13151a-2""",142453064,"142.45 mb","STANDARD","nccsdata","https://nccsdata.s3.us-east-1.amazonaws.com/unified/bmf/state_marts/csv/bmf_master_OH.csv"
"unified","unified/bmf/","unified/bmf/state_marts/csv/bmf_master_OK.csv","2026-09-15T10:49:32.000Z","""edd6f44f4e2413fc337c168819a583d6""",42501583,"42.50 mb","STANDARD","nccsdata","https://nccsdata.s3.us-east-1.amazonaws.com/unified/bmf/state_marts/csv/bmf_master_OK.csv"
"unified","unified/bmf/","unified/bmf/state_marts/csv/bmf_master_OR.csv","2026-09-15T10:49:33.000Z","""0c9eaa78c4bd1718630dfddad53358d0""",48870723,"48.87 mb","STANDARD","nccsdata","https://nccsdata.s3.us-east-1.amazonaws.com/unified/bmf/state_marts/csv/bmf_master_OR.csv"
"unified","unified/bmf/","unified/bmf/state_marts/csv/bmf_master_PA.csv","2026-09-15T10:49:33.000Z","""a2440ac2404d734afa196ba1e882325b-2""",148163626,"148.16 mb","STANDARD","nccsdata","https://nccsdata.s3.us-east-1.amazonaws.com/unified/bmf/state_marts/csv/bmf_master_PA.csv"
"unified","unified/bmf/","unified/bmf/state_marts/csv/bmf_master_PR.csv","2026-09-15T10:49:39.000Z","""5e120a9fd3bbacf85da1da3d52e311ae""",5175229,"5.18 mb","STANDARD","nccsdata","https://nccsdata.s3.us-east-1.amazonaws.com/unified/bmf/state_marts/csv/bmf_master_PR.csv"
"unified","unified/bmf/","unified/bmf/state_marts/csv/bmf_master_PW.csv","2026-09-15T10:49:39.000Z","""2eaec8e1ca220cd5517926f09dc460db""",3431,"3.4 kb","STANDARD","nccsdata","https://nccsdata.s3.us-east-1.amazonaws.com/unified/bmf/state_marts/csv/bmf_master_PW.csv"
"unified","unified/bmf/","unified/bmf/state_marts/csv/bmf_master_RI.csv","2026-09-15T10:49:39.000Z","""357078e3d100bd4ccca2ed4dc03842b5""",12871152,"12.87 mb","STANDARD","nccsdata","https://nccsdata.s3.us-east-1.amazonaws.com/unified/bmf/state_marts/csv/bmf_master_RI.csv"
"unified","unified/bmf/","unified/bmf/state_marts/csv/bmf_master_SC.csv","2026-09-15T10:49:40.000Z","""75e9690bb503643ad454789b453613de""",55087745,"55.09 mb","STANDARD","nccsdata","https://nccsdata.s3.us-east-1.amazonaws.com/unified/bmf/state_marts/csv/bmf_master_SC.csv"
"unified","unified/bmf/","unified/bmf/state_marts/csv/bmf_master_SD.csv","2026-09-15T10:49:41.000Z","""df136b914fdb4b2cc772e5b1c274299b""",13775461,"13.78 mb","STANDARD","nccsdata","https://nccsdata.s3.us-east-1.amazonaws.com/unified/bmf/state_marts/csv/bmf_master_SD.csv"
"unified","unified/bmf/","unified/bmf/state_marts/csv/bmf_master_TN.csv","2026-09-15T10:49:42.000Z","""6ae1686d1d1dd4fb8018db9d94af3b1b""",70798870,"70.80 mb","STANDARD","nccsdata","https://nccsdata.s3.us-east-1.amazonaws.com/unified/bmf/state_marts/csv/bmf_master_TN.csv"
"unified","unified/bmf/","unified/bmf/state_marts/csv/bmf_master_TX.csv","2026-09-15T10:49:43.000Z","""c1c8d8d6021734e3104a3974e54d27fb-3""",269007405,"269.01 mb","STANDARD","nccsdata","https://nccsdata.s3.us-east-1.amazonaws.com/unified/bmf/state_marts/csv/bmf_master_TX.csv"
"unified","unified/bmf/","unified/bmf/state_marts/csv/bmf_master_UT.csv","2026-09-15T10:49:50.000Z","""c0a4b32c0439594ff03989c0e51acb85""",23673656,"23.67 mb","STANDARD","nccsdata","https://nccsdata.s3.us-east-1.amazonaws.com/unified/bmf/state_marts/csv/bmf_master_UT.csv"
"unified","unified/bmf/","unified/bmf/state_marts/csv/bmf_master_VA.csv","2026-09-15T10:49:51.000Z","""e0aa0ca89eb2f87145d64b4575f63ed2""",98180329,"98.18 mb","STANDARD","nccsdata","https://nccsdata.s3.us-east-1.amazonaws.com/unified/bmf/state_marts/csv/bmf_master_VA.csv"
"unified","unified/bmf/","unified/bmf/state_marts/csv/bmf_master_VI.csv","2026-09-15T10:49:52.000Z","""c3015883c203b834a4972a56949b4006""",1068055,"1.07 mb","STANDARD","nccsdata","https://nccsdata.s3.us-east-1.amazonaws.com/unified/bmf/state_marts/csv/bmf_master_VI.csv"
"unified","unified/bmf/","unified/bmf/state_marts/csv/bmf_master_VT.csv","2026-09-15T10:49:52.000Z","""0b1de8ee5ac314117d3a2c71a1af7998""",12016279,"12.02 mb","STANDARD","nccsdata","https://nccsdata.s3.us-east-1.amazonaws.com/unified/bmf/state_marts/csv/bmf_master_VT.csv"
"unified","unified/bmf/","unified/bmf/state_marts/csv/bmf_master_WA.csv","2026-09-15T10:49:54.000Z","""8088851ca761d50fbbc2a87e78b81bd6""",80009209,"80.01 mb","STANDARD","nccsdata","https://nccsdata.s3.us-east-1.amazonaws.com/unified/bmf/state_marts/csv/bmf_master_WA.csv"
"unified","unified/bmf/","unified/bmf/state_marts/csv/bmf_master_WI.csv","2026-09-15T10:49:56.000Z","""dca6e23409fb32f8fc0efc5dc7c720f0""",71330968,"71.33 mb","STANDARD","nccsdata","https://nccsdata.s3.us-east-1.amazonaws.com/unified/bmf/state_marts/csv/bmf_master_WI.csv"
"unified","unified/bmf/","unified/bmf/state_marts/csv/bmf_master_WV.csv","2026-09-15T10:49:57.000Z","""39c4619a575ab9d9798c062898f81e59""",22957787,"22.96 mb","STANDARD","nccsdata","https://nccsdata.s3.us-east-1.amazonaws.com/unified/bmf/state_marts/csv/bmf_master_WV.csv"
"unified","unified/bmf/","unified/bmf/state_marts/csv/bmf_master_WY.csv","2026-09-15T10:49:57.000Z","""30383187fcad791c06b05383e59bd4a5""",10619817,"10.62 mb","STANDARD","nccsdata","https://nccsdata.s3.us-east-1.amazonaws.com/unified/bmf/state_marts/csv/bmf_master_WY.csv"
"unified","unified/bmf/","unified/bmf/state_marts/csv/bmf_master_ZZ.csv","2026-09-15T10:49:57.000Z","""bee59f47a4f558faac1d5745350cf6aa""",4972525,"4.97 mb","STANDARD","nccsdata","https://nccsdata.s3.us-east-1.amazonaws.com/unified/bmf/state_marts/csv/bmf_master_ZZ.csv"
"unified","unified/bmf/","unified/bmf/state_marts/parquet/state=AA/part-0.parquet","2026-09-15T10:47:53.000Z","""611c3d24f76b585485c46fbeb937ff8d""",377133,"0.38 mb","STANDARD","nccsdata","https://nccsdata.s3.us-east-1.amazonaws.com/unified/bmf/state_marts/parquet/state=AA/part-0.parquet"
"unified","unified/bmf/","unified/bmf/state_marts/parquet/state=AE/part-0.parquet","2026-09-15T10:47:53.000Z","""98e880ddfc64eab5da80bcaef6493870""",2072048,"2.07 mb","STANDARD","nccsdata","https://nccsdata.s3.us-east-1.amazonaws.com/unified/bmf/state_marts/parquet/state=AE/part-0.parquet"
"unified","unified/bmf/","unified/bmf/state_marts/parquet/state=AK/part-0.parquet","2026-09-15T10:47:53.000Z","""d43b60fc9a8668f3aa4dfa0c4beffcdd""",6255841,"6.26 mb","STANDARD","nccsdata","https://nccsdata.s3.us-east-1.amazonaws.com/unified/bmf/state_marts/parquet/state=AK/part-0.parquet"
"unified","unified/bmf/","unified/bmf/state_marts/parquet/state=AL/part-0.parquet","2026-09-15T10:47:53.000Z","""66d78e67a3ea7b7a92e9737cff596eb5""",17164365,"17.16 mb","STANDARD","nccsdata","https://nccsdata.s3.us-east-1.amazonaws.com/unified/bmf/state_marts/parquet/state=AL/part-0.parquet"
"unified","unified/bmf/","unified/bmf/state_marts/parquet/state=AP/part-0.parquet","2026-09-15T10:47:53.000Z","""245faecb7216469663a205c03c25940d""",1756025,"1.76 mb","STANDARD","nccsdata","https://nccsdata.s3.us-east-1.amazonaws.com/unified/bmf/state_marts/parquet/state=AP/part-0.parquet"
"unified","unified/bmf/","unified/bmf/state_marts/parquet/state=AR/part-0.parquet","2026-09-15T10:47:54.000Z","""4af963da48adc8b156cbc9576db36fd9""",12583187,"12.58 mb","STANDARD","nccsdata","https://nccsdata.s3.us-east-1.amazonaws.com/unified/bmf/state_marts/parquet/state=AR/part-0.parquet"
"unified","unified/bmf/","unified/bmf/state_marts/parquet/state=AS/part-0.parquet","2026-09-15T10:47:54.000Z","""23f24ec7d9361c8f8e984f7fc28627eb""",525538,"0.53 mb","STANDARD","nccsdata","https://nccsdata.s3.us-east-1.amazonaws.com/unified/bmf/state_marts/parquet/state=AS/part-0.parquet"
"unified","unified/bmf/","unified/bmf/state_marts/parquet/state=AZ/part-0.parquet","2026-09-15T10:47:54.000Z","""27838d7457ff7b970916c0d20855307c""",20049911,"20.05 mb","STANDARD","nccsdata","https://nccsdata.s3.us-east-1.amazonaws.com/unified/bmf/state_marts/parquet/state=AZ/part-0.parquet"
"unified","unified/bmf/","unified/bmf/state_marts/parquet/state=CA/part-0.parquet","2026-09-15T10:47:54.000Z","""958c3e2fb58189903ad758ef6a6ce800-2""",106575377,"106.58 mb","STANDARD","nccsdata","https://nccsdata.s3.us-east-1.amazonaws.com/unified/bmf/state_marts/parquet/state=CA/part-0.parquet"
"unified","unified/bmf/","unified/bmf/state_marts/parquet/state=CO/part-0.parquet","2026-09-15T10:47:58.000Z","""5ecfc70f615bb81af546f3726d3e5483""",22466957,"22.47 mb","STANDARD","nccsdata","https://nccsdata.s3.us-east-1.amazonaws.com/unified/bmf/state_marts/parquet/state=CO/part-0.parquet"
"unified","unified/bmf/","unified/bmf/state_marts/parquet/state=CT/part-0.parquet","2026-09-15T10:47:58.000Z","""20fc9d2dc58c12af948902c666b1ca36""",15486568,"15.49 mb","STANDARD","nccsdata","https://nccsdata.s3.us-east-1.amazonaws.com/unified/bmf/state_marts/parquet/state=CT/part-0.parquet"
"unified","unified/bmf/","unified/bmf/state_marts/parquet/state=DC/part-0.parquet","2026-09-15T10:47:58.000Z","""884ed633ae64f29d02ffc88ed762f98c""",11372928,"11.37 mb","STANDARD","nccsdata","https://nccsdata.s3.us-east-1.amazonaws.com/unified/bmf/state_marts/parquet/state=DC/part-0.parquet"
"unified","unified/bmf/","unified/bmf/state_marts/parquet/state=DE/part-0.parquet","2026-09-15T10:47:59.000Z","""bb46e5889616a114949afd4257ec703c""",7830269,"7.83 mb","STANDARD","nccsdata","https://nccsdata.s3.us-east-1.amazonaws.com/unified/bmf/state_marts/parquet/state=DE/part-0.parquet"
"unified","unified/bmf/","unified/bmf/state_marts/parquet/state=FL/part-0.parquet","2026-09-15T10:48:00.000Z","""55229088cbffab379aab924e01aee795""",60835707,"60.84 mb","STANDARD","nccsdata","https://nccsdata.s3.us-east-1.amazonaws.com/unified/bmf/state_marts/parquet/state=FL/part-0.parquet"
"unified","unified/bmf/","unified/bmf/state_marts/parquet/state=FM/part-0.parquet","2026-09-15T10:48:00.000Z","""d934d9414970cf8f9eb319c48aa7f875""",89121,"89.1 kb","STANDARD","nccsdata","https://nccsdata.s3.us-east-1.amazonaws.com/unified/bmf/state_marts/parquet/state=FM/part-0.parquet"
"unified","unified/bmf/","unified/bmf/state_marts/parquet/state=GA/part-0.parquet","2026-09-15T10:48:01.000Z","""de0340df37166bc2baef4485a36ae3ca""",34592279,"34.59 mb","STANDARD","nccsdata","https://nccsdata.s3.us-east-1.amazonaws.com/unified/bmf/state_marts/parquet/state=GA/part-0.parquet"
"unified","unified/bmf/","unified/bmf/state_marts/parquet/state=GU/part-0.parquet","2026-09-15T10:48:01.000Z","""fe4a618a16a5ed5fda6e475ac49ee7bf""",808227,"0.81 mb","STANDARD","nccsdata","https://nccsdata.s3.us-east-1.amazonaws.com/unified/bmf/state_marts/parquet/state=GU/part-0.parquet"
"unified","unified/bmf/","unified/bmf/state_marts/parquet/state=HI/part-0.parquet","2026-09-15T10:48:01.000Z","""caf1a53256ce06fd013eb3e7ed48376c""",8215605,"8.22 mb","STANDARD","nccsdata","https://nccsdata.s3.us-east-1.amazonaws.com/unified/bmf/state_marts/parquet/state=HI/part-0.parquet"
"unified","unified/bmf/","unified/bmf/state_marts/parquet/state=IA/part-0.parquet","2026-09-15T10:48:02.000Z","""75efa13586f53bdb5e69089d01136b94""",16423795,"16.42 mb","STANDARD","nccsdata","https://nccsdata.s3.us-east-1.amazonaws.com/unified/bmf/state_marts/parquet/state=IA/part-0.parquet"
"unified","unified/bmf/","unified/bmf/state_marts/parquet/state=ID/part-0.parquet","2026-09-15T10:48:02.000Z","""7f45f8a0c817558b7419eb3277413b73""",8957388,"8.96 mb","STANDARD","nccsdata","https://nccsdata.s3.us-east-1.amazonaws.com/unified/bmf/state_marts/parquet/state=ID/part-0.parquet"
"unified","unified/bmf/","unified/bmf/state_marts/parquet/state=IL/part-0.parquet","2026-09-15T10:48:03.000Z","""983589c39955f0d3fbb977236e12ac5f""",42595955,"42.60 mb","STANDARD","nccsdata","https://nccsdata.s3.us-east-1.amazonaws.com/unified/bmf/state_marts/parquet/state=IL/part-0.parquet"
"unified","unified/bmf/","unified/bmf/state_marts/parquet/state=IN/part-0.parquet","2026-09-15T10:48:04.000Z","""5cac869d3e683e2814cca916b509eac4""",25550453,"25.55 mb","STANDARD","nccsdata","https://nccsdata.s3.us-east-1.amazonaws.com/unified/bmf/state_marts/parquet/state=IN/part-0.parquet"
"unified","unified/bmf/","unified/bmf/state_marts/parquet/state=KS/part-0.parquet","2026-09-15T10:48:04.000Z","""cb34f656061e8d8ee6bb79b3aae319c5""",13329541,"13.33 mb","STANDARD","nccsdata","https://nccsdata.s3.us-east-1.amazonaws.com/unified/bmf/state_marts/parquet/state=KS/part-0.parquet"
"unified","unified/bmf/","unified/bmf/state_marts/parquet/state=KY/part-0.parquet","2026-09-15T10:48:05.000Z","""21cc185e4d8d6f2941106fbb422b22dc""",15497756,"15.50 mb","STANDARD","nccsdata","https://nccsdata.s3.us-east-1.amazonaws.com/unified/bmf/state_marts/parquet/state=KY/part-0.parquet"
"unified","unified/bmf/","unified/bmf/state_marts/parquet/state=LA/part-0.parquet","2026-09-15T10:48:05.000Z","""ce0feaba9c1d0281b71ca1ff8f6377ae""",16667085,"16.67 mb","STANDARD","nccsdata","https://nccsdata.s3.us-east-1.amazonaws.com/unified/bmf/state_marts/parquet/state=LA/part-0.parquet"
"unified","unified/bmf/","unified/bmf/state_marts/parquet/state=MA/part-0.parquet","2026-09-15T10:48:06.000Z","""19c612dfc02477de1b619d6d89ebae9e""",26471335,"26.47 mb","STANDARD","nccsdata","https://nccsdata.s3.us-east-1.amazonaws.com/unified/bmf/state_marts/parquet/state=MA/part-0.parquet"
"unified","unified/bmf/","unified/bmf/state_marts/parquet/state=MD/part-0.parquet","2026-09-15T10:48:06.000Z","""c47b3771fdbec39b636f806f09ef160a""",25927228,"25.93 mb","STANDARD","nccsdata","https://nccsdata.s3.us-east-1.amazonaws.com/unified/bmf/state_marts/parquet/state=MD/part-0.parquet"
"unified","unified/bmf/","unified/bmf/state_marts/parquet/state=ME/part-0.parquet","2026-09-15T10:48:07.000Z","""93719794de43f060c7e5fe43e5452b35""",8748313,"8.75 mb","STANDARD","nccsdata","https://nccsdata.s3.us-east-1.amazonaws.com/unified/bmf/state_marts/parquet/state=ME/part-0.parquet"
"unified","unified/bmf/","unified/bmf/state_marts/parquet/state=MH/part-0.parquet","2026-09-15T10:48:07.000Z","""b37bf78261e87388763ac1b845b3cd65""",42842,"42.8 kb","STANDARD","nccsdata","https://nccsdata.s3.us-east-1.amazonaws.com/unified/bmf/state_marts/parquet/state=MH/part-0.parquet"
"unified","unified/bmf/","unified/bmf/state_marts/parquet/state=MI/part-0.parquet","2026-09-15T10:48:07.000Z","""6d3326cbbeb697fd5e8d443881a6bf15""",33401885,"33.40 mb","STANDARD","nccsdata","https://nccsdata.s3.us-east-1.amazonaws.com/unified/bmf/state_marts/parquet/state=MI/part-0.parquet"
"unified","unified/bmf/","unified/bmf/state_marts/parquet/state=MN/part-0.parquet","2026-09-15T10:48:08.000Z","""edfd781e56f5c1e529cd779c7745fc39""",23640063,"23.64 mb","STANDARD","nccsdata","https://nccsdata.s3.us-east-1.amazonaws.com/unified/bmf/state_marts/parquet/state=MN/part-0.parquet"
"unified","unified/bmf/","unified/bmf/state_marts/parquet/state=MO/part-0.parquet","2026-09-15T10:48:09.000Z","""3ebe8785f25c7c312554415f973eafbf""",25625230,"25.63 mb","STANDARD","nccsdata","https://nccsdata.s3.us-east-1.amazonaws.com/unified/bmf/state_marts/parquet/state=MO/part-0.parquet"
"unified","unified/bmf/","unified/bmf/state_marts/parquet/state=MP/part-0.parquet","2026-09-15T10:48:09.000Z","""592665ade3648fc6bf0bab54e2b8295b""",342579,"0.34 mb","STANDARD","nccsdata","https://nccsdata.s3.us-east-1.amazonaws.com/unified/bmf/state_marts/parquet/state=MP/part-0.parquet"
"unified","unified/bmf/","unified/bmf/state_marts/parquet/state=MS/part-0.parquet","2026-09-15T10:48:09.000Z","""7e1587b84c14016662aec8036aeacd69""",11583295,"11.58 mb","STANDARD","nccsdata","https://nccsdata.s3.us-east-1.amazonaws.com/unified/bmf/state_marts/parquet/state=MS/part-0.parquet"
"unified","unified/bmf/","unified/bmf/state_marts/parquet/state=MT/part-0.parquet","2026-09-15T10:48:09.000Z","""ec7e7ada5a735d884a8fdef1aeae325e""",8980738,"8.98 mb","STANDARD","nccsdata","https://nccsdata.s3.us-east-1.amazonaws.com/unified/bmf/state_marts/parquet/state=MT/part-0.parquet"
"unified","unified/bmf/","unified/bmf/state_marts/parquet/state=NC/part-0.parquet","2026-09-15T10:48:10.000Z","""d4299758a0032472148ebaa97ac01093""",32954876,"32.95 mb","STANDARD","nccsdata","https://nccsdata.s3.us-east-1.amazonaws.com/unified/bmf/state_marts/parquet/state=NC/part-0.parquet"
"unified","unified/bmf/","unified/bmf/state_marts/parquet/state=ND/part-0.parquet","2026-09-15T10:48:10.000Z","""881477262a077700a28cb0f363e0c48b""",6566009,"6.57 mb","STANDARD","nccsdata","https://nccsdata.s3.us-east-1.amazonaws.com/unified/bmf/state_marts/parquet/state=ND/part-0.parquet"
"unified","unified/bmf/","unified/bmf/state_marts/parquet/state=NE/part-0.parquet","2026-09-15T10:48:11.000Z","""319a497689663f2ed95e728a7b754839""",10613545,"10.61 mb","STANDARD","nccsdata","https://nccsdata.s3.us-east-1.amazonaws.com/unified/bmf/state_marts/parquet/state=NE/part-0.parquet"
"unified","unified/bmf/","unified/bmf/state_marts/parquet/state=NH/part-0.parquet","2026-09-15T10:48:11.000Z","""a6603dea7bb018a6a5885f02802004d5""",8327766,"8.33 mb","STANDARD","nccsdata","https://nccsdata.s3.us-east-1.amazonaws.com/unified/bmf/state_marts/parquet/state=NH/part-0.parquet"
"unified","unified/bmf/","unified/bmf/state_marts/parquet/state=NJ/part-0.parquet","2026-09-15T10:48:12.000Z","""0d6a65d5fc7d4520674c369bcaad46f6""",30908183,"30.91 mb","STANDARD","nccsdata","https://nccsdata.s3.us-east-1.amazonaws.com/unified/bmf/state_marts/parquet/state=NJ/part-0.parquet"
"unified","unified/bmf/","unified/bmf/state_marts/parquet/state=NM/part-0.parquet","2026-09-15T10:48:12.000Z","""82ac26ac3b4530c30e7758c593ff7fd0""",9773692,"9.77 mb","STANDARD","nccsdata","https://nccsdata.s3.us-east-1.amazonaws.com/unified/bmf/state_marts/parquet/state=NM/part-0.parquet"
"unified","unified/bmf/","unified/bmf/state_marts/parquet/state=NV/part-0.parquet","2026-09-15T10:48:12.000Z","""c931158f340ed854ee53a9af5e96ecca""",10728975,"10.73 mb","STANDARD","nccsdata","https://nccsdata.s3.us-east-1.amazonaws.com/unified/bmf/state_marts/parquet/state=NV/part-0.parquet"
"unified","unified/bmf/","unified/bmf/state_marts/parquet/state=NY/part-0.parquet","2026-09-15T10:48:13.000Z","""665fdd340fc1fc211562f518d4b6dc30""",62641035,"62.64 mb","STANDARD","nccsdata","https://nccsdata.s3.us-east-1.amazonaws.com/unified/bmf/state_marts/parquet/state=NY/part-0.parquet"
"unified","unified/bmf/","unified/bmf/state_marts/parquet/state=OH/part-0.parquet","2026-09-15T10:48:15.000Z","""b2dd8657041374a36f78bf0903b3d063""",42027550,"42.03 mb","STANDARD","nccsdata","https://nccsdata.s3.us-east-1.amazonaws.com/unified/bmf/state_marts/parquet/state=OH/part-0.parquet"
"unified","unified/bmf/","unified/bmf/state_marts/parquet/state=OK/part-0.parquet","2026-09-15T10:48:15.000Z","""e599cb73d527d53fc255bad747b35ff4""",15152773,"15.15 mb","STANDARD","nccsdata","https://nccsdata.s3.us-east-1.amazonaws.com/unified/bmf/state_marts/parquet/state=OK/part-0.parquet"
"unified","unified/bmf/","unified/bmf/state_marts/parquet/state=OR/part-0.parquet","2026-09-15T10:48:16.000Z","""31f100ebbda98e893c52028ba8703c78""",17320585,"17.32 mb","STANDARD","nccsdata","https://nccsdata.s3.us-east-1.amazonaws.com/unified/bmf/state_marts/parquet/state=OR/part-0.parquet"
"unified","unified/bmf/","unified/bmf/state_marts/parquet/state=PA/part-0.parquet","2026-09-15T10:48:17.000Z","""3eda0a1ca494f2a55f574bead50881d5""",43438052,"43.44 mb","STANDARD","nccsdata","https://nccsdata.s3.us-east-1.amazonaws.com/unified/bmf/state_marts/parquet/state=PA/part-0.parquet"
"unified","unified/bmf/","unified/bmf/state_marts/parquet/state=PR/part-0.parquet","2026-09-15T10:48:17.000Z","""faf3c33f87f2cfa6dad6c5783ed63dc0""",3696709,"3.70 mb","STANDARD","nccsdata","https://nccsdata.s3.us-east-1.amazonaws.com/unified/bmf/state_marts/parquet/state=PR/part-0.parquet"
"unified","unified/bmf/","unified/bmf/state_marts/parquet/state=PW/part-0.parquet","2026-09-15T10:48:17.000Z","""ebe732bc20a4f5a641dc0ace5cd1a7cd""",63006,"63.0 kb","STANDARD","nccsdata","https://nccsdata.s3.us-east-1.amazonaws.com/unified/bmf/state_marts/parquet/state=PW/part-0.parquet"
"unified","unified/bmf/","unified/bmf/state_marts/parquet/state=RI/part-0.parquet","2026-09-15T10:48:17.000Z","""67bfd0628733c4b371591a34b3f9e45d""",7039615,"7.04 mb","STANDARD","nccsdata","https://nccsdata.s3.us-east-1.amazonaws.com/unified/bmf/state_marts/parquet/state=RI/part-0.parquet"
"unified","unified/bmf/","unified/bmf/state_marts/parquet/state=SC/part-0.parquet","2026-09-15T10:48:18.000Z","""1f3ef918d6babc592de440653e66b533""",17936694,"17.94 mb","STANDARD","nccsdata","https://nccsdata.s3.us-east-1.amazonaws.com/unified/bmf/state_marts/parquet/state=SC/part-0.parquet"
"unified","unified/bmf/","unified/bmf/state_marts/parquet/state=SD/part-0.parquet","2026-09-15T10:48:18.000Z","""dd80f1544653f205b05ee4d2015a812b""",7197798,"7.20 mb","STANDARD","nccsdata","https://nccsdata.s3.us-east-1.amazonaws.com/unified/bmf/state_marts/parquet/state=SD/part-0.parquet"
"unified","unified/bmf/","unified/bmf/state_marts/parquet/state=TN/part-0.parquet","2026-09-15T10:48:19.000Z","""a9b2269e3653d24e6583c6666d2c22f2""",22461240,"22.46 mb","STANDARD","nccsdata","https://nccsdata.s3.us-east-1.amazonaws.com/unified/bmf/state_marts/parquet/state=TN/part-0.parquet"
"unified","unified/bmf/","unified/bmf/state_marts/parquet/state=TX/part-0.parquet","2026-09-15T10:48:20.000Z","""e2b0cddd766a899eb0045ea5417f1d0c""",76408415,"76.41 mb","STANDARD","nccsdata","https://nccsdata.s3.us-east-1.amazonaws.com/unified/bmf/state_marts/parquet/state=TX/part-0.parquet"
"unified","unified/bmf/","unified/bmf/state_marts/parquet/state=UT/part-0.parquet","2026-09-15T10:48:21.000Z","""48e273fea1216b8c5e281476d1b4c667""",10302708,"10.30 mb","STANDARD","nccsdata","https://nccsdata.s3.us-east-1.amazonaws.com/unified/bmf/state_marts/parquet/state=UT/part-0.parquet"
"unified","unified/bmf/","unified/bmf/state_marts/parquet/state=VA/part-0.parquet","2026-09-15T10:48:21.000Z","""2a1f8dce870c4ff1672bfd8acaceb39b""",31050420,"31.05 mb","STANDARD","nccsdata","https://nccsdata.s3.us-east-1.amazonaws.com/unified/bmf/state_marts/parquet/state=VA/part-0.parquet"
"unified","unified/bmf/","unified/bmf/state_marts/parquet/state=VI/part-0.parquet","2026-09-15T10:48:22.000Z","""9ba2ac2dc15dc52f3afa94520a0a0ce3""",1810408,"1.81 mb","STANDARD","nccsdata","https://nccsdata.s3.us-east-1.amazonaws.com/unified/bmf/state_marts/parquet/state=VI/part-0.parquet"
"unified","unified/bmf/","unified/bmf/state_marts/parquet/state=VT/part-0.parquet","2026-09-15T10:48:22.000Z","""b61da95b29085dd2a19723839507a560""",6843588,"6.84 mb","STANDARD","nccsdata","https://nccsdata.s3.us-east-1.amazonaws.com/unified/bmf/state_marts/parquet/state=VT/part-0.parquet"
"unified","unified/bmf/","unified/bmf/state_marts/parquet/state=WA/part-0.parquet","2026-09-15T10:48:22.000Z","""4678d5170c7c4f3fdd502e6d3c44ee11""",25728661,"25.73 mb","STANDARD","nccsdata","https://nccsdata.s3.us-east-1.amazonaws.com/unified/bmf/state_marts/parquet/state=WA/part-0.parquet"
"unified","unified/bmf/","unified/bmf/state_marts/parquet/state=WI/part-0.parquet","2026-09-15T10:48:23.000Z","""254fd9844818de68e9c94ab68d67ec59""",23074678,"23.07 mb","STANDARD","nccsdata","https://nccsdata.s3.us-east-1.amazonaws.com/unified/bmf/state_marts/parquet/state=WI/part-0.parquet"
"unified","unified/bmf/","unified/bmf/state_marts/parquet/state=WV/part-0.parquet","2026-09-15T10:48:23.000Z","""9ac64185efd18735941957c5ca611005""",9940118,"9.94 mb","STANDARD","nccsdata","https://nccsdata.s3.us-east-1.amazonaws.com/unified/bmf/state_marts/parquet/state=WV/part-0.parquet"
"unified","unified/bmf/","unified/bmf/state_marts/parquet/state=WY/part-0.parquet","2026-09-15T10:48:24.000Z","""483076d1ff2e3cdafdb0097f28aa3858""",6240197,"6.24 mb","STANDARD","nccsdata","https://nccsdata.s3.us-east-1.amazonaws.com/unified/bmf/state_marts/parquet/state=WY/part-0.parquet"
"unified","unified/bmf/","unified/bmf/state_marts/parquet/state=ZZ/part-0.parquet","2026-09-15T10:48:24.000Z","""ddb1f839c9afff0c6414cf07f7ff2639""",4487320,"4.49 mb","STANDARD","nccsdata","https://nccsdata.s3.us-east-1.amazonaws.com/unified/bmf/state_marts/parquet/state=ZZ/part-0.parquet"
"unified","unified/bmf/","unified/bmf/v2026_07/_manifest.json","2026-07-26T11:49:31.000Z","""c5f545d7e4312b8be052e5721500d285""",6257,"6.3 kb","STANDARD","nccsdata","https://nccsdata.s3.us-east-1.amazonaws.com/unified/bmf/v2026_07/_manifest.json"
"unified","unified/bmf/","unified/bmf/v2026_07/bmf_unified.parquet","2026-07-26T11:49:27.000Z","""2fb1e196f87e2e3f1c764348242e5a65-62""",512507238,"512.51 mb","STANDARD","nccsdata","https://nccsdata.s3.us-east-1.amazonaws.com/unified/bmf/v2026_07/bmf_unified.parquet"
"unified","unified/bmf/","unified/bmf/v2026_07/bmf_unified_data_dictionary.csv","2026-07-26T11:49:30.000Z","""00f87da5cf3a8f7b47cd6627f3fdc95a""",9167,"9.2 kb","STANDARD","nccsdata","https://nccsdata.s3.us-east-1.amazonaws.com/unified/bmf/v2026_07/bmf_unified_data_dictionary.csv"
"unified","unified/bmf/","unified/bmf/v2026_07/bmf_unified_quality_report.json","2026-07-26T11:49:30.000Z","""ed77dea90328628251f8c8be4e55f0c2""",26149,"26.1 kb","STANDARD","nccsdata","https://nccsdata.s3.us-east-1.amazonaws.com/unified/bmf/v2026_07/bmf_unified_quality_report.json"
"master","master/bmf/","master/bmf/archive/unified-v1.2/README.md","2026-06-24T13:50:17.000Z","""a21be557b07e54261f917e317758f73a""",1239,"1.2 kb","STANDARD","nccsdata","https://nccsdata.s3.us-east-1.amazonaws.com/master/bmf/archive/unified-v1.2/README.md"
"master","master/bmf/","master/bmf/archive/unified-v1.2/UNIFIED_BMF_V1.2.csv","2026-06-24T13:50:08.000Z","""3bd4991825c3bc45ecb4aac8687f5514-168""",1409282103,"1409.28 mb","STANDARD","nccsdata","https://nccsdata.s3.us-east-1.amazonaws.com/master/bmf/archive/unified-v1.2/UNIFIED_BMF_V1.2.csv"
"master","master/bmf/","master/bmf/bmf_master.csv","2026-06-17T17:11:35.000Z","""3916c4b81cb37e960b4ab855f8e3f3ae-29""",2862740844,"2862.74 mb","STANDARD","nccsdata","https://nccsdata.s3.us-east-1.amazonaws.com/master/bmf/bmf_master.csv"
"master","master/bmf/","master/bmf/bmf_master.parquet","2026-06-17T17:11:24.000Z","""104bb4cf5728859354b72db2db9f388d-5""",454680970,"454.68 mb","STANDARD","nccsdata","https://nccsdata.s3.us-east-1.amazonaws.com/master/bmf/bmf_master.parquet"
"master","master/bmf/","master/bmf/bmf_master_data_dictionary.csv","2026-06-17T17:12:44.000Z","""2bd0984205c15262a46f2ef8dc9666da""",8716,"8.7 kb","STANDARD","nccsdata","https://nccsdata.s3.us-east-1.amazonaws.com/master/bmf/bmf_master_data_dictionary.csv"
"master","master/bmf/","master/bmf/bmf_master_quality_report.html","2026-07-01T19:43:42.000Z","""2359c99f5843ab3749040b5405cdec68""",1891928,"1.89 mb","STANDARD","nccsdata","https://nccsdata.s3.us-east-1.amazonaws.com/master/bmf/bmf_master_quality_report.html"
"master","master/bmf/","master/bmf/bmf_master_quality_report.json","2026-06-17T17:12:44.000Z","""eca584eecae56cc4669ae1774452f6f2""",18693,"18.7 kb","STANDARD","nccsdata","https://nccsdata.s3.us-east-1.amazonaws.com/master/bmf/bmf_master_quality_report.json"
"master","master/bmf/","master/bmf/state_marts/csv/bmf_master_AA.csv","2026-09-15T10:50:28.000Z","""70375934e35f840242907316ae36636f""",18291,"18.3 kb","STANDARD","nccsdata","https://nccsdata.s3.us-east-1.amazonaws.com/master/bmf/state_marts/csv/bmf_master_AA.csv"
"master","master/bmf/","master/bmf/state_marts/csv/bmf_master_AE.csv","2026-09-15T10:50:29.000Z","""c2cbe3316753f9eb56c3d0d14abadd26""",316391,"0.32 mb","STANDARD","nccsdata","https://nccsdata.s3.us-east-1.amazonaws.com/master/bmf/state_marts/csv/bmf_master_AE.csv"
"master","master/bmf/","master/bmf/state_marts/csv/bmf_master_AK.csv","2026-09-15T10:50:29.000Z","""d3261ab96a11c0e25f3eebba00471c1c""",10549016,"10.55 mb","STANDARD","nccsdata","https://nccsdata.s3.us-east-1.amazonaws.com/master/bmf/state_marts/csv/bmf_master_AK.csv"
"master","master/bmf/","master/bmf/state_marts/csv/bmf_master_AL.csv","2026-09-15T10:50:30.000Z","""34ed0f03c047e52affda1e856006f25b""",48587263,"48.59 mb","STANDARD","nccsdata","https://nccsdata.s3.us-east-1.amazonaws.com/master/bmf/state_marts/csv/bmf_master_AL.csv"
"master","master/bmf/","master/bmf/state_marts/csv/bmf_master_AP.csv","2026-09-15T10:50:30.000Z","""089cad60e8eff86516123c6a4f133622""",232029,"0.23 mb","STANDARD","nccsdata","https://nccsdata.s3.us-east-1.amazonaws.com/master/bmf/state_marts/csv/bmf_master_AP.csv"
"master","master/bmf/","master/bmf/state_marts/csv/bmf_master_AR.csv","2026-09-15T10:50:31.000Z","""51778cf59ad1e16ac364cabbdcda13c7""",31386726,"31.39 mb","STANDARD","nccsdata","https://nccsdata.s3.us-east-1.amazonaws.com/master/bmf/state_marts/csv/bmf_master_AR.csv"
"master","master/bmf/","master/bmf/state_marts/csv/bmf_master_AS.csv","2026-09-15T10:50:31.000Z","""5d0a7560f7eb6b193051836fe0de21ec""",154811,"0.15 mb","STANDARD","nccsdata","https://nccsdata.s3.us-east-1.amazonaws.com/master/bmf/state_marts/csv/bmf_master_AS.csv"
"master","master/bmf/","master/bmf/state_marts/csv/bmf_master_AZ.csv","2026-09-15T10:50:32.000Z","""33bf8826b9d1fc3e7b2a1cca80cb05c8""",57425945,"57.43 mb","STANDARD","nccsdata","https://nccsdata.s3.us-east-1.amazonaws.com/master/bmf/state_marts/csv/bmf_master_AZ.csv"
"master","master/bmf/","master/bmf/state_marts/csv/bmf_master_CA.csv","2026-09-15T10:50:32.000Z","""c712a5dfab935ec0ff3d80f01eda5882-4""",381352644,"381.35 mb","STANDARD","nccsdata","https://nccsdata.s3.us-east-1.amazonaws.com/master/bmf/state_marts/csv/bmf_master_CA.csv"
"master","master/bmf/","master/bmf/state_marts/csv/bmf_master_CO.csv","2026-09-15T10:50:43.000Z","""47479c30b3db0ea92d4b4444285e247a""",67644092,"67.64 mb","STANDARD","nccsdata","https://nccsdata.s3.us-east-1.amazonaws.com/master/bmf/state_marts/csv/bmf_master_CO.csv"
"master","master/bmf/","master/bmf/state_marts/csv/bmf_master_CT.csv","2026-09-15T10:50:44.000Z","""c188513ec57dded614e33ad6c04d4e68""",43209531,"43.21 mb","STANDARD","nccsdata","https://nccsdata.s3.us-east-1.amazonaws.com/master/bmf/state_marts/csv/bmf_master_CT.csv"
"master","master/bmf/","master/bmf/state_marts/csv/bmf_master_DC.csv","2026-09-15T10:50:45.000Z","""5bdf0ccdab2843127510eb14cac0bab1""",33620674,"33.62 mb","STANDARD","nccsdata","https://nccsdata.s3.us-east-1.amazonaws.com/master/bmf/state_marts/csv/bmf_master_DC.csv"
"master","master/bmf/","master/bmf/state_marts/csv/bmf_master_DE.csv","2026-09-15T10:50:45.000Z","""0da2fea6a2dd90b0fbd0506c729b6aae""",17124394,"17.12 mb","STANDARD","nccsdata","https://nccsdata.s3.us-east-1.amazonaws.com/master/bmf/state_marts/csv/bmf_master_DE.csv"
"master","master/bmf/","master/bmf/state_marts/csv/bmf_master_FL.csv","2026-09-15T10:50:46.000Z","""0f526e5a819c33cbcf91f61d1d114081-3""",206799762,"206.80 mb","STANDARD","nccsdata","https://nccsdata.s3.us-east-1.amazonaws.com/master/bmf/state_marts/csv/bmf_master_FL.csv"
"master","master/bmf/","master/bmf/state_marts/csv/bmf_master_FM.csv","2026-09-15T10:50:52.000Z","""89555d368b4079cb5ab2b837e4328873""",6660,"6.7 kb","STANDARD","nccsdata","https://nccsdata.s3.us-east-1.amazonaws.com/master/bmf/state_marts/csv/bmf_master_FM.csv"
"master","master/bmf/","master/bmf/state_marts/csv/bmf_master_GA.csv","2026-09-15T10:50:52.000Z","""e5a0b237b3579aa628285b6da937833d-2""",111329095,"111.33 mb","STANDARD","nccsdata","https://nccsdata.s3.us-east-1.amazonaws.com/master/bmf/state_marts/csv/bmf_master_GA.csv"
"master","master/bmf/","master/bmf/state_marts/csv/bmf_master_GU.csv","2026-09-15T10:50:55.000Z","""63877b20e29d0b14db896cf763eab67b""",292209,"0.29 mb","STANDARD","nccsdata","https://nccsdata.s3.us-east-1.amazonaws.com/master/bmf/state_marts/csv/bmf_master_GU.csv"
"master","master/bmf/","master/bmf/state_marts/csv/bmf_master_HI.csv","2026-09-15T10:50:55.000Z","""2bc2bdba9a9d7755f1966c8fb1ddee72""",17114809,"17.11 mb","STANDARD","nccsdata","https://nccsdata.s3.us-east-1.amazonaws.com/master/bmf/state_marts/csv/bmf_master_HI.csv"
"master","master/bmf/","master/bmf/state_marts/csv/bmf_master_IA.csv","2026-09-15T10:50:56.000Z","""2ec687adea59eadd1325789142a74b9f""",53273813,"53.27 mb","STANDARD","nccsdata","https://nccsdata.s3.us-east-1.amazonaws.com/master/bmf/state_marts/csv/bmf_master_IA.csv"
"master","master/bmf/","master/bmf/state_marts/csv/bmf_master_ID.csv","2026-09-15T10:50:57.000Z","""e41a615db57eca6e03733cb298a134ca""",19118126,"19.12 mb","STANDARD","nccsdata","https://nccsdata.s3.us-east-1.amazonaws.com/master/bmf/state_marts/csv/bmf_master_ID.csv"
"master","master/bmf/","master/bmf/state_marts/csv/bmf_master_IL.csv","2026-09-15T10:50:57.000Z","""34abac1f502589e6531423e8ec8ddc49-2""",147356933,"147.36 mb","STANDARD","nccsdata","https://nccsdata.s3.us-east-1.amazonaws.com/master/bmf/state_marts/csv/bmf_master_IL.csv"
"master","master/bmf/","master/bmf/state_marts/csv/bmf_master_IN.csv","2026-09-15T10:51:02.000Z","""4ae9c7e597bbb3b763c7c62156c60505""",81095150,"81.10 mb","STANDARD","nccsdata","https://nccsdata.s3.us-east-1.amazonaws.com/master/bmf/state_marts/csv/bmf_master_IN.csv"
"master","master/bmf/","master/bmf/state_marts/csv/bmf_master_KS.csv","2026-09-15T10:51:04.000Z","""0d035e425fcdf3f42ba95ac867694887""",35186991,"35.19 mb","STANDARD","nccsdata","https://nccsdata.s3.us-east-1.amazonaws.com/master/bmf/state_marts/csv/bmf_master_KS.csv"
"master","master/bmf/","master/bmf/state_marts/csv/bmf_master_KY.csv","2026-09-15T10:51:05.000Z","""c143d66130f0fb565163da706b0b7055""",41929394,"41.93 mb","STANDARD","nccsdata","https://nccsdata.s3.us-east-1.amazonaws.com/master/bmf/state_marts/csv/bmf_master_KY.csv"
"master","master/bmf/","master/bmf/state_marts/csv/bmf_master_LA.csv","2026-09-15T10:51:06.000Z","""e413ee41058607c0a309988ff122a24c""",46640323,"46.64 mb","STANDARD","nccsdata","https://nccsdata.s3.us-east-1.amazonaws.com/master/bmf/state_marts/csv/bmf_master_LA.csv"
"master","master/bmf/","master/bmf/state_marts/csv/bmf_master_MA.csv","2026-09-15T10:51:07.000Z","""c6396397de7b5b8db6fa9b76c568e08b""",81780963,"81.78 mb","STANDARD","nccsdata","https://nccsdata.s3.us-east-1.amazonaws.com/master/bmf/state_marts/csv/bmf_master_MA.csv"
"master","master/bmf/","master/bmf/state_marts/csv/bmf_master_MD.csv","2026-09-15T10:51:09.000Z","""2198273c9e30b7fe716913c93679275f""",80160603,"80.16 mb","STANDARD","nccsdata","https://nccsdata.s3.us-east-1.amazonaws.com/master/bmf/state_marts/csv/bmf_master_MD.csv"
"master","master/bmf/","master/bmf/state_marts/csv/bmf_master_ME.csv","2026-09-15T10:51:10.000Z","""c04abfdf057a06e5ed4f5faad5bb316a""",18428006,"18.43 mb","STANDARD","nccsdata","https://nccsdata.s3.us-east-1.amazonaws.com/master/bmf/state_marts/csv/bmf_master_ME.csv"
"master","master/bmf/","master/bmf/state_marts/csv/bmf_master_MH.csv","2026-09-15T10:51:10.000Z","""9cf69d5349c2eb7ef8774b14010d6cd6""",3815,"3.8 kb","STANDARD","nccsdata","https://nccsdata.s3.us-east-1.amazonaws.com/master/bmf/state_marts/csv/bmf_master_MH.csv"
"master","master/bmf/","master/bmf/state_marts/csv/bmf_master_MI.csv","2026-09-15T10:51:10.000Z","""95098218c4462f55282a2962643a8253-2""",108377923,"108.38 mb","STANDARD","nccsdata","https://nccsdata.s3.us-east-1.amazonaws.com/master/bmf/state_marts/csv/bmf_master_MI.csv"
"master","master/bmf/","master/bmf/state_marts/csv/bmf_master_MN.csv","2026-09-15T10:51:14.000Z","""be7af60ce08224a27887f31ee608aa3c""",73320709,"73.32 mb","STANDARD","nccsdata","https://nccsdata.s3.us-east-1.amazonaws.com/master/bmf/state_marts/csv/bmf_master_MN.csv"
"master","master/bmf/","master/bmf/state_marts/csv/bmf_master_MO.csv","2026-09-15T10:51:16.000Z","""f0a3c700329e6758dbdc670ffce1e1be""",82094075,"82.09 mb","STANDARD","nccsdata","https://nccsdata.s3.us-east-1.amazonaws.com/master/bmf/state_marts/csv/bmf_master_MO.csv"
"master","master/bmf/","master/bmf/state_marts/csv/bmf_master_MP.csv","2026-09-15T10:51:17.000Z","""adc809fe6a369319882929df56c5193f""",161621,"0.16 mb","STANDARD","nccsdata","https://nccsdata.s3.us-east-1.amazonaws.com/master/bmf/state_marts/csv/bmf_master_MP.csv"
"master","master/bmf/","master/bmf/state_marts/csv/bmf_master_MS.csv","2026-09-15T10:51:17.000Z","""6565503bfecfea6464e426740df5791a""",29541478,"29.54 mb","STANDARD","nccsdata","https://nccsdata.s3.us-east-1.amazonaws.com/master/bmf/state_marts/csv/bmf_master_MS.csv"
"master","master/bmf/","master/bmf/state_marts/csv/bmf_master_MT.csv","2026-09-15T10:51:18.000Z","""dfc4285e778974eca3038f46123a0cd0""",20450230,"20.45 mb","STANDARD","nccsdata","https://nccsdata.s3.us-east-1.amazonaws.com/master/bmf/state_marts/csv/bmf_master_MT.csv"
"master","master/bmf/","master/bmf/state_marts/csv/bmf_master_NC.csv","2026-09-15T10:51:18.000Z","""083c30343046a72feb036638b0d9dd63-2""",106573452,"106.57 mb","STANDARD","nccsdata","https://nccsdata.s3.us-east-1.amazonaws.com/master/bmf/state_marts/csv/bmf_master_NC.csv"
"master","master/bmf/","master/bmf/state_marts/csv/bmf_master_ND.csv","2026-09-15T10:51:21.000Z","""7e363c268f94b1b46e6026787a457687""",12135082,"12.14 mb","STANDARD","nccsdata","https://nccsdata.s3.us-east-1.amazonaws.com/master/bmf/state_marts/csv/bmf_master_ND.csv"
"master","master/bmf/","master/bmf/state_marts/csv/bmf_master_NE.csv","2026-09-15T10:51:22.000Z","""4bf8fb2601d070edc9afd5f285a84b9c""",26325446,"26.33 mb","STANDARD","nccsdata","https://nccsdata.s3.us-east-1.amazonaws.com/master/bmf/state_marts/csv/bmf_master_NE.csv"
"master","master/bmf/","master/bmf/state_marts/csv/bmf_master_NH.csv","2026-09-15T10:51:22.000Z","""f02581e1f2a9fb9bd08a3a9d06513773""",17104598,"17.10 mb","STANDARD","nccsdata","https://nccsdata.s3.us-east-1.amazonaws.com/master/bmf/state_marts/csv/bmf_master_NH.csv"
"master","master/bmf/","master/bmf/state_marts/csv/bmf_master_NJ.csv","2026-09-15T10:51:24.000Z","""c08c43ee7f439da95595f10b433a01d0""",98226541,"98.23 mb","STANDARD","nccsdata","https://nccsdata.s3.us-east-1.amazonaws.com/master/bmf/state_marts/csv/bmf_master_NJ.csv"
"master","master/bmf/","master/bmf/state_marts/csv/bmf_master_NM.csv","2026-09-15T10:51:25.000Z","""d5d1bab8dc84759e8d6eb451c0fe8d45""",21870061,"21.87 mb","STANDARD","nccsdata","https://nccsdata.s3.us-east-1.amazonaws.com/master/bmf/state_marts/csv/bmf_master_NM.csv"
"master","master/bmf/","master/bmf/state_marts/csv/bmf_master_NV.csv","2026-09-15T10:51:26.000Z","""5469b465c34dced71a96579a699496a8""",25168497,"25.17 mb","STANDARD","nccsdata","https://nccsdata.s3.us-east-1.amazonaws.com/master/bmf/state_marts/csv/bmf_master_NV.csv"
"master","master/bmf/","master/bmf/state_marts/csv/bmf_master_NY.csv","2026-09-15T10:51:26.000Z","""8b4fcf458fd7b4ca7edff94b5d760549-3""",217156719,"217.16 mb","STANDARD","nccsdata","https://nccsdata.s3.us-east-1.amazonaws.com/master/bmf/state_marts/csv/bmf_master_NY.csv"
"master","master/bmf/","master/bmf/state_marts/csv/bmf_master_OH.csv","2026-09-15T10:51:32.000Z","""2c1697744e1d580c4e2cc7d68c13151a-2""",142453064,"142.45 mb","STANDARD","nccsdata","https://nccsdata.s3.us-east-1.amazonaws.com/master/bmf/state_marts/csv/bmf_master_OH.csv"
"master","master/bmf/","master/bmf/state_marts/csv/bmf_master_OK.csv","2026-09-15T10:51:36.000Z","""edd6f44f4e2413fc337c168819a583d6""",42501583,"42.50 mb","STANDARD","nccsdata","https://nccsdata.s3.us-east-1.amazonaws.com/master/bmf/state_marts/csv/bmf_master_OK.csv"
"master","master/bmf/","master/bmf/state_marts/csv/bmf_master_OR.csv","2026-09-15T10:51:37.000Z","""0c9eaa78c4bd1718630dfddad53358d0""",48870723,"48.87 mb","STANDARD","nccsdata","https://nccsdata.s3.us-east-1.amazonaws.com/master/bmf/state_marts/csv/bmf_master_OR.csv"
"master","master/bmf/","master/bmf/state_marts/csv/bmf_master_PA.csv","2026-09-15T10:51:38.000Z","""a2440ac2404d734afa196ba1e882325b-2""",148163626,"148.16 mb","STANDARD","nccsdata","https://nccsdata.s3.us-east-1.amazonaws.com/master/bmf/state_marts/csv/bmf_master_PA.csv"
"master","master/bmf/","master/bmf/state_marts/csv/bmf_master_PR.csv","2026-09-15T10:51:43.000Z","""5e120a9fd3bbacf85da1da3d52e311ae""",5175229,"5.18 mb","STANDARD","nccsdata","https://nccsdata.s3.us-east-1.amazonaws.com/master/bmf/state_marts/csv/bmf_master_PR.csv"
"master","master/bmf/","master/bmf/state_marts/csv/bmf_master_PW.csv","2026-09-15T10:51:43.000Z","""2eaec8e1ca220cd5517926f09dc460db""",3431,"3.4 kb","STANDARD","nccsdata","https://nccsdata.s3.us-east-1.amazonaws.com/master/bmf/state_marts/csv/bmf_master_PW.csv"
"master","master/bmf/","master/bmf/state_marts/csv/bmf_master_RI.csv","2026-09-15T10:51:43.000Z","""357078e3d100bd4ccca2ed4dc03842b5""",12871152,"12.87 mb","STANDARD","nccsdata","https://nccsdata.s3.us-east-1.amazonaws.com/master/bmf/state_marts/csv/bmf_master_RI.csv"
"master","master/bmf/","master/bmf/state_marts/csv/bmf_master_SC.csv","2026-09-15T10:51:44.000Z","""75e9690bb503643ad454789b453613de""",55087745,"55.09 mb","STANDARD","nccsdata","https://nccsdata.s3.us-east-1.amazonaws.com/master/bmf/state_marts/csv/bmf_master_SC.csv"
"master","master/bmf/","master/bmf/state_marts/csv/bmf_master_SD.csv","2026-09-15T10:51:45.000Z","""df136b914fdb4b2cc772e5b1c274299b""",13775461,"13.78 mb","STANDARD","nccsdata","https://nccsdata.s3.us-east-1.amazonaws.com/master/bmf/state_marts/csv/bmf_master_SD.csv"
"master","master/bmf/","master/bmf/state_marts/csv/bmf_master_TN.csv","2026-09-15T10:51:46.000Z","""6ae1686d1d1dd4fb8018db9d94af3b1b""",70798870,"70.80 mb","STANDARD","nccsdata","https://nccsdata.s3.us-east-1.amazonaws.com/master/bmf/state_marts/csv/bmf_master_TN.csv"
"master","master/bmf/","master/bmf/state_marts/csv/bmf_master_TX.csv","2026-09-15T10:51:47.000Z","""c1c8d8d6021734e3104a3974e54d27fb-3""",269007405,"269.01 mb","STANDARD","nccsdata","https://nccsdata.s3.us-east-1.amazonaws.com/master/bmf/state_marts/csv/bmf_master_TX.csv"
"master","master/bmf/","master/bmf/state_marts/csv/bmf_master_UT.csv","2026-09-15T10:51:54.000Z","""c0a4b32c0439594ff03989c0e51acb85""",23673656,"23.67 mb","STANDARD","nccsdata","https://nccsdata.s3.us-east-1.amazonaws.com/master/bmf/state_marts/csv/bmf_master_UT.csv"
"master","master/bmf/","master/bmf/state_marts/csv/bmf_master_VA.csv","2026-09-15T10:51:55.000Z","""e0aa0ca89eb2f87145d64b4575f63ed2""",98180329,"98.18 mb","STANDARD","nccsdata","https://nccsdata.s3.us-east-1.amazonaws.com/master/bmf/state_marts/csv/bmf_master_VA.csv"
"master","master/bmf/","master/bmf/state_marts/csv/bmf_master_VI.csv","2026-09-15T10:51:56.000Z","""c3015883c203b834a4972a56949b4006""",1068055,"1.07 mb","STANDARD","nccsdata","https://nccsdata.s3.us-east-1.amazonaws.com/master/bmf/state_marts/csv/bmf_master_VI.csv"
"master","master/bmf/","master/bmf/state_marts/csv/bmf_master_VT.csv","2026-09-15T10:51:57.000Z","""0b1de8ee5ac314117d3a2c71a1af7998""",12016279,"12.02 mb","STANDARD","nccsdata","https://nccsdata.s3.us-east-1.amazonaws.com/master/bmf/state_marts/csv/bmf_master_VT.csv"
"master","master/bmf/","master/bmf/state_marts/csv/bmf_master_WA.csv","2026-09-15T10:51:58.000Z","""8088851ca761d50fbbc2a87e78b81bd6""",80009209,"80.01 mb","STANDARD","nccsdata","https://nccsdata.s3.us-east-1.amazonaws.com/master/bmf/state_marts/csv/bmf_master_WA.csv"
"master","master/bmf/","master/bmf/state_marts/csv/bmf_master_WI.csv","2026-09-15T10:52:00.000Z","""dca6e23409fb32f8fc0efc5dc7c720f0""",71330968,"71.33 mb","STANDARD","nccsdata","https://nccsdata.s3.us-east-1.amazonaws.com/master/bmf/state_marts/csv/bmf_master_WI.csv"
"master","master/bmf/","master/bmf/state_marts/csv/bmf_master_WV.csv","2026-09-15T10:52:01.000Z","""39c4619a575ab9d9798c062898f81e59""",22957787,"22.96 mb","STANDARD","nccsdata","https://nccsdata.s3.us-east-1.amazonaws.com/master/bmf/state_marts/csv/bmf_master_WV.csv"
"master","master/bmf/","master/bmf/state_marts/csv/bmf_master_WY.csv","2026-09-15T10:52:01.000Z","""30383187fcad791c06b05383e59bd4a5""",10619817,"10.62 mb","STANDARD","nccsdata","https://nccsdata.s3.us-east-1.amazonaws.com/master/bmf/state_marts/csv/bmf_master_WY.csv"
"master","master/bmf/","master/bmf/state_marts/csv/bmf_master_ZZ.csv","2026-09-15T10:52:01.000Z","""bee59f47a4f558faac1d5745350cf6aa""",4972525,"4.97 mb","STANDARD","nccsdata","https://nccsdata.s3.us-east-1.amazonaws.com/master/bmf/state_marts/csv/bmf_master_ZZ.csv"
"master","master/bmf/","master/bmf/state_marts/parquet/state=AA/part-0.parquet","2026-09-15T10:49:57.000Z","""611c3d24f76b585485c46fbeb937ff8d""",377133,"0.38 mb","STANDARD","nccsdata","https://nccsdata.s3.us-east-1.amazonaws.com/master/bmf/state_marts/parquet/state=AA/part-0.parquet"
"master","master/bmf/","master/bmf/state_marts/parquet/state=AE/part-0.parquet","2026-09-15T10:49:57.000Z","""98e880ddfc64eab5da80bcaef6493870""",2072048,"2.07 mb","STANDARD","nccsdata","https://nccsdata.s3.us-east-1.amazonaws.com/master/bmf/state_marts/parquet/state=AE/part-0.parquet"
"master","master/bmf/","master/bmf/state_marts/parquet/state=AK/part-0.parquet","2026-09-15T10:49:58.000Z","""d43b60fc9a8668f3aa4dfa0c4beffcdd""",6255841,"6.26 mb","STANDARD","nccsdata","https://nccsdata.s3.us-east-1.amazonaws.com/master/bmf/state_marts/parquet/state=AK/part-0.parquet"
"master","master/bmf/","master/bmf/state_marts/parquet/state=AL/part-0.parquet","2026-09-15T10:49:58.000Z","""66d78e67a3ea7b7a92e9737cff596eb5""",17164365,"17.16 mb","STANDARD","nccsdata","https://nccsdata.s3.us-east-1.amazonaws.com/master/bmf/state_marts/parquet/state=AL/part-0.parquet"
"master","master/bmf/","master/bmf/state_marts/parquet/state=AP/part-0.parquet","2026-09-15T10:49:58.000Z","""245faecb7216469663a205c03c25940d""",1756025,"1.76 mb","STANDARD","nccsdata","https://nccsdata.s3.us-east-1.amazonaws.com/master/bmf/state_marts/parquet/state=AP/part-0.parquet"
"master","master/bmf/","master/bmf/state_marts/parquet/state=AR/part-0.parquet","2026-09-15T10:49:58.000Z","""4af963da48adc8b156cbc9576db36fd9""",12583187,"12.58 mb","STANDARD","nccsdata","https://nccsdata.s3.us-east-1.amazonaws.com/master/bmf/state_marts/parquet/state=AR/part-0.parquet"
"master","master/bmf/","master/bmf/state_marts/parquet/state=AS/part-0.parquet","2026-09-15T10:49:59.000Z","""23f24ec7d9361c8f8e984f7fc28627eb""",525538,"0.53 mb","STANDARD","nccsdata","https://nccsdata.s3.us-east-1.amazonaws.com/master/bmf/state_marts/parquet/state=AS/part-0.parquet"
"master","master/bmf/","master/bmf/state_marts/parquet/state=AZ/part-0.parquet","2026-09-15T10:49:59.000Z","""27838d7457ff7b970916c0d20855307c""",20049911,"20.05 mb","STANDARD","nccsdata","https://nccsdata.s3.us-east-1.amazonaws.com/master/bmf/state_marts/parquet/state=AZ/part-0.parquet"
"master","master/bmf/","master/bmf/state_marts/parquet/state=CA/part-0.parquet","2026-09-15T10:49:59.000Z","""958c3e2fb58189903ad758ef6a6ce800-2""",106575377,"106.58 mb","STANDARD","nccsdata","https://nccsdata.s3.us-east-1.amazonaws.com/master/bmf/state_marts/parquet/state=CA/part-0.parquet"
"master","master/bmf/","master/bmf/state_marts/parquet/state=CO/part-0.parquet","2026-09-15T10:50:02.000Z","""5ecfc70f615bb81af546f3726d3e5483""",22466957,"22.47 mb","STANDARD","nccsdata","https://nccsdata.s3.us-east-1.amazonaws.com/master/bmf/state_marts/parquet/state=CO/part-0.parquet"
"master","master/bmf/","master/bmf/state_marts/parquet/state=CT/part-0.parquet","2026-09-15T10:50:03.000Z","""20fc9d2dc58c12af948902c666b1ca36""",15486568,"15.49 mb","STANDARD","nccsdata","https://nccsdata.s3.us-east-1.amazonaws.com/master/bmf/state_marts/parquet/state=CT/part-0.parquet"
"master","master/bmf/","master/bmf/state_marts/parquet/state=DC/part-0.parquet","2026-09-15T10:50:03.000Z","""884ed633ae64f29d02ffc88ed762f98c""",11372928,"11.37 mb","STANDARD","nccsdata","https://nccsdata.s3.us-east-1.amazonaws.com/master/bmf/state_marts/parquet/state=DC/part-0.parquet"
"master","master/bmf/","master/bmf/state_marts/parquet/state=DE/part-0.parquet","2026-09-15T10:50:03.000Z","""bb46e5889616a114949afd4257ec703c""",7830269,"7.83 mb","STANDARD","nccsdata","https://nccsdata.s3.us-east-1.amazonaws.com/master/bmf/state_marts/parquet/state=DE/part-0.parquet"
"master","master/bmf/","master/bmf/state_marts/parquet/state=FL/part-0.parquet","2026-09-15T10:50:04.000Z","""55229088cbffab379aab924e01aee795""",60835707,"60.84 mb","STANDARD","nccsdata","https://nccsdata.s3.us-east-1.amazonaws.com/master/bmf/state_marts/parquet/state=FL/part-0.parquet"
"master","master/bmf/","master/bmf/state_marts/parquet/state=FM/part-0.parquet","2026-09-15T10:50:05.000Z","""d934d9414970cf8f9eb319c48aa7f875""",89121,"89.1 kb","STANDARD","nccsdata","https://nccsdata.s3.us-east-1.amazonaws.com/master/bmf/state_marts/parquet/state=FM/part-0.parquet"
"master","master/bmf/","master/bmf/state_marts/parquet/state=GA/part-0.parquet","2026-09-15T10:50:05.000Z","""de0340df37166bc2baef4485a36ae3ca""",34592279,"34.59 mb","STANDARD","nccsdata","https://nccsdata.s3.us-east-1.amazonaws.com/master/bmf/state_marts/parquet/state=GA/part-0.parquet"
"master","master/bmf/","master/bmf/state_marts/parquet/state=GU/part-0.parquet","2026-09-15T10:50:06.000Z","""fe4a618a16a5ed5fda6e475ac49ee7bf""",808227,"0.81 mb","STANDARD","nccsdata","https://nccsdata.s3.us-east-1.amazonaws.com/master/bmf/state_marts/parquet/state=GU/part-0.parquet"
"master","master/bmf/","master/bmf/state_marts/parquet/state=HI/part-0.parquet","2026-09-15T10:50:06.000Z","""caf1a53256ce06fd013eb3e7ed48376c""",8215605,"8.22 mb","STANDARD","nccsdata","https://nccsdata.s3.us-east-1.amazonaws.com/master/bmf/state_marts/parquet/state=HI/part-0.parquet"
"master","master/bmf/","master/bmf/state_marts/parquet/state=IA/part-0.parquet","2026-09-15T10:50:06.000Z","""75efa13586f53bdb5e69089d01136b94""",16423795,"16.42 mb","STANDARD","nccsdata","https://nccsdata.s3.us-east-1.amazonaws.com/master/bmf/state_marts/parquet/state=IA/part-0.parquet"
"master","master/bmf/","master/bmf/state_marts/parquet/state=ID/part-0.parquet","2026-09-15T10:50:07.000Z","""7f45f8a0c817558b7419eb3277413b73""",8957388,"8.96 mb","STANDARD","nccsdata","https://nccsdata.s3.us-east-1.amazonaws.com/master/bmf/state_marts/parquet/state=ID/part-0.parquet"
"master","master/bmf/","master/bmf/state_marts/parquet/state=IL/part-0.parquet","2026-09-15T10:50:07.000Z","""983589c39955f0d3fbb977236e12ac5f""",42595955,"42.60 mb","STANDARD","nccsdata","https://nccsdata.s3.us-east-1.amazonaws.com/master/bmf/state_marts/parquet/state=IL/part-0.parquet"
"master","master/bmf/","master/bmf/state_marts/parquet/state=IN/part-0.parquet","2026-09-15T10:50:08.000Z","""5cac869d3e683e2814cca916b509eac4""",25550453,"25.55 mb","STANDARD","nccsdata","https://nccsdata.s3.us-east-1.amazonaws.com/master/bmf/state_marts/parquet/state=IN/part-0.parquet"
"master","master/bmf/","master/bmf/state_marts/parquet/state=KS/part-0.parquet","2026-09-15T10:50:09.000Z","""cb34f656061e8d8ee6bb79b3aae319c5""",13329541,"13.33 mb","STANDARD","nccsdata","https://nccsdata.s3.us-east-1.amazonaws.com/master/bmf/state_marts/parquet/state=KS/part-0.parquet"
"master","master/bmf/","master/bmf/state_marts/parquet/state=KY/part-0.parquet","2026-09-15T10:50:09.000Z","""21cc185e4d8d6f2941106fbb422b22dc""",15497756,"15.50 mb","STANDARD","nccsdata","https://nccsdata.s3.us-east-1.amazonaws.com/master/bmf/state_marts/parquet/state=KY/part-0.parquet"
"master","master/bmf/","master/bmf/state_marts/parquet/state=LA/part-0.parquet","2026-09-15T10:50:10.000Z","""ce0feaba9c1d0281b71ca1ff8f6377ae""",16667085,"16.67 mb","STANDARD","nccsdata","https://nccsdata.s3.us-east-1.amazonaws.com/master/bmf/state_marts/parquet/state=LA/part-0.parquet"
"master","master/bmf/","master/bmf/state_marts/parquet/state=MA/part-0.parquet","2026-09-15T10:50:10.000Z","""19c612dfc02477de1b619d6d89ebae9e""",26471335,"26.47 mb","STANDARD","nccsdata","https://nccsdata.s3.us-east-1.amazonaws.com/master/bmf/state_marts/parquet/state=MA/part-0.parquet"
"master","master/bmf/","master/bmf/state_marts/parquet/state=MD/part-0.parquet","2026-09-15T10:50:11.000Z","""c47b3771fdbec39b636f806f09ef160a""",25927228,"25.93 mb","STANDARD","nccsdata","https://nccsdata.s3.us-east-1.amazonaws.com/master/bmf/state_marts/parquet/state=MD/part-0.parquet"
"master","master/bmf/","master/bmf/state_marts/parquet/state=ME/part-0.parquet","2026-09-15T10:50:11.000Z","""93719794de43f060c7e5fe43e5452b35""",8748313,"8.75 mb","STANDARD","nccsdata","https://nccsdata.s3.us-east-1.amazonaws.com/master/bmf/state_marts/parquet/state=ME/part-0.parquet"
"master","master/bmf/","master/bmf/state_marts/parquet/state=MH/part-0.parquet","2026-09-15T10:50:11.000Z","""b37bf78261e87388763ac1b845b3cd65""",42842,"42.8 kb","STANDARD","nccsdata","https://nccsdata.s3.us-east-1.amazonaws.com/master/bmf/state_marts/parquet/state=MH/part-0.parquet"
"master","master/bmf/","master/bmf/state_marts/parquet/state=MI/part-0.parquet","2026-09-15T10:50:12.000Z","""6d3326cbbeb697fd5e8d443881a6bf15""",33401885,"33.40 mb","STANDARD","nccsdata","https://nccsdata.s3.us-east-1.amazonaws.com/master/bmf/state_marts/parquet/state=MI/part-0.parquet"
"master","master/bmf/","master/bmf/state_marts/parquet/state=MN/part-0.parquet","2026-09-15T10:50:13.000Z","""edfd781e56f5c1e529cd779c7745fc39""",23640063,"23.64 mb","STANDARD","nccsdata","https://nccsdata.s3.us-east-1.amazonaws.com/master/bmf/state_marts/parquet/state=MN/part-0.parquet"
"master","master/bmf/","master/bmf/state_marts/parquet/state=MO/part-0.parquet","2026-09-15T10:50:13.000Z","""3ebe8785f25c7c312554415f973eafbf""",25625230,"25.63 mb","STANDARD","nccsdata","https://nccsdata.s3.us-east-1.amazonaws.com/master/bmf/state_marts/parquet/state=MO/part-0.parquet"
"master","master/bmf/","master/bmf/state_marts/parquet/state=MP/part-0.parquet","2026-09-15T10:50:14.000Z","""592665ade3648fc6bf0bab54e2b8295b""",342579,"0.34 mb","STANDARD","nccsdata","https://nccsdata.s3.us-east-1.amazonaws.com/master/bmf/state_marts/parquet/state=MP/part-0.parquet"
"master","master/bmf/","master/bmf/state_marts/parquet/state=MS/part-0.parquet","2026-09-15T10:50:14.000Z","""7e1587b84c14016662aec8036aeacd69""",11583295,"11.58 mb","STANDARD","nccsdata","https://nccsdata.s3.us-east-1.amazonaws.com/master/bmf/state_marts/parquet/state=MS/part-0.parquet"
"master","master/bmf/","master/bmf/state_marts/parquet/state=MT/part-0.parquet","2026-09-15T10:50:14.000Z","""ec7e7ada5a735d884a8fdef1aeae325e""",8980738,"8.98 mb","STANDARD","nccsdata","https://nccsdata.s3.us-east-1.amazonaws.com/master/bmf/state_marts/parquet/state=MT/part-0.parquet"
"master","master/bmf/","master/bmf/state_marts/parquet/state=NC/part-0.parquet","2026-09-15T10:50:15.000Z","""d4299758a0032472148ebaa97ac01093""",32954876,"32.95 mb","STANDARD","nccsdata","https://nccsdata.s3.us-east-1.amazonaws.com/master/bmf/state_marts/parquet/state=NC/part-0.parquet"
"master","master/bmf/","master/bmf/state_marts/parquet/state=ND/part-0.parquet","2026-09-15T10:50:15.000Z","""881477262a077700a28cb0f363e0c48b""",6566009,"6.57 mb","STANDARD","nccsdata","https://nccsdata.s3.us-east-1.amazonaws.com/master/bmf/state_marts/parquet/state=ND/part-0.parquet"
"master","master/bmf/","master/bmf/state_marts/parquet/state=NE/part-0.parquet","2026-09-15T10:50:15.000Z","""319a497689663f2ed95e728a7b754839""",10613545,"10.61 mb","STANDARD","nccsdata","https://nccsdata.s3.us-east-1.amazonaws.com/master/bmf/state_marts/parquet/state=NE/part-0.parquet"
"master","master/bmf/","master/bmf/state_marts/parquet/state=NH/part-0.parquet","2026-09-15T10:50:16.000Z","""a6603dea7bb018a6a5885f02802004d5""",8327766,"8.33 mb","STANDARD","nccsdata","https://nccsdata.s3.us-east-1.amazonaws.com/master/bmf/state_marts/parquet/state=NH/part-0.parquet"
"master","master/bmf/","master/bmf/state_marts/parquet/state=NJ/part-0.parquet","2026-09-15T10:50:16.000Z","""0d6a65d5fc7d4520674c369bcaad46f6""",30908183,"30.91 mb","STANDARD","nccsdata","https://nccsdata.s3.us-east-1.amazonaws.com/master/bmf/state_marts/parquet/state=NJ/part-0.parquet"
"master","master/bmf/","master/bmf/state_marts/parquet/state=NM/part-0.parquet","2026-09-15T10:50:17.000Z","""82ac26ac3b4530c30e7758c593ff7fd0""",9773692,"9.77 mb","STANDARD","nccsdata","https://nccsdata.s3.us-east-1.amazonaws.com/master/bmf/state_marts/parquet/state=NM/part-0.parquet"
"master","master/bmf/","master/bmf/state_marts/parquet/state=NV/part-0.parquet","2026-09-15T10:50:17.000Z","""c931158f340ed854ee53a9af5e96ecca""",10728975,"10.73 mb","STANDARD","nccsdata","https://nccsdata.s3.us-east-1.amazonaws.com/master/bmf/state_marts/parquet/state=NV/part-0.parquet"
"master","master/bmf/","master/bmf/state_marts/parquet/state=NY/part-0.parquet","2026-09-15T10:50:18.000Z","""665fdd340fc1fc211562f518d4b6dc30""",62641035,"62.64 mb","STANDARD","nccsdata","https://nccsdata.s3.us-east-1.amazonaws.com/master/bmf/state_marts/parquet/state=NY/part-0.parquet"
"master","master/bmf/","master/bmf/state_marts/parquet/state=OH/part-0.parquet","2026-09-15T10:50:19.000Z","""b2dd8657041374a36f78bf0903b3d063""",42027550,"42.03 mb","STANDARD","nccsdata","https://nccsdata.s3.us-east-1.amazonaws.com/master/bmf/state_marts/parquet/state=OH/part-0.parquet"
"master","master/bmf/","master/bmf/state_marts/parquet/state=OK/part-0.parquet","2026-09-15T10:50:20.000Z","""e599cb73d527d53fc255bad747b35ff4""",15152773,"15.15 mb","STANDARD","nccsdata","https://nccsdata.s3.us-east-1.amazonaws.com/master/bmf/state_marts/parquet/state=OK/part-0.parquet"
"master","master/bmf/","master/bmf/state_marts/parquet/state=OR/part-0.parquet","2026-09-15T10:50:20.000Z","""31f100ebbda98e893c52028ba8703c78""",17320585,"17.32 mb","STANDARD","nccsdata","https://nccsdata.s3.us-east-1.amazonaws.com/master/bmf/state_marts/parquet/state=OR/part-0.parquet"
"master","master/bmf/","master/bmf/state_marts/parquet/state=PA/part-0.parquet","2026-09-15T10:50:21.000Z","""3eda0a1ca494f2a55f574bead50881d5""",43438052,"43.44 mb","STANDARD","nccsdata","https://nccsdata.s3.us-east-1.amazonaws.com/master/bmf/state_marts/parquet/state=PA/part-0.parquet"
"master","master/bmf/","master/bmf/state_marts/parquet/state=PR/part-0.parquet","2026-09-15T10:50:22.000Z","""faf3c33f87f2cfa6dad6c5783ed63dc0""",3696709,"3.70 mb","STANDARD","nccsdata","https://nccsdata.s3.us-east-1.amazonaws.com/master/bmf/state_marts/parquet/state=PR/part-0.parquet"
"master","master/bmf/","master/bmf/state_marts/parquet/state=PW/part-0.parquet","2026-09-15T10:50:22.000Z","""ebe732bc20a4f5a641dc0ace5cd1a7cd""",63006,"63.0 kb","STANDARD","nccsdata","https://nccsdata.s3.us-east-1.amazonaws.com/master/bmf/state_marts/parquet/state=PW/part-0.parquet"
"master","master/bmf/","master/bmf/state_marts/parquet/state=RI/part-0.parquet","2026-09-15T10:50:22.000Z","""67bfd0628733c4b371591a34b3f9e45d""",7039615,"7.04 mb","STANDARD","nccsdata","https://nccsdata.s3.us-east-1.amazonaws.com/master/bmf/state_marts/parquet/state=RI/part-0.parquet"
"master","master/bmf/","master/bmf/state_marts/parquet/state=SC/part-0.parquet","2026-09-15T10:50:22.000Z","""1f3ef918d6babc592de440653e66b533""",17936694,"17.94 mb","STANDARD","nccsdata","https://nccsdata.s3.us-east-1.amazonaws.com/master/bmf/state_marts/parquet/state=SC/part-0.parquet"
"master","master/bmf/","master/bmf/state_marts/parquet/state=SD/part-0.parquet","2026-09-15T10:50:23.000Z","""dd80f1544653f205b05ee4d2015a812b""",7197798,"7.20 mb","STANDARD","nccsdata","https://nccsdata.s3.us-east-1.amazonaws.com/master/bmf/state_marts/parquet/state=SD/part-0.parquet"
"master","master/bmf/","master/bmf/state_marts/parquet/state=TN/part-0.parquet","2026-09-15T10:50:23.000Z","""a9b2269e3653d24e6583c6666d2c22f2""",22461240,"22.46 mb","STANDARD","nccsdata","https://nccsdata.s3.us-east-1.amazonaws.com/master/bmf/state_marts/parquet/state=TN/part-0.parquet"
"master","master/bmf/","master/bmf/state_marts/parquet/state=TX/part-0.parquet","2026-09-15T10:50:24.000Z","""e2b0cddd766a899eb0045ea5417f1d0c""",76408415,"76.41 mb","STANDARD","nccsdata","https://nccsdata.s3.us-east-1.amazonaws.com/master/bmf/state_marts/parquet/state=TX/part-0.parquet"
"master","master/bmf/","master/bmf/state_marts/parquet/state=UT/part-0.parquet","2026-09-15T10:50:25.000Z","""48e273fea1216b8c5e281476d1b4c667""",10302708,"10.30 mb","STANDARD","nccsdata","https://nccsdata.s3.us-east-1.amazonaws.com/master/bmf/state_marts/parquet/state=UT/part-0.parquet"
"master","master/bmf/","master/bmf/state_marts/parquet/state=VA/part-0.parquet","2026-09-15T10:50:26.000Z","""2a1f8dce870c4ff1672bfd8acaceb39b""",31050420,"31.05 mb","STANDARD","nccsdata","https://nccsdata.s3.us-east-1.amazonaws.com/master/bmf/state_marts/parquet/state=VA/part-0.parquet"
"master","master/bmf/","master/bmf/state_marts/parquet/state=VI/part-0.parquet","2026-09-15T10:50:26.000Z","""9ba2ac2dc15dc52f3afa94520a0a0ce3""",1810408,"1.81 mb","STANDARD","nccsdata","https://nccsdata.s3.us-east-1.amazonaws.com/master/bmf/state_marts/parquet/state=VI/part-0.parquet"
"master","master/bmf/","master/bmf/state_marts/parquet/state=VT/part-0.parquet","2026-09-15T10:50:27.000Z","""b61da95b29085dd2a19723839507a560""",6843588,"6.84 mb","STANDARD","nccsdata","https://nccsdata.s3.us-east-1.amazonaws.com/master/bmf/state_marts/parquet/state=VT/part-0.parquet"
"master","master/bmf/","master/bmf/state_marts/parquet/state=WA/part-0.parquet","2026-09-15T10:50:27.000Z","""4678d5170c7c4f3fdd502e6d3c44ee11""",25728661,"25.73 mb","STANDARD","nccsdata","https://nccsdata.s3.us-east-1.amazonaws.com/master/bmf/state_marts/parquet/state=WA/part-0.parquet"
"master","master/bmf/","master/bmf/state_marts/parquet/state=WI/part-0.parquet","2026-09-15T10:50:28.000Z","""254fd9844818de68e9c94ab68d67ec59""",23074678,"23.07 mb","STANDARD","nccsdata","https://nccsdata.s3.us-east-1.amazonaws.com/master/bmf/state_marts/parquet/state=WI/part-0.parquet"
"master","master/bmf/","master/bmf/state_marts/parquet/state=WV/part-0.parquet","2026-09-15T10:50:28.000Z","""9ac64185efd18735941957c5ca611005""",9940118,"9.94 mb","STANDARD","nccsdata","https://nccsdata.s3.us-east-1.amazonaws.com/master/bmf/state_marts/parquet/state=WV/part-0.parquet"
"master","master/bmf/","master/bmf/state_marts/parquet/state=WY/part-0.parquet","2026-09-15T10:50:28.000Z","""483076d1ff2e3cdafdb0097f28aa3858""",6240197,"6.24 mb","STANDARD","nccsdata","https://nccsdata.s3.us-east-1.amazonaws.com/master/bmf/state_marts/parquet/state=WY/part-0.parquet"
"master","master/bmf/","master/bmf/state_marts/parquet/state=ZZ/part-0.parquet","2026-09-15T10:50:28.000Z","""ddb1f839c9afff0c6414cf07f7ff2639""",4487320,"4.49 mb","STANDARD","nccsdata","https://nccsdata.s3.us-east-1.amazonaws.com/master/bmf/state_marts/parquet/state=ZZ/part-0.parquet"
"state_mart","unified/bmf/state_marts/csv/","unified/bmf/state_marts/csv/bmf_master_AA.csv","2026-09-15T10:48:24.000Z","""70375934e35f840242907316ae36636f""",18291,"18.3 kb","STANDARD","nccsdata","https://nccsdata.s3.us-east-1.amazonaws.com/unified/bmf/state_marts/csv/bmf_master_AA.csv"
"state_mart","unified/bmf/state_marts/csv/","unified/bmf/state_marts/csv/bmf_master_AE.csv","2026-09-15T10:48:24.000Z","""c2cbe3316753f9eb56c3d0d14abadd26""",316391,"0.32 mb","STANDARD","nccsdata","https://nccsdata.s3.us-east-1.amazonaws.com/unified/bmf/state_marts/csv/bmf_master_AE.csv"
"state_mart","unified/bmf/state_marts/csv/","unified/bmf/state_marts/csv/bmf_master_AK.csv","2026-09-15T10:48:24.000Z","""d3261ab96a11c0e25f3eebba00471c1c""",10549016,"10.55 mb","STANDARD","nccsdata","https://nccsdata.s3.us-east-1.amazonaws.com/unified/bmf/state_marts/csv/bmf_master_AK.csv"
"state_mart","unified/bmf/state_marts/csv/","unified/bmf/state_marts/csv/bmf_master_AL.csv","2026-09-15T10:48:25.000Z","""34ed0f03c047e52affda1e856006f25b""",48587263,"48.59 mb","STANDARD","nccsdata","https://nccsdata.s3.us-east-1.amazonaws.com/unified/bmf/state_marts/csv/bmf_master_AL.csv"
"state_mart","unified/bmf/state_marts/csv/","unified/bmf/state_marts/csv/bmf_master_AP.csv","2026-09-15T10:48:26.000Z","""089cad60e8eff86516123c6a4f133622""",232029,"0.23 mb","STANDARD","nccsdata","https://nccsdata.s3.us-east-1.amazonaws.com/unified/bmf/state_marts/csv/bmf_master_AP.csv"
"state_mart","unified/bmf/state_marts/csv/","unified/bmf/state_marts/csv/bmf_master_AR.csv","2026-09-15T10:48:26.000Z","""51778cf59ad1e16ac364cabbdcda13c7""",31386726,"31.39 mb","STANDARD","nccsdata","https://nccsdata.s3.us-east-1.amazonaws.com/unified/bmf/state_marts/csv/bmf_master_AR.csv"
"state_mart","unified/bmf/state_marts/csv/","unified/bmf/state_marts/csv/bmf_master_AS.csv","2026-09-15T10:48:26.000Z","""5d0a7560f7eb6b193051836fe0de21ec""",154811,"0.15 mb","STANDARD","nccsdata","https://nccsdata.s3.us-east-1.amazonaws.com/unified/bmf/state_marts/csv/bmf_master_AS.csv"
"state_mart","unified/bmf/state_marts/csv/","unified/bmf/state_marts/csv/bmf_master_AZ.csv","2026-09-15T10:48:27.000Z","""33bf8826b9d1fc3e7b2a1cca80cb05c8""",57425945,"57.43 mb","STANDARD","nccsdata","https://nccsdata.s3.us-east-1.amazonaws.com/unified/bmf/state_marts/csv/bmf_master_AZ.csv"
"state_mart","unified/bmf/state_marts/csv/","unified/bmf/state_marts/csv/bmf_master_CA.csv","2026-09-15T10:48:28.000Z","""c712a5dfab935ec0ff3d80f01eda5882-4""",381352644,"381.35 mb","STANDARD","nccsdata","https://nccsdata.s3.us-east-1.amazonaws.com/unified/bmf/state_marts/csv/bmf_master_CA.csv"
"state_mart","unified/bmf/state_marts/csv/","unified/bmf/state_marts/csv/bmf_master_CO.csv","2026-09-15T10:48:40.000Z","""47479c30b3db0ea92d4b4444285e247a""",67644092,"67.64 mb","STANDARD","nccsdata","https://nccsdata.s3.us-east-1.amazonaws.com/unified/bmf/state_marts/csv/bmf_master_CO.csv"
"state_mart","unified/bmf/state_marts/csv/","unified/bmf/state_marts/csv/bmf_master_CT.csv","2026-09-15T10:48:41.000Z","""c188513ec57dded614e33ad6c04d4e68""",43209531,"43.21 mb","STANDARD","nccsdata","https://nccsdata.s3.us-east-1.amazonaws.com/unified/bmf/state_marts/csv/bmf_master_CT.csv"
"state_mart","unified/bmf/state_marts/csv/","unified/bmf/state_marts/csv/bmf_master_DC.csv","2026-09-15T10:48:42.000Z","""5bdf0ccdab2843127510eb14cac0bab1""",33620674,"33.62 mb","STANDARD","nccsdata","https://nccsdata.s3.us-east-1.amazonaws.com/unified/bmf/state_marts/csv/bmf_master_DC.csv"
"state_mart","unified/bmf/state_marts/csv/","unified/bmf/state_marts/csv/bmf_master_DE.csv","2026-09-15T10:48:43.000Z","""0da2fea6a2dd90b0fbd0506c729b6aae""",17124394,"17.12 mb","STANDARD","nccsdata","https://nccsdata.s3.us-east-1.amazonaws.com/unified/bmf/state_marts/csv/bmf_master_DE.csv"
"state_mart","unified/bmf/state_marts/csv/","unified/bmf/state_marts/csv/bmf_master_FL.csv","2026-09-15T10:48:43.000Z","""0f526e5a819c33cbcf91f61d1d114081-3""",206799762,"206.80 mb","STANDARD","nccsdata","https://nccsdata.s3.us-east-1.amazonaws.com/unified/bmf/state_marts/csv/bmf_master_FL.csv"
"state_mart","unified/bmf/state_marts/csv/","unified/bmf/state_marts/csv/bmf_master_FM.csv","2026-09-15T10:48:48.000Z","""89555d368b4079cb5ab2b837e4328873""",6660,"6.7 kb","STANDARD","nccsdata","https://nccsdata.s3.us-east-1.amazonaws.com/unified/bmf/state_marts/csv/bmf_master_FM.csv"
"state_mart","unified/bmf/state_marts/csv/","unified/bmf/state_marts/csv/bmf_master_GA.csv","2026-09-15T10:48:48.000Z","""e5a0b237b3579aa628285b6da937833d-2""",111329095,"111.33 mb","STANDARD","nccsdata","https://nccsdata.s3.us-east-1.amazonaws.com/unified/bmf/state_marts/csv/bmf_master_GA.csv"
"state_mart","unified/bmf/state_marts/csv/","unified/bmf/state_marts/csv/bmf_master_GU.csv","2026-09-15T10:48:51.000Z","""63877b20e29d0b14db896cf763eab67b""",292209,"0.29 mb","STANDARD","nccsdata","https://nccsdata.s3.us-east-1.amazonaws.com/unified/bmf/state_marts/csv/bmf_master_GU.csv"
"state_mart","unified/bmf/state_marts/csv/","unified/bmf/state_marts/csv/bmf_master_HI.csv","2026-09-15T10:48:51.000Z","""2bc2bdba9a9d7755f1966c8fb1ddee72""",17114809,"17.11 mb","STANDARD","nccsdata","https://nccsdata.s3.us-east-1.amazonaws.com/unified/bmf/state_marts/csv/bmf_master_HI.csv"
"state_mart","unified/bmf/state_marts/csv/","unified/bmf/state_marts/csv/bmf_master_IA.csv","2026-09-15T10:48:52.000Z","""2ec687adea59eadd1325789142a74b9f""",53273813,"53.27 mb","STANDARD","nccsdata","https://nccsdata.s3.us-east-1.amazonaws.com/unified/bmf/state_marts/csv/bmf_master_IA.csv"
"state_mart","unified/bmf/state_marts/csv/","unified/bmf/state_marts/csv/bmf_master_ID.csv","2026-09-15T10:48:53.000Z","""e41a615db57eca6e03733cb298a134ca""",19118126,"19.12 mb","STANDARD","nccsdata","https://nccsdata.s3.us-east-1.amazonaws.com/unified/bmf/state_marts/csv/bmf_master_ID.csv"
"state_mart","unified/bmf/state_marts/csv/","unified/bmf/state_marts/csv/bmf_master_IL.csv","2026-09-15T10:48:53.000Z","""34abac1f502589e6531423e8ec8ddc49-2""",147356933,"147.36 mb","STANDARD","nccsdata","https://nccsdata.s3.us-east-1.amazonaws.com/unified/bmf/state_marts/csv/bmf_master_IL.csv"
"state_mart","unified/bmf/state_marts/csv/","unified/bmf/state_marts/csv/bmf_master_IN.csv","2026-09-15T10:48:58.000Z","""4ae9c7e597bbb3b763c7c62156c60505""",81095150,"81.10 mb","STANDARD","nccsdata","https://nccsdata.s3.us-east-1.amazonaws.com/unified/bmf/state_marts/csv/bmf_master_IN.csv"
"state_mart","unified/bmf/state_marts/csv/","unified/bmf/state_marts/csv/bmf_master_KS.csv","2026-09-15T10:48:59.000Z","""0d035e425fcdf3f42ba95ac867694887""",35186991,"35.19 mb","STANDARD","nccsdata","https://nccsdata.s3.us-east-1.amazonaws.com/unified/bmf/state_marts/csv/bmf_master_KS.csv"
"state_mart","unified/bmf/state_marts/csv/","unified/bmf/state_marts/csv/bmf_master_KY.csv","2026-09-15T10:49:00.000Z","""c143d66130f0fb565163da706b0b7055""",41929394,"41.93 mb","STANDARD","nccsdata","https://nccsdata.s3.us-east-1.amazonaws.com/unified/bmf/state_marts/csv/bmf_master_KY.csv"
"state_mart","unified/bmf/state_marts/csv/","unified/bmf/state_marts/csv/bmf_master_LA.csv","2026-09-15T10:49:01.000Z","""e413ee41058607c0a309988ff122a24c""",46640323,"46.64 mb","STANDARD","nccsdata","https://nccsdata.s3.us-east-1.amazonaws.com/unified/bmf/state_marts/csv/bmf_master_LA.csv"
"state_mart","unified/bmf/state_marts/csv/","unified/bmf/state_marts/csv/bmf_master_MA.csv","2026-09-15T10:49:03.000Z","""c6396397de7b5b8db6fa9b76c568e08b""",81780963,"81.78 mb","STANDARD","nccsdata","https://nccsdata.s3.us-east-1.amazonaws.com/unified/bmf/state_marts/csv/bmf_master_MA.csv"
"state_mart","unified/bmf/state_marts/csv/","unified/bmf/state_marts/csv/bmf_master_MD.csv","2026-09-15T10:49:05.000Z","""2198273c9e30b7fe716913c93679275f""",80160603,"80.16 mb","STANDARD","nccsdata","https://nccsdata.s3.us-east-1.amazonaws.com/unified/bmf/state_marts/csv/bmf_master_MD.csv"
"state_mart","unified/bmf/state_marts/csv/","unified/bmf/state_marts/csv/bmf_master_ME.csv","2026-09-15T10:49:06.000Z","""c04abfdf057a06e5ed4f5faad5bb316a""",18428006,"18.43 mb","STANDARD","nccsdata","https://nccsdata.s3.us-east-1.amazonaws.com/unified/bmf/state_marts/csv/bmf_master_ME.csv"
"state_mart","unified/bmf/state_marts/csv/","unified/bmf/state_marts/csv/bmf_master_MH.csv","2026-09-15T10:49:06.000Z","""9cf69d5349c2eb7ef8774b14010d6cd6""",3815,"3.8 kb","STANDARD","nccsdata","https://nccsdata.s3.us-east-1.amazonaws.com/unified/bmf/state_marts/csv/bmf_master_MH.csv"
"state_mart","unified/bmf/state_marts/csv/","unified/bmf/state_marts/csv/bmf_master_MI.csv","2026-09-15T10:49:06.000Z","""95098218c4462f55282a2962643a8253-2""",108377923,"108.38 mb","STANDARD","nccsdata","https://nccsdata.s3.us-east-1.amazonaws.com/unified/bmf/state_marts/csv/bmf_master_MI.csv"
"state_mart","unified/bmf/state_marts/csv/","unified/bmf/state_marts/csv/bmf_master_MN.csv","2026-09-15T10:49:10.000Z","""be7af60ce08224a27887f31ee608aa3c""",73320709,"73.32 mb","STANDARD","nccsdata","https://nccsdata.s3.us-east-1.amazonaws.com/unified/bmf/state_marts/csv/bmf_master_MN.csv"
"state_mart","unified/bmf/state_marts/csv/","unified/bmf/state_marts/csv/bmf_master_MO.csv","2026-09-15T10:49:12.000Z","""f0a3c700329e6758dbdc670ffce1e1be""",82094075,"82.09 mb","STANDARD","nccsdata","https://nccsdata.s3.us-east-1.amazonaws.com/unified/bmf/state_marts/csv/bmf_master_MO.csv"
"state_mart","unified/bmf/state_marts/csv/","unified/bmf/state_marts/csv/bmf_master_MP.csv","2026-09-15T10:49:13.000Z","""adc809fe6a369319882929df56c5193f""",161621,"0.16 mb","STANDARD","nccsdata","https://nccsdata.s3.us-east-1.amazonaws.com/unified/bmf/state_marts/csv/bmf_master_MP.csv"
"state_mart","unified/bmf/state_marts/csv/","unified/bmf/state_marts/csv/bmf_master_MS.csv","2026-09-15T10:49:13.000Z","""6565503bfecfea6464e426740df5791a""",29541478,"29.54 mb","STANDARD","nccsdata","https://nccsdata.s3.us-east-1.amazonaws.com/unified/bmf/state_marts/csv/bmf_master_MS.csv"
"state_mart","unified/bmf/state_marts/csv/","unified/bmf/state_marts/csv/bmf_master_MT.csv","2026-09-15T10:49:14.000Z","""dfc4285e778974eca3038f46123a0cd0""",20450230,"20.45 mb","STANDARD","nccsdata","https://nccsdata.s3.us-east-1.amazonaws.com/unified/bmf/state_marts/csv/bmf_master_MT.csv"
"state_mart","unified/bmf/state_marts/csv/","unified/bmf/state_marts/csv/bmf_master_NC.csv","2026-09-15T10:49:14.000Z","""083c30343046a72feb036638b0d9dd63-2""",106573452,"106.57 mb","STANDARD","nccsdata","https://nccsdata.s3.us-east-1.amazonaws.com/unified/bmf/state_marts/csv/bmf_master_NC.csv"
"state_mart","unified/bmf/state_marts/csv/","unified/bmf/state_marts/csv/bmf_master_ND.csv","2026-09-15T10:49:17.000Z","""7e363c268f94b1b46e6026787a457687""",12135082,"12.14 mb","STANDARD","nccsdata","https://nccsdata.s3.us-east-1.amazonaws.com/unified/bmf/state_marts/csv/bmf_master_ND.csv"
"state_mart","unified/bmf/state_marts/csv/","unified/bmf/state_marts/csv/bmf_master_NE.csv","2026-09-15T10:49:18.000Z","""4bf8fb2601d070edc9afd5f285a84b9c""",26325446,"26.33 mb","STANDARD","nccsdata","https://nccsdata.s3.us-east-1.amazonaws.com/unified/bmf/state_marts/csv/bmf_master_NE.csv"
"state_mart","unified/bmf/state_marts/csv/","unified/bmf/state_marts/csv/bmf_master_NH.csv","2026-09-15T10:49:18.000Z","""f02581e1f2a9fb9bd08a3a9d06513773""",17104598,"17.10 mb","STANDARD","nccsdata","https://nccsdata.s3.us-east-1.amazonaws.com/unified/bmf/state_marts/csv/bmf_master_NH.csv"
"state_mart","unified/bmf/state_marts/csv/","unified/bmf/state_marts/csv/bmf_master_NJ.csv","2026-09-15T10:49:20.000Z","""c08c43ee7f439da95595f10b433a01d0""",98226541,"98.23 mb","STANDARD","nccsdata","https://nccsdata.s3.us-east-1.amazonaws.com/unified/bmf/state_marts/csv/bmf_master_NJ.csv"
"state_mart","unified/bmf/state_marts/csv/","unified/bmf/state_marts/csv/bmf_master_NM.csv","2026-09-15T10:49:21.000Z","""d5d1bab8dc84759e8d6eb451c0fe8d45""",21870061,"21.87 mb","STANDARD","nccsdata","https://nccsdata.s3.us-east-1.amazonaws.com/unified/bmf/state_marts/csv/bmf_master_NM.csv"
"state_mart","unified/bmf/state_marts/csv/","unified/bmf/state_marts/csv/bmf_master_NV.csv","2026-09-15T10:49:22.000Z","""5469b465c34dced71a96579a699496a8""",25168497,"25.17 mb","STANDARD","nccsdata","https://nccsdata.s3.us-east-1.amazonaws.com/unified/bmf/state_marts/csv/bmf_master_NV.csv"
"state_mart","unified/bmf/state_marts/csv/","unified/bmf/state_marts/csv/bmf_master_NY.csv","2026-09-15T10:49:22.000Z","""8b4fcf458fd7b4ca7edff94b5d760549-3""",217156719,"217.16 mb","STANDARD","nccsdata","https://nccsdata.s3.us-east-1.amazonaws.com/unified/bmf/state_marts/csv/bmf_master_NY.csv"
"state_mart","unified/bmf/state_marts/csv/","unified/bmf/state_marts/csv/bmf_master_OH.csv","2026-09-15T10:49:27.000Z","""2c1697744e1d580c4e2cc7d68c13151a-2""",142453064,"142.45 mb","STANDARD","nccsdata","https://nccsdata.s3.us-east-1.amazonaws.com/unified/bmf/state_marts/csv/bmf_master_OH.csv"
"state_mart","unified/bmf/state_marts/csv/","unified/bmf/state_marts/csv/bmf_master_OK.csv","2026-09-15T10:49:32.000Z","""edd6f44f4e2413fc337c168819a583d6""",42501583,"42.50 mb","STANDARD","nccsdata","https://nccsdata.s3.us-east-1.amazonaws.com/unified/bmf/state_marts/csv/bmf_master_OK.csv"
"state_mart","unified/bmf/state_marts/csv/","unified/bmf/state_marts/csv/bmf_master_OR.csv","2026-09-15T10:49:33.000Z","""0c9eaa78c4bd1718630dfddad53358d0""",48870723,"48.87 mb","STANDARD","nccsdata","https://nccsdata.s3.us-east-1.amazonaws.com/unified/bmf/state_marts/csv/bmf_master_OR.csv"
"state_mart","unified/bmf/state_marts/csv/","unified/bmf/state_marts/csv/bmf_master_PA.csv","2026-09-15T10:49:33.000Z","""a2440ac2404d734afa196ba1e882325b-2""",148163626,"148.16 mb","STANDARD","nccsdata","https://nccsdata.s3.us-east-1.amazonaws.com/unified/bmf/state_marts/csv/bmf_master_PA.csv"
"state_mart","unified/bmf/state_marts/csv/","unified/bmf/state_marts/csv/bmf_master_PR.csv","2026-09-15T10:49:39.000Z","""5e120a9fd3bbacf85da1da3d52e311ae""",5175229,"5.18 mb","STANDARD","nccsdata","https://nccsdata.s3.us-east-1.amazonaws.com/unified/bmf/state_marts/csv/bmf_master_PR.csv"
"state_mart","unified/bmf/state_marts/csv/","unified/bmf/state_marts/csv/bmf_master_PW.csv","2026-09-15T10:49:39.000Z","""2eaec8e1ca220cd5517926f09dc460db""",3431,"3.4 kb","STANDARD","nccsdata","https://nccsdata.s3.us-east-1.amazonaws.com/unified/bmf/state_marts/csv/bmf_master_PW.csv"
"state_mart","unified/bmf/state_marts/csv/","unified/bmf/state_marts/csv/bmf_master_RI.csv","2026-09-15T10:49:39.000Z","""357078e3d100bd4ccca2ed4dc03842b5""",12871152,"12.87 mb","STANDARD","nccsdata","https://nccsdata.s3.us-east-1.amazonaws.com/unified/bmf/state_marts/csv/bmf_master_RI.csv"
"state_mart","unified/bmf/state_marts/csv/","unified/bmf/state_marts/csv/bmf_master_SC.csv","2026-09-15T10:49:40.000Z","""75e9690bb503643ad454789b453613de""",55087745,"55.09 mb","STANDARD","nccsdata","https://nccsdata.s3.us-east-1.amazonaws.com/unified/bmf/state_marts/csv/bmf_master_SC.csv"
"state_mart","unified/bmf/state_marts/csv/","unified/bmf/state_marts/csv/bmf_master_SD.csv","2026-09-15T10:49:41.000Z","""df136b914fdb4b2cc772e5b1c274299b""",13775461,"13.78 mb","STANDARD","nccsdata","https://nccsdata.s3.us-east-1.amazonaws.com/unified/bmf/state_marts/csv/bmf_master_SD.csv"
"state_mart","unified/bmf/state_marts/csv/","unified/bmf/state_marts/csv/bmf_master_TN.csv","2026-09-15T10:49:42.000Z","""6ae1686d1d1dd4fb8018db9d94af3b1b""",70798870,"70.80 mb","STANDARD","nccsdata","https://nccsdata.s3.us-east-1.amazonaws.com/unified/bmf/state_marts/csv/bmf_master_TN.csv"
"state_mart","unified/bmf/state_marts/csv/","unified/bmf/state_marts/csv/bmf_master_TX.csv","2026-09-15T10:49:43.000Z","""c1c8d8d6021734e3104a3974e54d27fb-3""",269007405,"269.01 mb","STANDARD","nccsdata","https://nccsdata.s3.us-east-1.amazonaws.com/unified/bmf/state_marts/csv/bmf_master_TX.csv"
"state_mart","unified/bmf/state_marts/csv/","unified/bmf/state_marts/csv/bmf_master_UT.csv","2026-09-15T10:49:50.000Z","""c0a4b32c0439594ff03989c0e51acb85""",23673656,"23.67 mb","STANDARD","nccsdata","https://nccsdata.s3.us-east-1.amazonaws.com/unified/bmf/state_marts/csv/bmf_master_UT.csv"
"state_mart","unified/bmf/state_marts/csv/","unified/bmf/state_marts/csv/bmf_master_VA.csv","2026-09-15T10:49:51.000Z","""e0aa0ca89eb2f87145d64b4575f63ed2""",98180329,"98.18 mb","STANDARD","nccsdata","https://nccsdata.s3.us-east-1.amazonaws.com/unified/bmf/state_marts/csv/bmf_master_VA.csv"
"state_mart","unified/bmf/state_marts/csv/","unified/bmf/state_marts/csv/bmf_master_VI.csv","2026-09-15T10:49:52.000Z","""c3015883c203b834a4972a56949b4006""",1068055,"1.07 mb","STANDARD","nccsdata","https://nccsdata.s3.us-east-1.amazonaws.com/unified/bmf/state_marts/csv/bmf_master_VI.csv"
"state_mart","unified/bmf/state_marts/csv/","unified/bmf/state_marts/csv/bmf_master_VT.csv","2026-09-15T10:49:52.000Z","""0b1de8ee5ac314117d3a2c71a1af7998""",12016279,"12.02 mb","STANDARD","nccsdata","https://nccsdata.s3.us-east-1.amazonaws.com/unified/bmf/state_marts/csv/bmf_master_VT.csv"
"state_mart","unified/bmf/state_marts/csv/","unified/bmf/state_marts/csv/bmf_master_WA.csv","2026-09-15T10:49:54.000Z","""8088851ca761d50fbbc2a87e78b81bd6""",80009209,"80.01 mb","STANDARD","nccsdata","https://nccsdata.s3.us-east-1.amazonaws.com/unified/bmf/state_marts/csv/bmf_master_WA.csv"
"state_mart","unified/bmf/state_marts/csv/","unified/bmf/state_marts/csv/bmf_master_WI.csv","2026-09-15T10:49:56.000Z","""dca6e23409fb32f8fc0efc5dc7c720f0""",71330968,"71.33 mb","STANDARD","nccsdata","https://nccsdata.s3.us-east-1.amazonaws.com/unified/bmf/state_marts/csv/bmf_master_WI.csv"
"state_mart","unified/bmf/state_marts/csv/","unified/bmf/state_marts/csv/bmf_master_WV.csv","2026-09-15T10:49:57.000Z","""39c4619a575ab9d9798c062898f81e59""",22957787,"22.96 mb","STANDARD","nccsdata","https://nccsdata.s3.us-east-1.amazonaws.com/unified/bmf/state_marts/csv/bmf_master_WV.csv"
"state_mart","unified/bmf/state_marts/csv/","unified/bmf/state_marts/csv/bmf_master_WY.csv","2026-09-15T10:49:57.000Z","""30383187fcad791c06b05383e59bd4a5""",10619817,"10.62 mb","STANDARD","nccsdata","https://nccsdata.s3.us-east-1.amazonaws.com/unified/bmf/state_marts/csv/bmf_master_WY.csv"
"state_mart","unified/bmf/state_marts/csv/","unified/bmf/state_marts/csv/bmf_master_ZZ.csv","2026-09-15T10:49:57.000Z","""bee59f47a4f558faac1d5745350cf6aa""",4972525,"4.97 mb","STANDARD","nccsdata","https://nccsdata.s3.us-east-1.amazonaws.com/unified/bmf/state_marts/csv/bmf_master_ZZ.csv"
"state_mart_old","master/bmf/state_marts/csv/","master/bmf/state_marts/csv/bmf_master_AA.csv","2026-09-15T10:50:28.000Z","""70375934e35f840242907316ae36636f""",18291,"18.3 kb","STANDARD","nccsdata","https://nccsdata.s3.us-east-1.amazonaws.com/master/bmf/state_marts/csv/bmf_master_AA.csv"
"state_mart_old","master/bmf/state_marts/csv/","master/bmf/state_marts/csv/bmf_master_AE.csv","2026-09-15T10:50:29.000Z","""c2cbe3316753f9eb56c3d0d14abadd26""",316391,"0.32 mb","STANDARD","nccsdata","https://nccsdata.s3.us-east-1.amazonaws.com/master/bmf/state_marts/csv/bmf_master_AE.csv"
"state_mart_old","master/bmf/state_marts/csv/","master/bmf/state_marts/csv/bmf_master_AK.csv","2026-09-15T10:50:29.000Z","""d3261ab96a11c0e25f3eebba00471c1c""",10549016,"10.55 mb","STANDARD","nccsdata","https://nccsdata.s3.us-east-1.amazonaws.com/master/bmf/state_marts/csv/bmf_master_AK.csv"
"state_mart_old","master/bmf/state_marts/csv/","master/bmf/state_marts/csv/bmf_master_AL.csv","2026-09-15T10:50:30.000Z","""34ed0f03c047e52affda1e856006f25b""",48587263,"48.59 mb","STANDARD","nccsdata","https://nccsdata.s3.us-east-1.amazonaws.com/master/bmf/state_marts/csv/bmf_master_AL.csv"
"state_mart_old","master/bmf/state_marts/csv/","master/bmf/state_marts/csv/bmf_master_AP.csv","2026-09-15T10:50:30.000Z","""089cad60e8eff86516123c6a4f133622""",232029,"0.23 mb","STANDARD","nccsdata","https://nccsdata.s3.us-east-1.amazonaws.com/master/bmf/state_marts/csv/bmf_master_AP.csv"
"state_mart_old","master/bmf/state_marts/csv/","master/bmf/state_marts/csv/bmf_master_AR.csv","2026-09-15T10:50:31.000Z","""51778cf59ad1e16ac364cabbdcda13c7""",31386726,"31.39 mb","STANDARD","nccsdata","https://nccsdata.s3.us-east-1.amazonaws.com/master/bmf/state_marts/csv/bmf_master_AR.csv"
"state_mart_old","master/bmf/state_marts/csv/","master/bmf/state_marts/csv/bmf_master_AS.csv","2026-09-15T10:50:31.000Z","""5d0a7560f7eb6b193051836fe0de21ec""",154811,"0.15 mb","STANDARD","nccsdata","https://nccsdata.s3.us-east-1.amazonaws.com/master/bmf/state_marts/csv/bmf_master_AS.csv"
"state_mart_old","master/bmf/state_marts/csv/","master/bmf/state_marts/csv/bmf_master_AZ.csv","2026-09-15T10:50:32.000Z","""33bf8826b9d1fc3e7b2a1cca80cb05c8""",57425945,"57.43 mb","STANDARD","nccsdata","https://nccsdata.s3.us-east-1.amazonaws.com/master/bmf/state_marts/csv/bmf_master_AZ.csv"
"state_mart_old","master/bmf/state_marts/csv/","master/bmf/state_marts/csv/bmf_master_CA.csv","2026-09-15T10:50:32.000Z","""c712a5dfab935ec0ff3d80f01eda5882-4""",381352644,"381.35 mb","STANDARD","nccsdata","https://nccsdata.s3.us-east-1.amazonaws.com/master/bmf/state_marts/csv/bmf_master_CA.csv"
"state_mart_old","master/bmf/state_marts/csv/","master/bmf/state_marts/csv/bmf_master_CO.csv","2026-09-15T10:50:43.000Z","""47479c30b3db0ea92d4b4444285e247a""",67644092,"67.64 mb","STANDARD","nccsdata","https://nccsdata.s3.us-east-1.amazonaws.com/master/bmf/state_marts/csv/bmf_master_CO.csv"
"state_mart_old","master/bmf/state_marts/csv/","master/bmf/state_marts/csv/bmf_master_CT.csv","2026-09-15T10:50:44.000Z","""c188513ec57dded614e33ad6c04d4e68""",43209531,"43.21 mb","STANDARD","nccsdata","https://nccsdata.s3.us-east-1.amazonaws.com/master/bmf/state_marts/csv/bmf_master_CT.csv"
"state_mart_old","master/bmf/state_marts/csv/","master/bmf/state_marts/csv/bmf_master_DC.csv","2026-09-15T10:50:45.000Z","""5bdf0ccdab2843127510eb14cac0bab1""",33620674,"33.62 mb","STANDARD","nccsdata","https://nccsdata.s3.us-east-1.amazonaws.com/master/bmf/state_marts/csv/bmf_master_DC.csv"
"state_mart_old","master/bmf/state_marts/csv/","master/bmf/state_marts/csv/bmf_master_DE.csv","2026-09-15T10:50:45.000Z","""0da2fea6a2dd90b0fbd0506c729b6aae""",17124394,"17.12 mb","STANDARD","nccsdata","https://nccsdata.s3.us-east-1.amazonaws.com/master/bmf/state_marts/csv/bmf_master_DE.csv"
"state_mart_old","master/bmf/state_marts/csv/","master/bmf/state_marts/csv/bmf_master_FL.csv","2026-09-15T10:50:46.000Z","""0f526e5a819c33cbcf91f61d1d114081-3""",206799762,"206.80 mb","STANDARD","nccsdata","https://nccsdata.s3.us-east-1.amazonaws.com/master/bmf/state_marts/csv/bmf_master_FL.csv"
"state_mart_old","master/bmf/state_marts/csv/","master/bmf/state_marts/csv/bmf_master_FM.csv","2026-09-15T10:50:52.000Z","""89555d368b4079cb5ab2b837e4328873""",6660,"6.7 kb","STANDARD","nccsdata","https://nccsdata.s3.us-east-1.amazonaws.com/master/bmf/state_marts/csv/bmf_master_FM.csv"
"state_mart_old","master/bmf/state_marts/csv/","master/bmf/state_marts/csv/bmf_master_GA.csv","2026-09-15T10:50:52.000Z","""e5a0b237b3579aa628285b6da937833d-2""",111329095,"111.33 mb","STANDARD","nccsdata","https://nccsdata.s3.us-east-1.amazonaws.com/master/bmf/state_marts/csv/bmf_master_GA.csv"
"state_mart_old","master/bmf/state_marts/csv/","master/bmf/state_marts/csv/bmf_master_GU.csv","2026-09-15T10:50:55.000Z","""63877b20e29d0b14db896cf763eab67b""",292209,"0.29 mb","STANDARD","nccsdata","https://nccsdata.s3.us-east-1.amazonaws.com/master/bmf/state_marts/csv/bmf_master_GU.csv"
"state_mart_old","master/bmf/state_marts/csv/","master/bmf/state_marts/csv/bmf_master_HI.csv","2026-09-15T10:50:55.000Z","""2bc2bdba9a9d7755f1966c8fb1ddee72""",17114809,"17.11 mb","STANDARD","nccsdata","https://nccsdata.s3.us-east-1.amazonaws.com/master/bmf/state_marts/csv/bmf_master_HI.csv"
"state_mart_old","master/bmf/state_marts/csv/","master/bmf/state_marts/csv/bmf_master_IA.csv","2026-09-15T10:50:56.000Z","""2ec687adea59eadd1325789142a74b9f""",53273813,"53.27 mb","STANDARD","nccsdata","https://nccsdata.s3.us-east-1.amazonaws.com/master/bmf/state_marts/csv/bmf_master_IA.csv"
"state_mart_old","master/bmf/state_marts/csv/","master/bmf/state_marts/csv/bmf_master_ID.csv","2026-09-15T10:50:57.000Z","""e41a615db57eca6e03733cb298a134ca""",19118126,"19.12 mb","STANDARD","nccsdata","https://nccsdata.s3.us-east-1.amazonaws.com/master/bmf/state_marts/csv/bmf_master_ID.csv"
"state_mart_old","master/bmf/state_marts/csv/","master/bmf/state_marts/csv/bmf_master_IL.csv","2026-09-15T10:50:57.000Z","""34abac1f502589e6531423e8ec8ddc49-2""",147356933,"147.36 mb","STANDARD","nccsdata","https://nccsdata.s3.us-east-1.amazonaws.com/master/bmf/state_marts/csv/bmf_master_IL.csv"
"state_mart_old","master/bmf/state_marts/csv/","master/bmf/state_marts/csv/bmf_master_IN.csv","2026-09-15T10:51:02.000Z","""4ae9c7e597bbb3b763c7c62156c60505""",81095150,"81.10 mb","STANDARD","nccsdata","https://nccsdata.s3.us-east-1.amazonaws.com/master/bmf/state_marts/csv/bmf_master_IN.csv"
"state_mart_old","master/bmf/state_marts/csv/","master/bmf/state_marts/csv/bmf_master_KS.csv","2026-09-15T10:51:04.000Z","""0d035e425fcdf3f42ba95ac867694887""",35186991,"35.19 mb","STANDARD","nccsdata","https://nccsdata.s3.us-east-1.amazonaws.com/master/bmf/state_marts/csv/bmf_master_KS.csv"
"state_mart_old","master/bmf/state_marts/csv/","master/bmf/state_marts/csv/bmf_master_KY.csv","2026-09-15T10:51:05.000Z","""c143d66130f0fb565163da706b0b7055""",41929394,"41.93 mb","STANDARD","nccsdata","https://nccsdata.s3.us-east-1.amazonaws.com/master/bmf/state_marts/csv/bmf_master_KY.csv"
"state_mart_old","master/bmf/state_marts/csv/","master/bmf/state_marts/csv/bmf_master_LA.csv","2026-09-15T10:51:06.000Z","""e413ee41058607c0a309988ff122a24c""",46640323,"46.64 mb","STANDARD","nccsdata","https://nccsdata.s3.us-east-1.amazonaws.com/master/bmf/state_marts/csv/bmf_master_LA.csv"
"state_mart_old","master/bmf/state_marts/csv/","master/bmf/state_marts/csv/bmf_master_MA.csv","2026-09-15T10:51:07.000Z","""c6396397de7b5b8db6fa9b76c568e08b""",81780963,"81.78 mb","STANDARD","nccsdata","https://nccsdata.s3.us-east-1.amazonaws.com/master/bmf/state_marts/csv/bmf_master_MA.csv"
"state_mart_old","master/bmf/state_marts/csv/","master/bmf/state_marts/csv/bmf_master_MD.csv","2026-09-15T10:51:09.000Z","""2198273c9e30b7fe716913c93679275f""",80160603,"80.16 mb","STANDARD","nccsdata","https://nccsdata.s3.us-east-1.amazonaws.com/master/bmf/state_marts/csv/bmf_master_MD.csv"
"state_mart_old","master/bmf/state_marts/csv/","master/bmf/state_marts/csv/bmf_master_ME.csv","2026-09-15T10:51:10.000Z","""c04abfdf057a06e5ed4f5faad5bb316a""",18428006,"18.43 mb","STANDARD","nccsdata","https://nccsdata.s3.us-east-1.amazonaws.com/master/bmf/state_marts/csv/bmf_master_ME.csv"
"state_mart_old","master/bmf/state_marts/csv/","master/bmf/state_marts/csv/bmf_master_MH.csv","2026-09-15T10:51:10.000Z","""9cf69d5349c2eb7ef8774b14010d6cd6""",3815,"3.8 kb","STANDARD","nccsdata","https://nccsdata.s3.us-east-1.amazonaws.com/master/bmf/state_marts/csv/bmf_master_MH.csv"
"state_mart_old","master/bmf/state_marts/csv/","master/bmf/state_marts/csv/bmf_master_MI.csv","2026-09-15T10:51:10.000Z","""95098218c4462f55282a2962643a8253-2""",108377923,"108.38 mb","STANDARD","nccsdata","https://nccsdata.s3.us-east-1.amazonaws.com/master/bmf/state_marts/csv/bmf_master_MI.csv"
"state_mart_old","master/bmf/state_marts/csv/","master/bmf/state_marts/csv/bmf_master_MN.csv","2026-09-15T10:51:14.000Z","""be7af60ce08224a27887f31ee608aa3c""",73320709,"73.32 mb","STANDARD","nccsdata","https://nccsdata.s3.us-east-1.amazonaws.com/master/bmf/state_marts/csv/bmf_master_MN.csv"
"state_mart_old","master/bmf/state_marts/csv/","master/bmf/state_marts/csv/bmf_master_MO.csv","2026-09-15T10:51:16.000Z","""f0a3c700329e6758dbdc670ffce1e1be""",82094075,"82.09 mb","STANDARD","nccsdata","https://nccsdata.s3.us-east-1.amazonaws.com/master/bmf/state_marts/csv/bmf_master_MO.csv"
"state_mart_old","master/bmf/state_marts/csv/","master/bmf/state_marts/csv/bmf_master_MP.csv","2026-09-15T10:51:17.000Z","""adc809fe6a369319882929df56c5193f""",161621,"0.16 mb","STANDARD","nccsdata","https://nccsdata.s3.us-east-1.amazonaws.com/master/bmf/state_marts/csv/bmf_master_MP.csv"
"state_mart_old","master/bmf/state_marts/csv/","master/bmf/state_marts/csv/bmf_master_MS.csv","2026-09-15T10:51:17.000Z","""6565503bfecfea6464e426740df5791a""",29541478,"29.54 mb","STANDARD","nccsdata","https://nccsdata.s3.us-east-1.amazonaws.com/master/bmf/state_marts/csv/bmf_master_MS.csv"
"state_mart_old","master/bmf/state_marts/csv/","master/bmf/state_marts/csv/bmf_master_MT.csv","2026-09-15T10:51:18.000Z","""dfc4285e778974eca3038f46123a0cd0""",20450230,"20.45 mb","STANDARD","nccsdata","https://nccsdata.s3.us-east-1.amazonaws.com/master/bmf/state_marts/csv/bmf_master_MT.csv"
"state_mart_old","master/bmf/state_marts/csv/","master/bmf/state_marts/csv/bmf_master_NC.csv","2026-09-15T10:51:18.000Z","""083c30343046a72feb036638b0d9dd63-2""",106573452,"106.57 mb","STANDARD","nccsdata","https://nccsdata.s3.us-east-1.amazonaws.com/master/bmf/state_marts/csv/bmf_master_NC.csv"
"state_mart_old","master/bmf/state_marts/csv/","master/bmf/state_marts/csv/bmf_master_ND.csv","2026-09-15T10:51:21.000Z","""7e363c268f94b1b46e6026787a457687""",12135082,"12.14 mb","STANDARD","nccsdata","https://nccsdata.s3.us-east-1.amazonaws.com/master/bmf/state_marts/csv/bmf_master_ND.csv"
"state_mart_old","master/bmf/state_marts/csv/","master/bmf/state_marts/csv/bmf_master_NE.csv","2026-09-15T10:51:22.000Z","""4bf8fb2601d070edc9afd5f285a84b9c""",26325446,"26.33 mb","STANDARD","nccsdata","https://nccsdata.s3.us-east-1.amazonaws.com/master/bmf/state_marts/csv/bmf_master_NE.csv"
"state_mart_old","master/bmf/state_marts/csv/","master/bmf/state_marts/csv/bmf_master_NH.csv","2026-09-15T10:51:22.000Z","""f02581e1f2a9fb9bd08a3a9d06513773""",17104598,"17.10 mb","STANDARD","nccsdata","https://nccsdata.s3.us-east-1.amazonaws.com/master/bmf/state_marts/csv/bmf_master_NH.csv"
"state_mart_old","master/bmf/state_marts/csv/","master/bmf/state_marts/csv/bmf_master_NJ.csv","2026-09-15T10:51:24.000Z","""c08c43ee7f439da95595f10b433a01d0""",98226541,"98.23 mb","STANDARD","nccsdata","https://nccsdata.s3.us-east-1.amazonaws.com/master/bmf/state_marts/csv/bmf_master_NJ.csv"
"state_mart_old","master/bmf/state_marts/csv/","master/bmf/state_marts/csv/bmf_master_NM.csv","2026-09-15T10:51:25.000Z","""d5d1bab8dc84759e8d6eb451c0fe8d45""",21870061,"21.87 mb","STANDARD","nccsdata","https://nccsdata.s3.us-east-1.amazonaws.com/master/bmf/state_marts/csv/bmf_master_NM.csv"
"state_mart_old","master/bmf/state_marts/csv/","master/bmf/state_marts/csv/bmf_master_NV.csv","2026-09-15T10:51:26.000Z","""5469b465c34dced71a96579a699496a8""",25168497,"25.17 mb","STANDARD","nccsdata","https://nccsdata.s3.us-east-1.amazonaws.com/master/bmf/state_marts/csv/bmf_master_NV.csv"
"state_mart_old","master/bmf/state_marts/csv/","master/bmf/state_marts/csv/bmf_master_NY.csv","2026-09-15T10:51:26.000Z","""8b4fcf458fd7b4ca7edff94b5d760549-3""",217156719,"217.16 mb","STANDARD","nccsdata","https://nccsdata.s3.us-east-1.amazonaws.com/master/bmf/state_marts/csv/bmf_master_NY.csv"
"state_mart_old","master/bmf/state_marts/csv/","master/bmf/state_marts/csv/bmf_master_OH.csv","2026-09-15T10:51:32.000Z","""2c1697744e1d580c4e2cc7d68c13151a-2""",142453064,"142.45 mb","STANDARD","nccsdata","https://nccsdata.s3.us-east-1.amazonaws.com/master/bmf/state_marts/csv/bmf_master_OH.csv"
"state_mart_old","master/bmf/state_marts/csv/","master/bmf/state_marts/csv/bmf_master_OK.csv","2026-09-15T10:51:36.000Z","""edd6f44f4e2413fc337c168819a583d6""",42501583,"42.50 mb","STANDARD","nccsdata","https://nccsdata.s3.us-east-1.amazonaws.com/master/bmf/state_marts/csv/bmf_master_OK.csv"
"state_mart_old","master/bmf/state_marts/csv/","master/bmf/state_marts/csv/bmf_master_OR.csv","2026-09-15T10:51:37.000Z","""0c9eaa78c4bd1718630dfddad53358d0""",48870723,"48.87 mb","STANDARD","nccsdata","https://nccsdata.s3.us-east-1.amazonaws.com/master/bmf/state_marts/csv/bmf_master_OR.csv"
"state_mart_old","master/bmf/state_marts/csv/","master/bmf/state_marts/csv/bmf_master_PA.csv","2026-09-15T10:51:38.000Z","""a2440ac2404d734afa196ba1e882325b-2""",148163626,"148.16 mb","STANDARD","nccsdata","https://nccsdata.s3.us-east-1.amazonaws.com/master/bmf/state_marts/csv/bmf_master_PA.csv"
"state_mart_old","master/bmf/state_marts/csv/","master/bmf/state_marts/csv/bmf_master_PR.csv","2026-09-15T10:51:43.000Z","""5e120a9fd3bbacf85da1da3d52e311ae""",5175229,"5.18 mb","STANDARD","nccsdata","https://nccsdata.s3.us-east-1.amazonaws.com/master/bmf/state_marts/csv/bmf_master_PR.csv"
"state_mart_old","master/bmf/state_marts/csv/","master/bmf/state_marts/csv/bmf_master_PW.csv","2026-09-15T10:51:43.000Z","""2eaec8e1ca220cd5517926f09dc460db""",3431,"3.4 kb","STANDARD","nccsdata","https://nccsdata.s3.us-east-1.amazonaws.com/master/bmf/state_marts/csv/bmf_master_PW.csv"
"state_mart_old","master/bmf/state_marts/csv/","master/bmf/state_marts/csv/bmf_master_RI.csv","2026-09-15T10:51:43.000Z","""357078e3d100bd4ccca2ed4dc03842b5""",12871152,"12.87 mb","STANDARD","nccsdata","https://nccsdata.s3.us-east-1.amazonaws.com/master/bmf/state_marts/csv/bmf_master_RI.csv"
"state_mart_old","master/bmf/state_marts/csv/","master/bmf/state_marts/csv/bmf_master_SC.csv","2026-09-15T10:51:44.000Z","""75e9690bb503643ad454789b453613de""",55087745,"55.09 mb","STANDARD","nccsdata","https://nccsdata.s3.us-east-1.amazonaws.com/master/bmf/state_marts/csv/bmf_master_SC.csv"
"state_mart_old","master/bmf/state_marts/csv/","master/bmf/state_marts/csv/bmf_master_SD.csv","2026-09-15T10:51:45.000Z","""df136b914fdb4b2cc772e5b1c274299b""",13775461,"13.78 mb","STANDARD","nccsdata","https://nccsdata.s3.us-east-1.amazonaws.com/master/bmf/state_marts/csv/bmf_master_SD.csv"
"state_mart_old","master/bmf/state_marts/csv/","master/bmf/state_marts/csv/bmf_master_TN.csv","2026-09-15T10:51:46.000Z","""6ae1686d1d1dd4fb8018db9d94af3b1b""",70798870,"70.80 mb","STANDARD","nccsdata","https://nccsdata.s3.us-east-1.amazonaws.com/master/bmf/state_marts/csv/bmf_master_TN.csv"
"state_mart_old","master/bmf/state_marts/csv/","master/bmf/state_marts/csv/bmf_master_TX.csv","2026-09-15T10:51:47.000Z","""c1c8d8d6021734e3104a3974e54d27fb-3""",269007405,"269.01 mb","STANDARD","nccsdata","https://nccsdata.s3.us-east-1.amazonaws.com/master/bmf/state_marts/csv/bmf_master_TX.csv"
"state_mart_old","master/bmf/state_marts/csv/","master/bmf/state_marts/csv/bmf_master_UT.csv","2026-09-15T10:51:54.000Z","""c0a4b32c0439594ff03989c0e51acb85""",23673656,"23.67 mb","STANDARD","nccsdata","https://nccsdata.s3.us-east-1.amazonaws.com/master/bmf/state_marts/csv/bmf_master_UT.csv"
"state_mart_old","master/bmf/state_marts/csv/","master/bmf/state_marts/csv/bmf_master_VA.csv","2026-09-15T10:51:55.000Z","""e0aa0ca89eb2f87145d64b4575f63ed2""",98180329,"98.18 mb","STANDARD","nccsdata","https://nccsdata.s3.us-east-1.amazonaws.com/master/bmf/state_marts/csv/bmf_master_VA.csv"
"state_mart_old","master/bmf/state_marts/csv/","master/bmf/state_marts/csv/bmf_master_VI.csv","2026-09-15T10:51:56.000Z","""c3015883c203b834a4972a56949b4006""",1068055,"1.07 mb","STANDARD","nccsdata","https://nccsdata.s3.us-east-1.amazonaws.com/master/bmf/state_marts/csv/bmf_master_VI.csv"
"state_mart_old","master/bmf/state_marts/csv/","master/bmf/state_marts/csv/bmf_master_VT.csv","2026-09-15T10:51:57.000Z","""0b1de8ee5ac314117d3a2c71a1af7998""",12016279,"12.02 mb","STANDARD","nccsdata","https://nccsdata.s3.us-east-1.amazonaws.com/master/bmf/state_marts/csv/bmf_master_VT.csv"
"state_mart_old","master/bmf/state_marts/csv/","master/bmf/state_marts/csv/bmf_master_WA.csv","2026-09-15T10:51:58.000Z","""8088851ca761d50fbbc2a87e78b81bd6""",80009209,"80.01 mb","STANDARD","nccsdata","https://nccsdata.s3.us-east-1.amazonaws.com/master/bmf/state_marts/csv/bmf_master_WA.csv"
"state_mart_old","master/bmf/state_marts/csv/","master/bmf/state_marts/csv/bmf_master_WI.csv","2026-09-15T10:52:00.000Z","""dca6e23409fb32f8fc0efc5dc7c720f0""",71330968,"71.33 mb","STANDARD","nccsdata","https://nccsdata.s3.us-east-1.amazonaws.com/master/bmf/state_marts/csv/bmf_master_WI.csv"
"state_mart_old","master/bmf/state_marts/csv/","master/bmf/state_marts/csv/bmf_master_WV.csv","2026-09-15T10:52:01.000Z","""39c4619a575ab9d9798c062898f81e59""",22957787,"22.96 mb","STANDARD","nccsdata","https://nccsdata.s3.us-east-1.amazonaws.com/master/bmf/state_marts/csv/bmf_master_WV.csv"
"state_mart_old","master/bmf/state_marts/csv/","master/bmf/state_marts/csv/bmf_master_WY.csv","2026-09-15T10:52:01.000Z","""30383187fcad791c06b05383e59bd4a5""",10619817,"10.62 mb","STANDARD","nccsdata","https://nccsdata.s3.us-east-1.amazonaws.com/master/bmf/state_marts/csv/bmf_master_WY.csv"
"state_mart_old","master/bmf/state_marts/csv/","master/bmf/state_marts/csv/bmf_master_ZZ.csv","2026-09-15T10:52:01.000Z","""bee59f47a4f558faac1d5745350cf6aa""",4972525,"4.97 mb","STANDARD","nccsdata","https://nccsdata.s3.us-east-1.amazonaws.com/master/bmf/state_marts/csv/bmf_master_ZZ.csv"
"geocoded","geocoding/unified-bmf/","geocoding/unified-bmf/latest/_manifest.json","2026-09-15T10:43:44.000Z","""e57399391966d4a74221573a1f4ce606""",1098,"1.1 kb","STANDARD","nccsdata","https://nccsdata.s3.us-east-1.amazonaws.com/geocoding/unified-bmf/latest/_manifest.json"
"geocoded","geocoding/unified-bmf/","geocoding/unified-bmf/latest/bmf_unified_geocoded.csv","2026-09-15T10:43:31.000Z","""7864e64d448ff96dbcbea9355df5fd9c-429""",3592971144,"3592.97 mb","STANDARD","nccsdata","https://nccsdata.s3.us-east-1.amazonaws.com/geocoding/unified-bmf/latest/bmf_unified_geocoded.csv"
"geocoded","geocoding/unified-bmf/","geocoding/unified-bmf/latest/bmf_unified_geocoded.parquet","2026-09-15T10:43:15.000Z","""3723504ce0b0e04b4cad83b9866f623c-7""",641457275,"641.46 mb","STANDARD","nccsdata","https://nccsdata.s3.us-east-1.amazonaws.com/geocoding/unified-bmf/latest/bmf_unified_geocoded.parquet"
"geocoded","geocoding/unified-bmf/","geocoding/unified-bmf/latest/bmf_unified_geocoded_data_dictionary.csv","2026-09-15T10:43:44.000Z","""186ea6dda0a3b5aa51df4d8d1f41968e""",10868,"10.9 kb","STANDARD","nccsdata","https://nccsdata.s3.us-east-1.amazonaws.com/geocoding/unified-bmf/latest/bmf_unified_geocoded_data_dictionary.csv"
"geocoded","geocoding/unified-bmf/","geocoding/unified-bmf/latest/bmf_unified_geocoded_quality_report.json","2026-09-15T10:43:44.000Z","""fd9bef489e1157ad038d2009983864c2""",214,"0.2 kb","STANDARD","nccsdata","https://nccsdata.s3.us-east-1.amazonaws.com/geocoding/unified-bmf/latest/bmf_unified_geocoded_quality_report.json"
"geocoded","geocoding/unified-bmf/","geocoding/unified-bmf/merged/_manifest.json","2026-09-15T10:44:14.000Z","""e57399391966d4a74221573a1f4ce606""",1098,"1.1 kb","STANDARD","nccsdata","https://nccsdata.s3.us-east-1.amazonaws.com/geocoding/unified-bmf/merged/_manifest.json"
"geocoded","geocoding/unified-bmf/","geocoding/unified-bmf/merged/bmf_unified_geocoded.csv","2026-09-15T10:44:00.000Z","""7864e64d448ff96dbcbea9355df5fd9c-429""",3592971144,"3592.97 mb","STANDARD","nccsdata","https://nccsdata.s3.us-east-1.amazonaws.com/geocoding/unified-bmf/merged/bmf_unified_geocoded.csv"
"geocoded","geocoding/unified-bmf/","geocoding/unified-bmf/merged/bmf_unified_geocoded.parquet","2026-09-15T10:43:45.000Z","""3723504ce0b0e04b4cad83b9866f623c-7""",641457275,"641.46 mb","STANDARD","nccsdata","https://nccsdata.s3.us-east-1.amazonaws.com/geocoding/unified-bmf/merged/bmf_unified_geocoded.parquet"
"geocoded","geocoding/unified-bmf/","geocoding/unified-bmf/merged/bmf_unified_geocoded_data_dictionary.csv","2026-09-15T10:44:14.000Z","""186ea6dda0a3b5aa51df4d8d1f41968e""",10868,"10.9 kb","STANDARD","nccsdata","https://nccsdata.s3.us-east-1.amazonaws.com/geocoding/unified-bmf/merged/bmf_unified_geocoded_data_dictionary.csv"
"geocoded","geocoding/unified-bmf/","geocoding/unified-bmf/merged/bmf_unified_geocoded_quality_report.json","2026-09-15T10:44:13.000Z","""fd9bef489e1157ad038d2009983864c2""",214,"0.2 kb","STANDARD","nccsdata","https://nccsdata.s3.us-east-1.amazonaws.com/geocoding/unified-bmf/merged/bmf_unified_geocoded_quality_report.json"
"geocoded","geocoding/unified-bmf/","geocoding/unified-bmf/runs/LATEST_RUN","2026-09-15T01:02:03.000Z","""a7a8dbf049e2adeb2bd0c50d4a10ae0a""",30,"0.0 kb","STANDARD","nccsdata","https://nccsdata.s3.us-east-1.amazonaws.com/geocoding/unified-bmf/runs/LATEST_RUN"
"geocoded","geocoding/unified-bmf/","geocoding/unified-bmf/runs/delta_2026_08_11_thiya/bmf_master_geocoder_manifest.json","2026-08-11T17:32:00.000Z","""9169cb4f0de33b47941f6fca6f2912a6""",906,"0.9 kb","STANDARD","nccsdata","https://nccsdata.s3.us-east-1.amazonaws.com/geocoding/unified-bmf/runs/delta_2026_08_11_thiya/bmf_master_geocoder_manifest.json"
"geocoded","geocoding/unified-bmf/","geocoding/unified-bmf/runs/delta_2026_08_11_thiya/geocode_ledger.tsv","2026-08-11T17:24:43.000Z","""bd3a4084ad9bef9a724c04e84451c48a""",500,"0.5 kb","STANDARD","nccsdata","https://nccsdata.s3.us-east-1.amazonaws.com/geocoding/unified-bmf/runs/delta_2026_08_11_thiya/geocode_ledger.tsv"
"geocoded","geocoding/unified-bmf/","geocoding/unified-bmf/runs/delta_2026_08_11_thiya/thiya-1786457085-public.csv","2026-08-11T17:24:43.000Z","""869cfeb07a751d6c05763fec1be08361-4""",27807116,"27.81 mb","STANDARD","nccsdata","https://nccsdata.s3.us-east-1.amazonaws.com/geocoding/unified-bmf/runs/delta_2026_08_11_thiya/thiya-1786457085-public.csv"
"geocoded","geocoding/unified-bmf/","geocoding/unified-bmf/runs/delta_2026_09_15_005857_thiya/bmf_master_geocoder_manifest.json","2026-09-15T01:02:03.000Z","""6c51f70a560227e87e377564f1db4315""",881,"0.9 kb","STANDARD","nccsdata","https://nccsdata.s3.us-east-1.amazonaws.com/geocoding/unified-bmf/runs/delta_2026_09_15_005857_thiya/bmf_master_geocoder_manifest.json"
"geocoded","geocoding/unified-bmf/","geocoding/unified-bmf/runs/delta_2026_09_15_005857_thiya/geocode_ledger.tsv","2026-09-15T02:38:53.000Z","""5d90bd8c5171e6da485714ebb605cd45""",330,"0.3 kb","STANDARD","nccsdata","https://nccsdata.s3.us-east-1.amazonaws.com/geocoding/unified-bmf/runs/delta_2026_09_15_005857_thiya/geocode_ledger.tsv"
"geocoded","geocoding/unified-bmf/","geocoding/unified-bmf/runs/delta_2026_09_15_005857_thiya/staged/bmf_master_geocoder_batch_01.csv","2026-09-15T01:02:02.000Z","""d65e9ab27a15d1241e289cea2ebfd15c""",721285,"0.72 mb","STANDARD","nccsdata","https://nccsdata.s3.us-east-1.amazonaws.com/geocoding/unified-bmf/runs/delta_2026_09_15_005857_thiya/staged/bmf_master_geocoder_batch_01.csv"
"geocoded","geocoding/unified-bmf/","geocoding/unified-bmf/runs/delta_2026_09_15_005857_thiya/staged/thiya-1789434121-public.json","2026-09-15T01:02:03.000Z","""3af0ef67a1129b4f79e2128ca6430a18""",319,"0.3 kb","STANDARD","nccsdata","https://nccsdata.s3.us-east-1.amazonaws.com/geocoding/unified-bmf/runs/delta_2026_09_15_005857_thiya/staged/thiya-1789434121-public.json"
"geocoded","geocoding/unified-bmf/","geocoding/unified-bmf/runs/delta_2026_09_15_005857_thiya/thiya-1789434121-public.csv","2026-09-15T02:38:50.000Z","""596024453f90b9a37649505d0d40c4c1""",7340371,"7.34 mb","STANDARD","nccsdata","https://nccsdata.s3.us-east-1.amazonaws.com/geocoding/unified-bmf/runs/delta_2026_09_15_005857_thiya/thiya-1789434121-public.csv"
"geocoded","geocoding/unified-bmf/","geocoding/unified-bmf/runs/z1_2026_07/geocode_ledger.tsv","2026-07-29T21:20:34.000Z","""ceddfb8e0d275cca50af63ea687aa0f7""",162,"0.2 kb","STANDARD","nccsdata","https://nccsdata.s3.us-east-1.amazonaws.com/geocoding/unified-bmf/runs/z1_2026_07/geocode_ledger.tsv"
"geocoded","geocoding/unified-bmf/","geocoding/unified-bmf/v2026_07/_manifest.json","2026-07-30T02:02:37.000Z","""1d9f646c0e931b712ca2abe62baf5fbc""",1098,"1.1 kb","STANDARD","nccsdata","https://nccsdata.s3.us-east-1.amazonaws.com/geocoding/unified-bmf/v2026_07/_manifest.json"
"geocoded","geocoding/unified-bmf/","geocoding/unified-bmf/v2026_07/bmf_unified_geocoded.csv","2026-07-30T02:02:53.000Z","""05dbf110f712d0fb2198f2163f201a39-426""",3571309359,"3571.31 mb","STANDARD","nccsdata","https://nccsdata.s3.us-east-1.amazonaws.com/geocoding/unified-bmf/v2026_07/bmf_unified_geocoded.csv"
"geocoded","geocoding/unified-bmf/","geocoding/unified-bmf/v2026_07/bmf_unified_geocoded.parquet","2026-07-30T02:03:10.000Z","""75b3f669ba519412b814bb7dabb4add8-77""",638747791,"638.75 mb","STANDARD","nccsdata","https://nccsdata.s3.us-east-1.amazonaws.com/geocoding/unified-bmf/v2026_07/bmf_unified_geocoded.parquet"
"geocoded","geocoding/unified-bmf/","geocoding/unified-bmf/v2026_07/bmf_unified_geocoded_data_dictionary.csv","2026-07-30T02:03:13.000Z","""5f232d68596e2af6db8747ccd285d4cf""",10873,"10.9 kb","STANDARD","nccsdata","https://nccsdata.s3.us-east-1.amazonaws.com/geocoding/unified-bmf/v2026_07/bmf_unified_geocoded_data_dictionary.csv"
"geocoded","geocoding/unified-bmf/","geocoding/unified-bmf/v2026_07/bmf_unified_geocoded_quality_report.json","2026-07-30T02:03:14.000Z","""5b2d1c423a3243f332a97b16e2bc1c24""",214,"0.2 kb","STANDARD","nccsdata","https://nccsdata.s3.us-east-1.amazonaws.com/geocoding/unified-bmf/v2026_07/bmf_unified_geocoded_quality_report.json"
"geocoded","geocoding/unified-bmf/","geocoding/unified-bmf/v2026_08/_manifest.json","2026-08-11T16:25:27.000Z","""9d69739a280da36d589c61f75a468342""",1128,"1.1 kb","STANDARD","nccsdata","https://nccsdata.s3.us-east-1.amazonaws.com/geocoding/unified-bmf/v2026_08/_manifest.json"
"geocoded","geocoding/unified-bmf/","geocoding/unified-bmf/v2026_08/bmf_unified_geocoded.parquet","2026-08-11T16:15:01.000Z","""9fab1eb89ff2ac682cd7dd0bf83d1909-7""",641606295,"641.61 mb","STANDARD","nccsdata","https://nccsdata.s3.us-east-1.amazonaws.com/geocoding/unified-bmf/v2026_08/bmf_unified_geocoded.parquet"
"geocoded","geocoding/unified-bmf/","geocoding/unified-bmf/v2026_09/_manifest.json","2026-09-15T10:43:15.000Z","""e57399391966d4a74221573a1f4ce606""",1098,"1.1 kb","STANDARD","nccsdata","https://nccsdata.s3.us-east-1.amazonaws.com/geocoding/unified-bmf/v2026_09/_manifest.json"
"geocoded","geocoding/unified-bmf/","geocoding/unified-bmf/v2026_09/bmf_unified_geocoded.parquet","2026-09-15T10:42:54.000Z","""3723504ce0b0e04b4cad83b9866f623c-7""",641457275,"641.46 mb","STANDARD","nccsdata","https://nccsdata.s3.us-east-1.amazonaws.com/geocoding/unified-bmf/v2026_09/bmf_unified_geocoded.parquet"
"geocoded_old","geocoding/bmf-master/merged/","geocoding/bmf-master/merged/bmf_master_geocoded.csv","2026-09-15T10:44:29.000Z","""7864e64d448ff96dbcbea9355df5fd9c-429""",3592971144,"3592.97 mb","STANDARD","nccsdata","https://nccsdata.s3.us-east-1.amazonaws.com/geocoding/bmf-master/merged/bmf_master_geocoded.csv"
"geocoded_old","geocoding/bmf-master/merged/","geocoding/bmf-master/merged/bmf_master_geocoded.parquet","2026-09-15T10:44:14.000Z","""3723504ce0b0e04b4cad83b9866f623c-7""",641457275,"641.46 mb","STANDARD","nccsdata","https://nccsdata.s3.us-east-1.amazonaws.com/geocoding/bmf-master/merged/bmf_master_geocoded.parquet"
"geocoded_old","geocoding/bmf-master/merged/","geocoding/bmf-master/merged/bmf_master_geocoded_data_dictionary.csv","2026-09-15T10:44:42.000Z","""186ea6dda0a3b5aa51df4d8d1f41968e""",10868,"10.9 kb","STANDARD","nccsdata","https://nccsdata.s3.us-east-1.amazonaws.com/geocoding/bmf-master/merged/bmf_master_geocoded_data_dictionary.csv"
"geocoded_old","geocoding/bmf-master/merged/","geocoding/bmf-master/merged/bmf_master_geocoded_quality_report.json","2026-09-15T10:44:42.000Z","""fd9bef489e1157ad038d2009983864c2""",214,"0.2 kb","STANDARD","nccsdata","https://nccsdata.s3.us-east-1.amazonaws.com/geocoding/bmf-master/merged/bmf_master_geocoded_quality_report.json"
"addr_resolved","crosswalks/address-resolved/","crosswalks/address-resolved/latest/_manifest.json","2026-07-30T01:04:39.000Z","""79993f54dbf1bbed3c93d5a5a5e4fda2""",1643,"1.6 kb","STANDARD","nccsdata","https://nccsdata.s3.us-east-1.amazonaws.com/crosswalks/address-resolved/latest/_manifest.json"
"addr_resolved","crosswalks/address-resolved/","crosswalks/address-resolved/latest/address_resolved_crosswalk.csv","2026-07-30T01:04:11.000Z","""0839dbe792556e54cba518d5663174cb-12""",1138271428,"1138.27 mb","STANDARD","nccsdata","https://nccsdata.s3.us-east-1.amazonaws.com/crosswalks/address-resolved/latest/address_resolved_crosswalk.csv"
"addr_resolved","crosswalks/address-resolved/","crosswalks/address-resolved/latest/address_resolved_crosswalk.parquet","2026-07-30T01:04:06.000Z","""e27d0faf91579c22b372f7354e5b2437-2""",180904169,"180.90 mb","STANDARD","nccsdata","https://nccsdata.s3.us-east-1.amazonaws.com/crosswalks/address-resolved/latest/address_resolved_crosswalk.parquet"
"addr_resolved","crosswalks/address-resolved/","crosswalks/address-resolved/latest/address_resolved_crosswalk_quality.json","2026-07-26T22:11:34.000Z","""c4010c8e3032aad7a24a29a9cf3d51d2""",353,"0.4 kb","STANDARD","nccsdata","https://nccsdata.s3.us-east-1.amazonaws.com/crosswalks/address-resolved/latest/address_resolved_crosswalk_quality.json"
"addr_resolved","crosswalks/address-resolved/","crosswalks/address-resolved/v2026_07/_manifest.json","2026-07-30T01:03:56.000Z","""04fe9a335951876946c9bcf0ba2a182f""",1643,"1.6 kb","STANDARD","nccsdata","https://nccsdata.s3.us-east-1.amazonaws.com/crosswalks/address-resolved/v2026_07/_manifest.json"
"addr_resolved","crosswalks/address-resolved/","crosswalks/address-resolved/v2026_07/address_resolved_crosswalk.csv","2026-07-30T01:03:28.000Z","""0839dbe792556e54cba518d5663174cb-12""",1138271428,"1138.27 mb","STANDARD","nccsdata","https://nccsdata.s3.us-east-1.amazonaws.com/crosswalks/address-resolved/v2026_07/address_resolved_crosswalk.csv"
"addr_resolved","crosswalks/address-resolved/","crosswalks/address-resolved/v2026_07/address_resolved_crosswalk.parquet","2026-07-30T01:03:24.000Z","""e27d0faf91579c22b372f7354e5b2437-2""",180904169,"180.90 mb","STANDARD","nccsdata","https://nccsdata.s3.us-east-1.amazonaws.com/crosswalks/address-resolved/v2026_07/address_resolved_crosswalk.parquet"
"addr_resolved","crosswalks/address-resolved/","crosswalks/address-resolved/v2026_07/address_resolved_crosswalk_quality.json","2026-07-26T22:11:33.000Z","""c4010c8e3032aad7a24a29a9cf3d51d2""",353,"0.4 kb","STANDARD","nccsdata","https://nccsdata.s3.us-east-1.amazonaws.com/crosswalks/address-resolved/v2026_07/address_resolved_crosswalk_quality.json"
"processed","processed/bmf/","processed/bmf/2023_06/bmf_2023_06_data_dictionary.csv","2026-09-14T21:19:52.000Z","""74850d4ccc28d8e52499a78d65502ef6""",7572,"7.6 kb","STANDARD","nccsdata","https://nccsdata.s3.us-east-1.amazonaws.com/processed/bmf/2023_06/bmf_2023_06_data_dictionary.csv"
"processed","processed/bmf/","processed/bmf/2023_06/bmf_2023_06_processed.csv","2026-09-14T21:19:45.000Z","""88f12c2f0022133fcb50d1ccb11eec22-199""",1666290243,"1666.29 mb","STANDARD","nccsdata","https://nccsdata.s3.us-east-1.amazonaws.com/processed/bmf/2023_06/bmf_2023_06_processed.csv"
"processed","processed/bmf/","processed/bmf/2023_06/bmf_2023_06_quality_report.json","2026-09-14T21:19:52.000Z","""46257aa9cee47ddaedb6a5ca1ba43776""",100031,"0.10 mb","STANDARD","nccsdata","https://nccsdata.s3.us-east-1.amazonaws.com/processed/bmf/2023_06/bmf_2023_06_quality_report.json"
"processed","processed/bmf/","processed/bmf/2023_07/bmf_2023_07_data_dictionary.csv","2026-09-14T21:21:40.000Z","""bae47c5fc744302e95576fc9c2b0a7d4""",7576,"7.6 kb","STANDARD","nccsdata","https://nccsdata.s3.us-east-1.amazonaws.com/processed/bmf/2023_07/bmf_2023_07_data_dictionary.csv"
"processed","processed/bmf/","processed/bmf/2023_07/bmf_2023_07_processed.csv","2026-09-14T21:21:31.000Z","""c7100bd3aadd38e83fa427bd83e54651-203""",1699590700,"1699.59 mb","STANDARD","nccsdata","https://nccsdata.s3.us-east-1.amazonaws.com/processed/bmf/2023_07/bmf_2023_07_processed.csv"
"processed","processed/bmf/","processed/bmf/2023_07/bmf_2023_07_quality_report.json","2026-09-14T21:21:40.000Z","""0dd448022134983f3cb2d4cb4ab1c931""",100065,"0.10 mb","STANDARD","nccsdata","https://nccsdata.s3.us-east-1.amazonaws.com/processed/bmf/2023_07/bmf_2023_07_quality_report.json"
"processed","processed/bmf/","processed/bmf/2023_08/bmf_2023_08_data_dictionary.csv","2026-09-14T21:16:53.000Z","""e310c6e9541d70c995031c3ef6f8c338""",7571,"7.6 kb","STANDARD","nccsdata","https://nccsdata.s3.us-east-1.amazonaws.com/processed/bmf/2023_08/bmf_2023_08_data_dictionary.csv"
"processed","processed/bmf/","processed/bmf/2023_08/bmf_2023_08_processed.csv","2026-09-14T21:16:47.000Z","""d337177d9fbeec76643399c7bd173ffa-154""",1287217888,"1287.22 mb","STANDARD","nccsdata","https://nccsdata.s3.us-east-1.amazonaws.com/processed/bmf/2023_08/bmf_2023_08_processed.csv"
"processed","processed/bmf/","processed/bmf/2023_08/bmf_2023_08_quality_report.json","2026-09-14T21:16:52.000Z","""2ca17ddfbc9d82124ded411d7f88e1f6""",99868,"99.9 kb","STANDARD","nccsdata","https://nccsdata.s3.us-east-1.amazonaws.com/processed/bmf/2023_08/bmf_2023_08_quality_report.json"
"processed","processed/bmf/","processed/bmf/2023_09/bmf_2023_09_data_dictionary.csv","2026-09-14T21:21:07.000Z","""4cb2e8bebf37ac352b9371b7fec1d915""",7577,"7.6 kb","STANDARD","nccsdata","https://nccsdata.s3.us-east-1.amazonaws.com/processed/bmf/2023_09/bmf_2023_09_data_dictionary.csv"
"processed","processed/bmf/","processed/bmf/2023_09/bmf_2023_09_processed.csv","2026-09-14T21:20:57.000Z","""9c3fc9a731ad77658ba0c3af3e7fd64c-200""",1673498520,"1673.50 mb","STANDARD","nccsdata","https://nccsdata.s3.us-east-1.amazonaws.com/processed/bmf/2023_09/bmf_2023_09_processed.csv"
"processed","processed/bmf/","processed/bmf/2023_09/bmf_2023_09_quality_report.json","2026-09-14T21:21:07.000Z","""79c287665659dd544d71d7890aff95d4""",100044,"0.10 mb","STANDARD","nccsdata","https://nccsdata.s3.us-east-1.amazonaws.com/processed/bmf/2023_09/bmf_2023_09_quality_report.json"
"processed","processed/bmf/","processed/bmf/2023_10/bmf_2023_10_data_dictionary.csv","2026-09-14T21:20:30.000Z","""400bdfbffe0afb62f647fd26a5fd47fd""",7578,"7.6 kb","STANDARD","nccsdata","https://nccsdata.s3.us-east-1.amazonaws.com/processed/bmf/2023_10/bmf_2023_10_data_dictionary.csv"
"processed","processed/bmf/","processed/bmf/2023_10/bmf_2023_10_processed.csv","2026-09-14T21:20:23.000Z","""eb14aeaf26de48926454f411948e99e0-201""",1677892752,"1677.89 mb","STANDARD","nccsdata","https://nccsdata.s3.us-east-1.amazonaws.com/processed/bmf/2023_10/bmf_2023_10_processed.csv"
"processed","processed/bmf/","processed/bmf/2023_10/bmf_2023_10_quality_report.json","2026-09-14T21:20:29.000Z","""328d95ad0d0449d0f0c2807f6ef404be""",100055,"0.10 mb","STANDARD","nccsdata","https://nccsdata.s3.us-east-1.amazonaws.com/processed/bmf/2023_10/bmf_2023_10_quality_report.json"
"processed","processed/bmf/","processed/bmf/2023_11/bmf_2023_11_data_dictionary.csv","2026-09-14T21:21:03.000Z","""16f54c921f99bd1f587b31d9360c9a4b""",7578,"7.6 kb","STANDARD","nccsdata","https://nccsdata.s3.us-east-1.amazonaws.com/processed/bmf/2023_11/bmf_2023_11_data_dictionary.csv"
"processed","processed/bmf/","processed/bmf/2023_11/bmf_2023_11_processed.csv","2026-09-14T21:20:54.000Z","""36099e16c11a568b252eaea76c1a2d6a-201""",1684708496,"1684.71 mb","STANDARD","nccsdata","https://nccsdata.s3.us-east-1.amazonaws.com/processed/bmf/2023_11/bmf_2023_11_processed.csv"
"processed","processed/bmf/","processed/bmf/2023_11/bmf_2023_11_quality_report.json","2026-09-14T21:21:03.000Z","""320c716e034530cdacafe52a3be1be3f""",100067,"0.10 mb","STANDARD","nccsdata","https://nccsdata.s3.us-east-1.amazonaws.com/processed/bmf/2023_11/bmf_2023_11_quality_report.json"
"processed","processed/bmf/","processed/bmf/2023_12/bmf_2023_12_data_dictionary.csv","2026-09-14T21:21:25.000Z","""c0e832e4036c06769435ee8585ca3ccf""",7575,"7.6 kb","STANDARD","nccsdata","https://nccsdata.s3.us-east-1.amazonaws.com/processed/bmf/2023_12/bmf_2023_12_data_dictionary.csv"
"processed","processed/bmf/","processed/bmf/2023_12/bmf_2023_12_processed.csv","2026-09-14T21:21:11.000Z","""95fac7fe9f6698b2369c070f11063470-202""",1689083396,"1689.08 mb","STANDARD","nccsdata","https://nccsdata.s3.us-east-1.amazonaws.com/processed/bmf/2023_12/bmf_2023_12_processed.csv"
"processed","processed/bmf/","processed/bmf/2023_12/bmf_2023_12_quality_report.json","2026-09-14T21:21:25.000Z","""8dca8744a8eab6900f6c65535a7f66f9""",100249,"0.10 mb","STANDARD","nccsdata","https://nccsdata.s3.us-east-1.amazonaws.com/processed/bmf/2023_12/bmf_2023_12_quality_report.json"
"processed","processed/bmf/","processed/bmf/2024_01/bmf_2024_01_data_dictionary.csv","2026-09-14T21:21:40.000Z","""5c525d2930506085cb63ddd2e14fb0d8""",7575,"7.6 kb","STANDARD","nccsdata","https://nccsdata.s3.us-east-1.amazonaws.com/processed/bmf/2024_01/bmf_2024_01_data_dictionary.csv"
"processed","processed/bmf/","processed/bmf/2024_01/bmf_2024_01_processed.csv","2026-09-14T21:21:30.000Z","""daad32cd0da897f6c33e4a16eaaa8114-202""",1690771394,"1690.77 mb","STANDARD","nccsdata","https://nccsdata.s3.us-east-1.amazonaws.com/processed/bmf/2024_01/bmf_2024_01_processed.csv"
"processed","processed/bmf/","processed/bmf/2024_01/bmf_2024_01_quality_report.json","2026-09-14T21:21:40.000Z","""8e12da7d3b7c3c923dcfbb91ab5f721c""",100245,"0.10 mb","STANDARD","nccsdata","https://nccsdata.s3.us-east-1.amazonaws.com/processed/bmf/2024_01/bmf_2024_01_quality_report.json"
"processed","processed/bmf/","processed/bmf/2024_02/bmf_2024_02_data_dictionary.csv","2026-09-14T21:21:37.000Z","""5c525d2930506085cb63ddd2e14fb0d8""",7575,"7.6 kb","STANDARD","nccsdata","https://nccsdata.s3.us-east-1.amazonaws.com/processed/bmf/2024_02/bmf_2024_02_data_dictionary.csv"
"processed","processed/bmf/","processed/bmf/2024_02/bmf_2024_02_processed.csv","2026-09-14T21:21:27.000Z","""daad32cd0da897f6c33e4a16eaaa8114-202""",1690771394,"1690.77 mb","STANDARD","nccsdata","https://nccsdata.s3.us-east-1.amazonaws.com/processed/bmf/2024_02/bmf_2024_02_processed.csv"
"processed","processed/bmf/","processed/bmf/2024_02/bmf_2024_02_quality_report.json","2026-09-14T21:21:37.000Z","""2a7eacede3d030e13075a4856f25dcbf""",100245,"0.10 mb","STANDARD","nccsdata","https://nccsdata.s3.us-east-1.amazonaws.com/processed/bmf/2024_02/bmf_2024_02_quality_report.json"
"processed","processed/bmf/","processed/bmf/2024_03/bmf_2024_03_data_dictionary.csv","2026-09-14T21:21:41.000Z","""cb577dde08f2827aea921f82162eeb94""",7577,"7.6 kb","STANDARD","nccsdata","https://nccsdata.s3.us-east-1.amazonaws.com/processed/bmf/2024_03/bmf_2024_03_data_dictionary.csv"
"processed","processed/bmf/","processed/bmf/2024_03/bmf_2024_03_processed.csv","2026-09-14T21:21:32.000Z","""4e5923cec00d7e678982f6cf5866ffd0-203""",1696746000,"1696.75 mb","STANDARD","nccsdata","https://nccsdata.s3.us-east-1.amazonaws.com/processed/bmf/2024_03/bmf_2024_03_processed.csv"
"processed","processed/bmf/","processed/bmf/2024_03/bmf_2024_03_quality_report.json","2026-09-14T21:21:40.000Z","""70ce5a9b14393ac999401829d86de6d8""",100251,"0.10 mb","STANDARD","nccsdata","https://nccsdata.s3.us-east-1.amazonaws.com/processed/bmf/2024_03/bmf_2024_03_quality_report.json"
"processed","processed/bmf/","processed/bmf/2024_04/bmf_2024_04_data_dictionary.csv","2026-09-14T21:32:11.000Z","""f82264a4e7830f21e6091c07353f68ca""",7578,"7.6 kb","STANDARD","nccsdata","https://nccsdata.s3.us-east-1.amazonaws.com/processed/bmf/2024_04/bmf_2024_04_data_dictionary.csv"
"processed","processed/bmf/","processed/bmf/2024_04/bmf_2024_04_processed.csv","2026-09-14T21:32:04.000Z","""42275ba6f5c17515d264f1a4e7f4aabf-203""",1694728242,"1694.73 mb","STANDARD","nccsdata","https://nccsdata.s3.us-east-1.amazonaws.com/processed/bmf/2024_04/bmf_2024_04_processed.csv"
"processed","processed/bmf/","processed/bmf/2024_04/bmf_2024_04_quality_report.json","2026-09-14T21:32:11.000Z","""d8c455a022f51439e1d3903c58ad98be""",100316,"0.10 mb","STANDARD","nccsdata","https://nccsdata.s3.us-east-1.amazonaws.com/processed/bmf/2024_04/bmf_2024_04_quality_report.json"
"processed","processed/bmf/","processed/bmf/2024_06/bmf_2024_06_data_dictionary.csv","2026-09-14T21:35:53.000Z","""a2ba63f0fa97ad36b302ec72e160f985""",7578,"7.6 kb","STANDARD","nccsdata","https://nccsdata.s3.us-east-1.amazonaws.com/processed/bmf/2024_06/bmf_2024_06_data_dictionary.csv"
"processed","processed/bmf/","processed/bmf/2024_06/bmf_2024_06_processed.csv","2026-09-14T21:35:42.000Z","""7b4df47998a8f64013c1ad5c4e0f7ebd-204""",1707994682,"1707.99 mb","STANDARD","nccsdata","https://nccsdata.s3.us-east-1.amazonaws.com/processed/bmf/2024_06/bmf_2024_06_processed.csv"
"processed","processed/bmf/","processed/bmf/2024_06/bmf_2024_06_quality_report.json","2026-09-14T21:35:53.000Z","""47be0bb0b6d53c75b41e57a92f8bf8eb""",100323,"0.10 mb","STANDARD","nccsdata","https://nccsdata.s3.us-east-1.amazonaws.com/processed/bmf/2024_06/bmf_2024_06_quality_report.json"
"processed","processed/bmf/","processed/bmf/2024_07/bmf_2024_07_data_dictionary.csv","2026-09-14T21:36:41.000Z","""f5b8a99c9a80155a9f5331814a120064""",7572,"7.6 kb","STANDARD","nccsdata","https://nccsdata.s3.us-east-1.amazonaws.com/processed/bmf/2024_07/bmf_2024_07_data_dictionary.csv"
"processed","processed/bmf/","processed/bmf/2024_07/bmf_2024_07_processed.csv","2026-09-14T21:36:33.000Z","""751fec4a00a5b1fd9818c2f59929e35a-205""",1714616963,"1714.62 mb","STANDARD","nccsdata","https://nccsdata.s3.us-east-1.amazonaws.com/processed/bmf/2024_07/bmf_2024_07_processed.csv"
"processed","processed/bmf/","processed/bmf/2024_07/bmf_2024_07_quality_report.json","2026-09-14T21:36:41.000Z","""75120344d4e47ddc3de60bc691d8a245""",100362,"0.10 mb","STANDARD","nccsdata","https://nccsdata.s3.us-east-1.amazonaws.com/processed/bmf/2024_07/bmf_2024_07_quality_report.json"
"processed","processed/bmf/","processed/bmf/2024_08/bmf_2024_08_data_dictionary.csv","2026-09-14T21:37:02.000Z","""4aa99ade58ccf34570b0ce88f04c117d""",7576,"7.6 kb","STANDARD","nccsdata","https://nccsdata.s3.us-east-1.amazonaws.com/processed/bmf/2024_08/bmf_2024_08_data_dictionary.csv"
"processed","processed/bmf/","processed/bmf/2024_08/bmf_2024_08_processed.csv","2026-09-14T21:36:51.000Z","""030c614d68ed7e454fa7a5bcab06eef9-206""",1722920031,"1722.92 mb","STANDARD","nccsdata","https://nccsdata.s3.us-east-1.amazonaws.com/processed/bmf/2024_08/bmf_2024_08_processed.csv"
"processed","processed/bmf/","processed/bmf/2024_08/bmf_2024_08_quality_report.json","2026-09-14T21:37:02.000Z","""4dde053e94d533a0e7822eb7c3c00f4d""",100381,"0.10 mb","STANDARD","nccsdata","https://nccsdata.s3.us-east-1.amazonaws.com/processed/bmf/2024_08/bmf_2024_08_quality_report.json"
"processed","processed/bmf/","processed/bmf/2024_09/bmf_2024_09_data_dictionary.csv","2026-09-14T21:36:27.000Z","""301f82f50f0b39f8cc2fcf6f6d6f1c86""",7577,"7.6 kb","STANDARD","nccsdata","https://nccsdata.s3.us-east-1.amazonaws.com/processed/bmf/2024_09/bmf_2024_09_data_dictionary.csv"
"processed","processed/bmf/","processed/bmf/2024_09/bmf_2024_09_processed.csv","2026-09-14T21:36:18.000Z","""b9884de86463ec4e6e1a8ad013507780-202""",1689280360,"1689.28 mb","STANDARD","nccsdata","https://nccsdata.s3.us-east-1.amazonaws.com/processed/bmf/2024_09/bmf_2024_09_processed.csv"
"processed","processed/bmf/","processed/bmf/2024_09/bmf_2024_09_quality_report.json","2026-09-14T21:36:27.000Z","""628350d351a38025af61d4a749b53b65""",100378,"0.10 mb","STANDARD","nccsdata","https://nccsdata.s3.us-east-1.amazonaws.com/processed/bmf/2024_09/bmf_2024_09_quality_report.json"
"processed","processed/bmf/","processed/bmf/2024_10/bmf_2024_10_data_dictionary.csv","2026-09-14T21:36:44.000Z","""e6fda2f8ff245e3ea00bc5f9891d94f4""",7575,"7.6 kb","STANDARD","nccsdata","https://nccsdata.s3.us-east-1.amazonaws.com/processed/bmf/2024_10/bmf_2024_10_data_dictionary.csv"
"processed","processed/bmf/","processed/bmf/2024_10/bmf_2024_10_processed.csv","2026-09-14T21:36:36.000Z","""ee1a46d72b760bca71fae0b63bc4382a-202""",1693721427,"1693.72 mb","STANDARD","nccsdata","https://nccsdata.s3.us-east-1.amazonaws.com/processed/bmf/2024_10/bmf_2024_10_processed.csv"
"processed","processed/bmf/","processed/bmf/2024_10/bmf_2024_10_quality_report.json","2026-09-14T21:36:44.000Z","""03a8189f84af650cf57367a7dd802a44""",100361,"0.10 mb","STANDARD","nccsdata","https://nccsdata.s3.us-east-1.amazonaws.com/processed/bmf/2024_10/bmf_2024_10_quality_report.json"
"processed","processed/bmf/","processed/bmf/2024_11/bmf_2024_11_data_dictionary.csv","2026-09-14T21:37:16.000Z","""7bd9dc7c206b78e6e543f318bf48aa5e""",7575,"7.6 kb","STANDARD","nccsdata","https://nccsdata.s3.us-east-1.amazonaws.com/processed/bmf/2024_11/bmf_2024_11_data_dictionary.csv"
"processed","processed/bmf/","processed/bmf/2024_11/bmf_2024_11_processed.csv","2026-09-14T21:37:04.000Z","""ea07ffceeac9976c7e83461094f12b97-203""",1702149315,"1702.15 mb","STANDARD","nccsdata","https://nccsdata.s3.us-east-1.amazonaws.com/processed/bmf/2024_11/bmf_2024_11_processed.csv"
"processed","processed/bmf/","processed/bmf/2024_11/bmf_2024_11_quality_report.json","2026-09-14T21:37:15.000Z","""0e416e415e3eec696ece0743690ed046""",100311,"0.10 mb","STANDARD","nccsdata","https://nccsdata.s3.us-east-1.amazonaws.com/processed/bmf/2024_11/bmf_2024_11_quality_report.json"
"processed","processed/bmf/","processed/bmf/2024_12/bmf_2024_12_data_dictionary.csv","2026-09-14T21:37:33.000Z","""bb7362411b634f8e933b6faba4306416""",7575,"7.6 kb","STANDARD","nccsdata","https://nccsdata.s3.us-east-1.amazonaws.com/processed/bmf/2024_12/bmf_2024_12_data_dictionary.csv"
"processed","processed/bmf/","processed/bmf/2024_12/bmf_2024_12_processed.csv","2026-09-14T21:37:25.000Z","""a4a0c82b1046bf456431c09f86701671-204""",1707433507,"1707.43 mb","STANDARD","nccsdata","https://nccsdata.s3.us-east-1.amazonaws.com/processed/bmf/2024_12/bmf_2024_12_processed.csv"
"processed","processed/bmf/","processed/bmf/2024_12/bmf_2024_12_quality_report.json","2026-09-14T21:37:33.000Z","""80e74871c882d3668bb416df5a6dcbd9""",100308,"0.10 mb","STANDARD","nccsdata","https://nccsdata.s3.us-east-1.amazonaws.com/processed/bmf/2024_12/bmf_2024_12_quality_report.json"
"processed","processed/bmf/","processed/bmf/2025_01/bmf_2025_01_data_dictionary.csv","2026-09-14T21:37:25.000Z","""42accc7b15d58ecacefa6c53bed31e0a""",7574,"7.6 kb","STANDARD","nccsdata","https://nccsdata.s3.us-east-1.amazonaws.com/processed/bmf/2025_01/bmf_2025_01_data_dictionary.csv"
"processed","processed/bmf/","processed/bmf/2025_01/bmf_2025_01_processed.csv","2026-09-14T21:37:16.000Z","""1640a571db0faa7fcf50e4697d2a8ffc-204""",1709744053,"1709.74 mb","STANDARD","nccsdata","https://nccsdata.s3.us-east-1.amazonaws.com/processed/bmf/2025_01/bmf_2025_01_processed.csv"
"processed","processed/bmf/","processed/bmf/2025_01/bmf_2025_01_quality_report.json","2026-09-14T21:37:25.000Z","""9067ca93a87c90b32d70336eea2f6d7c""",100312,"0.10 mb","STANDARD","nccsdata","https://nccsdata.s3.us-east-1.amazonaws.com/processed/bmf/2025_01/bmf_2025_01_quality_report.json"
"processed","processed/bmf/","processed/bmf/2025_02/bmf_2025_02_data_dictionary.csv","2026-09-14T21:37:34.000Z","""42accc7b15d58ecacefa6c53bed31e0a""",7574,"7.6 kb","STANDARD","nccsdata","https://nccsdata.s3.us-east-1.amazonaws.com/processed/bmf/2025_02/bmf_2025_02_data_dictionary.csv"
"processed","processed/bmf/","processed/bmf/2025_02/bmf_2025_02_processed.csv","2026-09-14T21:37:26.000Z","""1640a571db0faa7fcf50e4697d2a8ffc-204""",1709744053,"1709.74 mb","STANDARD","nccsdata","https://nccsdata.s3.us-east-1.amazonaws.com/processed/bmf/2025_02/bmf_2025_02_processed.csv"
"processed","processed/bmf/","processed/bmf/2025_02/bmf_2025_02_quality_report.json","2026-09-14T21:37:34.000Z","""a988297af6f1e4fa0c0065a33a691332""",100312,"0.10 mb","STANDARD","nccsdata","https://nccsdata.s3.us-east-1.amazonaws.com/processed/bmf/2025_02/bmf_2025_02_quality_report.json"
"processed","processed/bmf/","processed/bmf/2025_03/bmf_2025_03_data_dictionary.csv","2026-09-14T21:47:47.000Z","""b6d6e109182c3aea708974048174b14d""",7575,"7.6 kb","STANDARD","nccsdata","https://nccsdata.s3.us-east-1.amazonaws.com/processed/bmf/2025_03/bmf_2025_03_data_dictionary.csv"
"processed","processed/bmf/","processed/bmf/2025_03/bmf_2025_03_processed.csv","2026-09-14T21:47:39.000Z","""d631f0f0ddde3faf453e6617c0df667c-205""",1717354552,"1717.35 mb","STANDARD","nccsdata","https://nccsdata.s3.us-east-1.amazonaws.com/processed/bmf/2025_03/bmf_2025_03_processed.csv"
"processed","processed/bmf/","processed/bmf/2025_03/bmf_2025_03_quality_report.json","2026-09-14T21:47:47.000Z","""a6103a033b9ba42339fec014c4307f37""",100308,"0.10 mb","STANDARD","nccsdata","https://nccsdata.s3.us-east-1.amazonaws.com/processed/bmf/2025_03/bmf_2025_03_quality_report.json"
"processed","processed/bmf/","processed/bmf/2025_04/bmf_2025_04_data_dictionary.csv","2026-09-14T21:51:43.000Z","""91409695182f2f1db2ea11ff61d0d683""",7576,"7.6 kb","STANDARD","nccsdata","https://nccsdata.s3.us-east-1.amazonaws.com/processed/bmf/2025_04/bmf_2025_04_data_dictionary.csv"
"processed","processed/bmf/","processed/bmf/2025_04/bmf_2025_04_processed.csv","2026-09-14T21:51:32.000Z","""95c863af011960431d855b95c60acc9f-205""",1717203596,"1717.20 mb","STANDARD","nccsdata","https://nccsdata.s3.us-east-1.amazonaws.com/processed/bmf/2025_04/bmf_2025_04_processed.csv"
"processed","processed/bmf/","processed/bmf/2025_04/bmf_2025_04_quality_report.json","2026-09-14T21:51:43.000Z","""874f74852c5c5b4ca2bc3e3f95bc37fa""",100381,"0.10 mb","STANDARD","nccsdata","https://nccsdata.s3.us-east-1.amazonaws.com/processed/bmf/2025_04/bmf_2025_04_quality_report.json"
"processed","processed/bmf/","processed/bmf/2025_05/bmf_2025_05_data_dictionary.csv","2026-09-14T21:52:13.000Z","""febb2f3f9208377eff68c99782b7b34c""",7572,"7.6 kb","STANDARD","nccsdata","https://nccsdata.s3.us-east-1.amazonaws.com/processed/bmf/2025_05/bmf_2025_05_data_dictionary.csv"
"processed","processed/bmf/","processed/bmf/2025_05/bmf_2025_05_processed.csv","2026-09-14T21:52:02.000Z","""e4d4d62015b7600ad343564f10be2f3a-206""",1724623176,"1724.62 mb","STANDARD","nccsdata","https://nccsdata.s3.us-east-1.amazonaws.com/processed/bmf/2025_05/bmf_2025_05_processed.csv"
"processed","processed/bmf/","processed/bmf/2025_05/bmf_2025_05_quality_report.json","2026-09-14T21:52:13.000Z","""4901b23078c90040452a2b3e5757a596""",100359,"0.10 mb","STANDARD","nccsdata","https://nccsdata.s3.us-east-1.amazonaws.com/processed/bmf/2025_05/bmf_2025_05_quality_report.json"
"processed","processed/bmf/","processed/bmf/2025_06/bmf_2025_06_data_dictionary.csv","2026-09-14T21:52:27.000Z","""ce9078ec1f79677e079891e8d9ba96c0""",7578,"7.6 kb","STANDARD","nccsdata","https://nccsdata.s3.us-east-1.amazonaws.com/processed/bmf/2025_06/bmf_2025_06_data_dictionary.csv"
"processed","processed/bmf/","processed/bmf/2025_06/bmf_2025_06_processed.csv","2026-09-14T21:52:16.000Z","""585d0a2e6ad4b316e3c58cabf4849de5-206""",1726602257,"1726.60 mb","STANDARD","nccsdata","https://nccsdata.s3.us-east-1.amazonaws.com/processed/bmf/2025_06/bmf_2025_06_processed.csv"
"processed","processed/bmf/","processed/bmf/2025_06/bmf_2025_06_quality_report.json","2026-09-14T21:52:27.000Z","""545ee8b43c90020d4bbf764a36a812b2""",100406,"0.10 mb","STANDARD","nccsdata","https://nccsdata.s3.us-east-1.amazonaws.com/processed/bmf/2025_06/bmf_2025_06_quality_report.json"
"processed","processed/bmf/","processed/bmf/2025_07/bmf_2025_07_data_dictionary.csv","2026-09-14T21:52:41.000Z","""4accd1f863571031ef74acd21c5049fe""",7578,"7.6 kb","STANDARD","nccsdata","https://nccsdata.s3.us-east-1.amazonaws.com/processed/bmf/2025_07/bmf_2025_07_data_dictionary.csv"
"processed","processed/bmf/","processed/bmf/2025_07/bmf_2025_07_processed.csv","2026-09-14T21:52:31.000Z","""e48236093546cc7923d93022aba05c47-207""",1730475693,"1730.48 mb","STANDARD","nccsdata","https://nccsdata.s3.us-east-1.amazonaws.com/processed/bmf/2025_07/bmf_2025_07_processed.csv"
"processed","processed/bmf/","processed/bmf/2025_07/bmf_2025_07_quality_report.json","2026-09-14T21:52:41.000Z","""3a013e8c6ca4a0ec29437c7f6e355949""",100378,"0.10 mb","STANDARD","nccsdata","https://nccsdata.s3.us-east-1.amazonaws.com/processed/bmf/2025_07/bmf_2025_07_quality_report.json"
"processed","processed/bmf/","processed/bmf/2025_08/bmf_2025_08_data_dictionary.csv","2026-09-14T21:53:06.000Z","""7f0f80372da00d0f572a9325c8bcde57""",7578,"7.6 kb","STANDARD","nccsdata","https://nccsdata.s3.us-east-1.amazonaws.com/processed/bmf/2025_08/bmf_2025_08_data_dictionary.csv"
"processed","processed/bmf/","processed/bmf/2025_08/bmf_2025_08_processed.csv","2026-09-14T21:52:55.000Z","""8c61317033967fe8cac2b1da26473b7c-208""",1738701189,"1738.70 mb","STANDARD","nccsdata","https://nccsdata.s3.us-east-1.amazonaws.com/processed/bmf/2025_08/bmf_2025_08_processed.csv"
"processed","processed/bmf/","processed/bmf/2025_08/bmf_2025_08_quality_report.json","2026-09-14T21:53:06.000Z","""0957385924a94a130e79d44b94ac5ce7""",100189,"0.10 mb","STANDARD","nccsdata","https://nccsdata.s3.us-east-1.amazonaws.com/processed/bmf/2025_08/bmf_2025_08_quality_report.json"
"processed","processed/bmf/","processed/bmf/2025_09/bmf_2025_09_data_dictionary.csv","2026-09-14T21:52:52.000Z","""4121126bd4c568227cd0ca080482f28f""",7575,"7.6 kb","STANDARD","nccsdata","https://nccsdata.s3.us-east-1.amazonaws.com/processed/bmf/2025_09/bmf_2025_09_data_dictionary.csv"
"processed","processed/bmf/","processed/bmf/2025_09/bmf_2025_09_processed.csv","2026-09-14T21:52:43.000Z","""f4359387f9438b4c426599aca246a660-205""",1712865808,"1712.87 mb","STANDARD","nccsdata","https://nccsdata.s3.us-east-1.amazonaws.com/processed/bmf/2025_09/bmf_2025_09_processed.csv"
"processed","processed/bmf/","processed/bmf/2025_09/bmf_2025_09_quality_report.json","2026-09-14T21:52:52.000Z","""009339c278ec16f552e09c22ffe4789b""",100169,"0.10 mb","STANDARD","nccsdata","https://nccsdata.s3.us-east-1.amazonaws.com/processed/bmf/2025_09/bmf_2025_09_quality_report.json"
"processed","processed/bmf/","processed/bmf/2025_10/bmf_2025_10_data_dictionary.csv","2026-09-14T21:53:12.000Z","""430c6ecad2d47e3e46811256a70b746c""",7578,"7.6 kb","STANDARD","nccsdata","https://nccsdata.s3.us-east-1.amazonaws.com/processed/bmf/2025_10/bmf_2025_10_data_dictionary.csv"
"processed","processed/bmf/","processed/bmf/2025_10/bmf_2025_10_processed.csv","2026-09-14T21:53:04.000Z","""5a5630737cb7f4e42c8ff8c6c05dfe5d-206""",1726628501,"1726.63 mb","STANDARD","nccsdata","https://nccsdata.s3.us-east-1.amazonaws.com/processed/bmf/2025_10/bmf_2025_10_processed.csv"
"processed","processed/bmf/","processed/bmf/2025_10/bmf_2025_10_quality_report.json","2026-09-14T21:53:12.000Z","""60ba7705a36d1dc1f7f359ec9410f001""",100191,"0.10 mb","STANDARD","nccsdata","https://nccsdata.s3.us-east-1.amazonaws.com/processed/bmf/2025_10/bmf_2025_10_quality_report.json"
"processed","processed/bmf/","processed/bmf/2025_11/bmf_2025_11_data_dictionary.csv","2026-09-14T21:53:25.000Z","""430c6ecad2d47e3e46811256a70b746c""",7578,"7.6 kb","STANDARD","nccsdata","https://nccsdata.s3.us-east-1.amazonaws.com/processed/bmf/2025_11/bmf_2025_11_data_dictionary.csv"
"processed","processed/bmf/","processed/bmf/2025_11/bmf_2025_11_processed.csv","2026-09-14T21:53:17.000Z","""5a5630737cb7f4e42c8ff8c6c05dfe5d-206""",1726628501,"1726.63 mb","STANDARD","nccsdata","https://nccsdata.s3.us-east-1.amazonaws.com/processed/bmf/2025_11/bmf_2025_11_processed.csv"
"processed","processed/bmf/","processed/bmf/2025_11/bmf_2025_11_quality_report.json","2026-09-14T21:53:25.000Z","""527ae89a8942e234a196d24505f59a27""",100191,"0.10 mb","STANDARD","nccsdata","https://nccsdata.s3.us-east-1.amazonaws.com/processed/bmf/2025_11/bmf_2025_11_quality_report.json"
"processed","processed/bmf/","processed/bmf/2025_12/bmf_2025_12_data_dictionary.csv","2026-09-14T21:53:40.000Z","""1ce97d4a699889b0bcca3c77edb1dc3c""",7578,"7.6 kb","STANDARD","nccsdata","https://nccsdata.s3.us-east-1.amazonaws.com/processed/bmf/2025_12/bmf_2025_12_data_dictionary.csv"
"processed","processed/bmf/","processed/bmf/2025_12/bmf_2025_12_processed.csv","2026-09-14T21:53:33.000Z","""31cbcfd0b8e6566bafa59051a9c2e5ba-209""",1748178982,"1748.18 mb","STANDARD","nccsdata","https://nccsdata.s3.us-east-1.amazonaws.com/processed/bmf/2025_12/bmf_2025_12_processed.csv"
"processed","processed/bmf/","processed/bmf/2025_12/bmf_2025_12_quality_report.json","2026-09-14T21:53:40.000Z","""ce7555e1fbe046366d54f933c3a0a8e2""",100178,"0.10 mb","STANDARD","nccsdata","https://nccsdata.s3.us-east-1.amazonaws.com/processed/bmf/2025_12/bmf_2025_12_quality_report.json"
"processed","processed/bmf/","processed/bmf/2026_01/bmf_2026_01_data_dictionary.csv","2026-09-14T22:03:04.000Z","""17fa270f69da0ab470349025c6ea3525""",7580,"7.6 kb","STANDARD","nccsdata","https://nccsdata.s3.us-east-1.amazonaws.com/processed/bmf/2026_01/bmf_2026_01_data_dictionary.csv"
"processed","processed/bmf/","processed/bmf/2026_01/bmf_2026_01_processed.csv","2026-09-14T22:02:57.000Z","""7b527eb70050e153ac19b0adeae9b1a8-209""",1749976205,"1749.98 mb","STANDARD","nccsdata","https://nccsdata.s3.us-east-1.amazonaws.com/processed/bmf/2026_01/bmf_2026_01_processed.csv"
"processed","processed/bmf/","processed/bmf/2026_01/bmf_2026_01_processed.parquet","2026-01-21T20:14:21.000Z","""8e6f43dd4281d1f67992b9632cf7a357""",385190176,"385.19 mb","STANDARD","nccsdata","https://nccsdata.s3.us-east-1.amazonaws.com/processed/bmf/2026_01/bmf_2026_01_processed.parquet"
"processed","processed/bmf/","processed/bmf/2026_01/bmf_2026_01_quality_report.json","2026-09-14T22:03:04.000Z","""5e7534fada615957d580acd55c622594""",100189,"0.10 mb","STANDARD","nccsdata","https://nccsdata.s3.us-east-1.amazonaws.com/processed/bmf/2026_01/bmf_2026_01_quality_report.json"
"processed","processed/bmf/","processed/bmf/2026_03/bmf_2026_03_data_dictionary.csv","2026-09-14T22:06:47.000Z","""da80cd6dfe635ce4280cc8b0be85b414""",7580,"7.6 kb","STANDARD","nccsdata","https://nccsdata.s3.us-east-1.amazonaws.com/processed/bmf/2026_03/bmf_2026_03_data_dictionary.csv"
"processed","processed/bmf/","processed/bmf/2026_03/bmf_2026_03_processed.csv","2026-09-14T22:06:40.000Z","""60a1d8ab904898008b0597b5c39a7698-210""",1758785089,"1758.79 mb","STANDARD","nccsdata","https://nccsdata.s3.us-east-1.amazonaws.com/processed/bmf/2026_03/bmf_2026_03_processed.csv"
"processed","processed/bmf/","processed/bmf/2026_03/bmf_2026_03_quality_report.json","2026-09-14T22:06:47.000Z","""94d682c11e391bcbaca5d9034d3e8c64""",100392,"0.10 mb","STANDARD","nccsdata","https://nccsdata.s3.us-east-1.amazonaws.com/processed/bmf/2026_03/bmf_2026_03_quality_report.json"
"processed","processed/bmf/","processed/bmf/2026_05/bmf_2026_05_data_dictionary.csv","2026-09-14T22:07:29.000Z","""146b7a094f9f2c089ab8d92f7d9c4452""",7580,"7.6 kb","STANDARD","nccsdata","https://nccsdata.s3.us-east-1.amazonaws.com/processed/bmf/2026_05/bmf_2026_05_data_dictionary.csv"
"processed","processed/bmf/","processed/bmf/2026_05/bmf_2026_05_processed.csv","2026-09-14T22:07:20.000Z","""896d553d23409ebb164592775a579780-212""",1773078977,"1773.08 mb","STANDARD","nccsdata","https://nccsdata.s3.us-east-1.amazonaws.com/processed/bmf/2026_05/bmf_2026_05_processed.csv"
"processed","processed/bmf/","processed/bmf/2026_05/bmf_2026_05_quality_report.json","2026-09-14T22:07:29.000Z","""8dea911a40f9b81684c1f9ce82ccd01e""",100448,"0.10 mb","STANDARD","nccsdata","https://nccsdata.s3.us-east-1.amazonaws.com/processed/bmf/2026_05/bmf_2026_05_quality_report.json"
"processed","processed/bmf/","processed/bmf/2026_06/bmf_2026_06_data_dictionary.csv","2026-09-14T22:07:47.000Z","""0f3792af4e00cc713b70a49a43c5821c""",7580,"7.6 kb","STANDARD","nccsdata","https://nccsdata.s3.us-east-1.amazonaws.com/processed/bmf/2026_06/bmf_2026_06_data_dictionary.csv"
"processed","processed/bmf/","processed/bmf/2026_06/bmf_2026_06_processed.csv","2026-09-14T22:07:40.000Z","""853eb8208be92cb1ae8a1a2f1836cb83-213""",1785254665,"1785.25 mb","STANDARD","nccsdata","https://nccsdata.s3.us-east-1.amazonaws.com/processed/bmf/2026_06/bmf_2026_06_processed.csv"
"processed","processed/bmf/","processed/bmf/2026_06/bmf_2026_06_quality_report.json","2026-09-14T22:07:47.000Z","""454ca62bfb7115f25aa80232a6d9c277""",100451,"0.10 mb","STANDARD","nccsdata","https://nccsdata.s3.us-east-1.amazonaws.com/processed/bmf/2026_06/bmf_2026_06_quality_report.json"
"processed","processed/bmf/","processed/bmf/2026_07/bmf_2026_07_data_dictionary.csv","2026-09-14T22:07:54.000Z","""7c1ed7d55438e030f7df653ca5b66a21""",7578,"7.6 kb","STANDARD","nccsdata","https://nccsdata.s3.us-east-1.amazonaws.com/processed/bmf/2026_07/bmf_2026_07_data_dictionary.csv"
"processed","processed/bmf/","processed/bmf/2026_07/bmf_2026_07_processed.csv","2026-09-14T22:07:47.000Z","""2c576ee9052b1ded64dc221743c15f64-214""",1792872309,"1792.87 mb","STANDARD","nccsdata","https://nccsdata.s3.us-east-1.amazonaws.com/processed/bmf/2026_07/bmf_2026_07_processed.csv"
"processed","processed/bmf/","processed/bmf/2026_07/bmf_2026_07_quality_report.json","2026-09-14T22:07:54.000Z","""1607f8771b4c703770c92c9c2c4b243a""",100445,"0.10 mb","STANDARD","nccsdata","https://nccsdata.s3.us-east-1.amazonaws.com/processed/bmf/2026_07/bmf_2026_07_quality_report.json"
"legacy","processed/bmf-legacy/","processed/bmf-legacy/1989_06/_manifest.json","2026-09-14T19:51:25.000Z","""04bd84e8113474061b29eb956e19496b""",1654,"1.7 kb","STANDARD","nccsdata","https://nccsdata.s3.us-east-1.amazonaws.com/processed/bmf-legacy/1989_06/_manifest.json"
"legacy","processed/bmf-legacy/","processed/bmf-legacy/1989_06/bmf_legacy_1989_06_data_dictionary.csv","2026-09-14T19:51:23.000Z","""5105c022628305b1b3133caa583c6af4""",3882,"3.9 kb","STANDARD","nccsdata","https://nccsdata.s3.us-east-1.amazonaws.com/processed/bmf-legacy/1989_06/bmf_legacy_1989_06_data_dictionary.csv"
"legacy","processed/bmf-legacy/","processed/bmf-legacy/1989_06/bmf_legacy_1989_06_processed.csv","2026-09-14T19:51:16.000Z","""72272c38bb6f4fee613ea0ef2f8f72fc-3""",250163223,"250.16 mb","STANDARD","nccsdata","https://nccsdata.s3.us-east-1.amazonaws.com/processed/bmf-legacy/1989_06/bmf_legacy_1989_06_processed.csv"
"legacy","processed/bmf-legacy/","processed/bmf-legacy/1989_06/bmf_legacy_1989_06_quality_report.json","2026-09-14T19:51:23.000Z","""ade5aaafa76b580b927c336b734b2bb5""",87404,"87.4 kb","STANDARD","nccsdata","https://nccsdata.s3.us-east-1.amazonaws.com/processed/bmf-legacy/1989_06/bmf_legacy_1989_06_quality_report.json"
"legacy","processed/bmf-legacy/","processed/bmf-legacy/1995_08/_manifest.json","2026-09-14T19:52:53.000Z","""1e7f8557904c3222ba5028cd64c1c943""",1743,"1.7 kb","STANDARD","nccsdata","https://nccsdata.s3.us-east-1.amazonaws.com/processed/bmf-legacy/1995_08/_manifest.json"
"legacy","processed/bmf-legacy/","processed/bmf-legacy/1995_08/bmf_legacy_1995_08_data_dictionary.csv","2026-09-14T19:52:50.000Z","""d703fd1c8023d5ae257499a82f0ff7e4""",4165,"4.2 kb","STANDARD","nccsdata","https://nccsdata.s3.us-east-1.amazonaws.com/processed/bmf-legacy/1995_08/bmf_legacy_1995_08_data_dictionary.csv"
"legacy","processed/bmf-legacy/","processed/bmf-legacy/1995_08/bmf_legacy_1995_08_processed.csv","2026-09-14T19:52:38.000Z","""d6f9c558936db9f05c3ead513944a73a-5""",442063506,"442.06 mb","STANDARD","nccsdata","https://nccsdata.s3.us-east-1.amazonaws.com/processed/bmf-legacy/1995_08/bmf_legacy_1995_08_processed.csv"
"legacy","processed/bmf-legacy/","processed/bmf-legacy/1995_08/bmf_legacy_1995_08_quality_report.json","2026-09-14T19:52:50.000Z","""db6791fca1ebbbcca6967fc32480dfbc""",88061,"88.1 kb","STANDARD","nccsdata","https://nccsdata.s3.us-east-1.amazonaws.com/processed/bmf-legacy/1995_08/bmf_legacy_1995_08_quality_report.json"
"legacy","processed/bmf-legacy/","processed/bmf-legacy/1996_06/_manifest.json","2026-09-14T19:53:23.000Z","""79c7ddffb9111193c8fe25391e7ea479""",1772,"1.8 kb","STANDARD","nccsdata","https://nccsdata.s3.us-east-1.amazonaws.com/processed/bmf-legacy/1996_06/_manifest.json"
"legacy","processed/bmf-legacy/","processed/bmf-legacy/1996_06/bmf_legacy_1996_06_data_dictionary.csv","2026-09-14T19:53:20.000Z","""a72d7074f1aedd55f7f57ca3ab9b3c6a""",4271,"4.3 kb","STANDARD","nccsdata","https://nccsdata.s3.us-east-1.amazonaws.com/processed/bmf-legacy/1996_06/bmf_legacy_1996_06_data_dictionary.csv"
"legacy","processed/bmf-legacy/","processed/bmf-legacy/1996_06/bmf_legacy_1996_06_processed.csv","2026-09-14T19:53:06.000Z","""547689dd50493b7dbed459d8941972c2-5""",463803919,"463.80 mb","STANDARD","nccsdata","https://nccsdata.s3.us-east-1.amazonaws.com/processed/bmf-legacy/1996_06/bmf_legacy_1996_06_processed.csv"
"legacy","processed/bmf-legacy/","processed/bmf-legacy/1996_06/bmf_legacy_1996_06_quality_report.json","2026-09-14T19:53:20.000Z","""77359e02d2a2eae6a641bb3f87ea44da""",88184,"88.2 kb","STANDARD","nccsdata","https://nccsdata.s3.us-east-1.amazonaws.com/processed/bmf-legacy/1996_06/bmf_legacy_1996_06_quality_report.json"
"legacy","processed/bmf-legacy/","processed/bmf-legacy/1997_10/_manifest.json","2026-09-14T19:53:20.000Z","""fcec921589c3e0e4a84caf6284579720""",1772,"1.8 kb","STANDARD","nccsdata","https://nccsdata.s3.us-east-1.amazonaws.com/processed/bmf-legacy/1997_10/_manifest.json"
"legacy","processed/bmf-legacy/","processed/bmf-legacy/1997_10/bmf_legacy_1997_10_data_dictionary.csv","2026-09-14T19:53:16.000Z","""eef6c28036ddc686bee113ec36f3d6b2""",4257,"4.3 kb","STANDARD","nccsdata","https://nccsdata.s3.us-east-1.amazonaws.com/processed/bmf-legacy/1997_10/bmf_legacy_1997_10_data_dictionary.csv"
"legacy","processed/bmf-legacy/","processed/bmf-legacy/1997_10/bmf_legacy_1997_10_processed.csv","2026-09-14T19:53:01.000Z","""8e92d5e9db86e384fe79297ecc6e518b-5""",484889931,"484.89 mb","STANDARD","nccsdata","https://nccsdata.s3.us-east-1.amazonaws.com/processed/bmf-legacy/1997_10/bmf_legacy_1997_10_processed.csv"
"legacy","processed/bmf-legacy/","processed/bmf-legacy/1997_10/bmf_legacy_1997_10_quality_report.json","2026-09-14T19:53:16.000Z","""fc70731f20d86cee612026c4fc1722a3""",88054,"88.1 kb","STANDARD","nccsdata","https://nccsdata.s3.us-east-1.amazonaws.com/processed/bmf-legacy/1997_10/bmf_legacy_1997_10_quality_report.json"
"legacy","processed/bmf-legacy/","processed/bmf-legacy/1998_09/_manifest.json","2026-09-14T19:53:30.000Z","""5edda64440b9d0e0dc3f866a31b0fb04""",1772,"1.8 kb","STANDARD","nccsdata","https://nccsdata.s3.us-east-1.amazonaws.com/processed/bmf-legacy/1998_09/_manifest.json"
"legacy","processed/bmf-legacy/","processed/bmf-legacy/1998_09/bmf_legacy_1998_09_data_dictionary.csv","2026-09-14T19:53:26.000Z","""57a9535e6086dcef541233d38353f596""",4257,"4.3 kb","STANDARD","nccsdata","https://nccsdata.s3.us-east-1.amazonaws.com/processed/bmf-legacy/1998_09/bmf_legacy_1998_09_data_dictionary.csv"
"legacy","processed/bmf-legacy/","processed/bmf-legacy/1998_09/bmf_legacy_1998_09_processed.csv","2026-09-14T19:53:13.000Z","""11898cb81d0bbb675c40352a7cc814c6-5""",498132984,"498.13 mb","STANDARD","nccsdata","https://nccsdata.s3.us-east-1.amazonaws.com/processed/bmf-legacy/1998_09/bmf_legacy_1998_09_processed.csv"
"legacy","processed/bmf-legacy/","processed/bmf-legacy/1998_09/bmf_legacy_1998_09_quality_report.json","2026-09-14T19:53:26.000Z","""a9ae58f8bf650792996a78b6608cc98d""",88049,"88.0 kb","STANDARD","nccsdata","https://nccsdata.s3.us-east-1.amazonaws.com/processed/bmf-legacy/1998_09/bmf_legacy_1998_09_quality_report.json"
"legacy","processed/bmf-legacy/","processed/bmf-legacy/1999_12/_manifest.json","2026-09-14T19:53:31.000Z","""2e16cc2db279be406e4ee08897c48595""",1772,"1.8 kb","STANDARD","nccsdata","https://nccsdata.s3.us-east-1.amazonaws.com/processed/bmf-legacy/1999_12/_manifest.json"
"legacy","processed/bmf-legacy/","processed/bmf-legacy/1999_12/bmf_legacy_1999_12_data_dictionary.csv","2026-09-14T19:53:27.000Z","""fd7199af7928ec2aaf2ccf7c397a3b3a""",4261,"4.3 kb","STANDARD","nccsdata","https://nccsdata.s3.us-east-1.amazonaws.com/processed/bmf-legacy/1999_12/bmf_legacy_1999_12_data_dictionary.csv"
"legacy","processed/bmf-legacy/","processed/bmf-legacy/1999_12/bmf_legacy_1999_12_processed.csv","2026-09-14T19:53:14.000Z","""7348817f67dc754c2ec8ceaef2a16145-6""",506388894,"506.39 mb","STANDARD","nccsdata","https://nccsdata.s3.us-east-1.amazonaws.com/processed/bmf-legacy/1999_12/bmf_legacy_1999_12_processed.csv"
"legacy","processed/bmf-legacy/","processed/bmf-legacy/1999_12/bmf_legacy_1999_12_quality_report.json","2026-09-14T19:53:27.000Z","""1b82484919212878318c9c64c4d82638""",88477,"88.5 kb","STANDARD","nccsdata","https://nccsdata.s3.us-east-1.amazonaws.com/processed/bmf-legacy/1999_12/bmf_legacy_1999_12_quality_report.json"
"legacy","processed/bmf-legacy/","processed/bmf-legacy/2000_05/_manifest.json","2026-09-14T19:53:32.000Z","""88482e4247f42928774749b68c8df5a9""",1772,"1.8 kb","STANDARD","nccsdata","https://nccsdata.s3.us-east-1.amazonaws.com/processed/bmf-legacy/2000_05/_manifest.json"
"legacy","processed/bmf-legacy/","processed/bmf-legacy/2000_05/bmf_legacy_2000_05_data_dictionary.csv","2026-09-14T19:53:28.000Z","""aa4a6153bdf49d05eaed0e8942cd35f9""",4268,"4.3 kb","STANDARD","nccsdata","https://nccsdata.s3.us-east-1.amazonaws.com/processed/bmf-legacy/2000_05/bmf_legacy_2000_05_data_dictionary.csv"
"legacy","processed/bmf-legacy/","processed/bmf-legacy/2000_05/bmf_legacy_2000_05_processed.csv","2026-09-14T19:53:13.000Z","""c721839a8007ed7800bf1171ed5364ee-6""",507971667,"507.97 mb","STANDARD","nccsdata","https://nccsdata.s3.us-east-1.amazonaws.com/processed/bmf-legacy/2000_05/bmf_legacy_2000_05_processed.csv"
"legacy","processed/bmf-legacy/","processed/bmf-legacy/2000_05/bmf_legacy_2000_05_quality_report.json","2026-09-14T19:53:28.000Z","""b5e5b94d664167560a9dfa12ec7d659e""",88603,"88.6 kb","STANDARD","nccsdata","https://nccsdata.s3.us-east-1.amazonaws.com/processed/bmf-legacy/2000_05/bmf_legacy_2000_05_quality_report.json"
"legacy","processed/bmf-legacy/","processed/bmf-legacy/2001_07/_manifest.json","2026-09-14T19:53:33.000Z","""4f103d7609b33f6c6544a6927788d0e1""",1772,"1.8 kb","STANDARD","nccsdata","https://nccsdata.s3.us-east-1.amazonaws.com/processed/bmf-legacy/2001_07/_manifest.json"
"legacy","processed/bmf-legacy/","processed/bmf-legacy/2001_07/bmf_legacy_2001_07_data_dictionary.csv","2026-09-14T19:53:29.000Z","""27430c3c867a2e77ec61c7a88e402cbe""",4262,"4.3 kb","STANDARD","nccsdata","https://nccsdata.s3.us-east-1.amazonaws.com/processed/bmf-legacy/2001_07/bmf_legacy_2001_07_data_dictionary.csv"
"legacy","processed/bmf-legacy/","processed/bmf-legacy/2001_07/bmf_legacy_2001_07_processed.csv","2026-09-14T19:53:16.000Z","""ab000d5377bb92eb2655627a20f6f033-6""",528240575,"528.24 mb","STANDARD","nccsdata","https://nccsdata.s3.us-east-1.amazonaws.com/processed/bmf-legacy/2001_07/bmf_legacy_2001_07_processed.csv"
"legacy","processed/bmf-legacy/","processed/bmf-legacy/2001_07/bmf_legacy_2001_07_quality_report.json","2026-09-14T19:53:29.000Z","""869caae3ddab8214a85e7a71185bea46""",88587,"88.6 kb","STANDARD","nccsdata","https://nccsdata.s3.us-east-1.amazonaws.com/processed/bmf-legacy/2001_07/bmf_legacy_2001_07_quality_report.json"
"legacy","processed/bmf-legacy/","processed/bmf-legacy/2002_01/_manifest.json","2026-09-14T19:53:37.000Z","""05f55ac469d9f0a568b04e12f06fabdb""",1941,"1.9 kb","STANDARD","nccsdata","https://nccsdata.s3.us-east-1.amazonaws.com/processed/bmf-legacy/2002_01/_manifest.json"
"legacy","processed/bmf-legacy/","processed/bmf-legacy/2002_01/bmf_legacy_2002_01_data_dictionary.csv","2026-09-14T19:53:33.000Z","""a3f630850c1b76196ef36df9a8025c3a""",4715,"4.7 kb","STANDARD","nccsdata","https://nccsdata.s3.us-east-1.amazonaws.com/processed/bmf-legacy/2002_01/bmf_legacy_2002_01_data_dictionary.csv"
"legacy","processed/bmf-legacy/","processed/bmf-legacy/2002_01/bmf_legacy_2002_01_processed.csv","2026-09-14T19:53:17.000Z","""ead3ed1c80aa18ddf1765e9150ddf0d4-6""",588415348,"588.42 mb","STANDARD","nccsdata","https://nccsdata.s3.us-east-1.amazonaws.com/processed/bmf-legacy/2002_01/bmf_legacy_2002_01_processed.csv"
"legacy","processed/bmf-legacy/","processed/bmf-legacy/2002_01/bmf_legacy_2002_01_quality_report.json","2026-09-14T19:53:32.000Z","""c209e565df4441ce27b45b180a71ba4d""",91570,"91.6 kb","STANDARD","nccsdata","https://nccsdata.s3.us-east-1.amazonaws.com/processed/bmf-legacy/2002_01/bmf_legacy_2002_01_quality_report.json"
"legacy","processed/bmf-legacy/","processed/bmf-legacy/2002_07/_manifest.json","2026-09-14T19:53:54.000Z","""7dc1ee2894c7fc8fb53f0baadf8640d1""",1772,"1.8 kb","STANDARD","nccsdata","https://nccsdata.s3.us-east-1.amazonaws.com/processed/bmf-legacy/2002_07/_manifest.json"
"legacy","processed/bmf-legacy/","processed/bmf-legacy/2002_07/bmf_legacy_2002_07_data_dictionary.csv","2026-09-14T19:53:49.000Z","""9421f67c676ce1bc1af64a8f3d09fd57""",4273,"4.3 kb","STANDARD","nccsdata","https://nccsdata.s3.us-east-1.amazonaws.com/processed/bmf-legacy/2002_07/bmf_legacy_2002_07_data_dictionary.csv"
"legacy","processed/bmf-legacy/","processed/bmf-legacy/2002_07/bmf_legacy_2002_07_processed.csv","2026-09-14T19:53:35.000Z","""16e576049b2ff32ee561142fd2b65bd6-6""",556011168,"556.01 mb","STANDARD","nccsdata","https://nccsdata.s3.us-east-1.amazonaws.com/processed/bmf-legacy/2002_07/bmf_legacy_2002_07_processed.csv"
"legacy","processed/bmf-legacy/","processed/bmf-legacy/2002_07/bmf_legacy_2002_07_quality_report.json","2026-09-14T19:53:49.000Z","""872589c7ef5446f4631376fb32cd7c88""",88699,"88.7 kb","STANDARD","nccsdata","https://nccsdata.s3.us-east-1.amazonaws.com/processed/bmf-legacy/2002_07/bmf_legacy_2002_07_quality_report.json"
"legacy","processed/bmf-legacy/","processed/bmf-legacy/2003_01/_manifest.json","2026-09-14T19:56:10.000Z","""29bf0fdd257c659b82d65773fad10a86""",1772,"1.8 kb","STANDARD","nccsdata","https://nccsdata.s3.us-east-1.amazonaws.com/processed/bmf-legacy/2003_01/_manifest.json"
"legacy","processed/bmf-legacy/","processed/bmf-legacy/2003_01/bmf_legacy_2003_01_data_dictionary.csv","2026-09-14T19:56:06.000Z","""42bb13796725932e9360214f968c9a1d""",4262,"4.3 kb","STANDARD","nccsdata","https://nccsdata.s3.us-east-1.amazonaws.com/processed/bmf-legacy/2003_01/bmf_legacy_2003_01_data_dictionary.csv"
"legacy","processed/bmf-legacy/","processed/bmf-legacy/2003_01/bmf_legacy_2003_01_processed.csv","2026-09-14T19:55:52.000Z","""03ca79d9fb686d6dcf4feff50bfa5d4b-6""",565935965,"565.94 mb","STANDARD","nccsdata","https://nccsdata.s3.us-east-1.amazonaws.com/processed/bmf-legacy/2003_01/bmf_legacy_2003_01_processed.csv"
"legacy","processed/bmf-legacy/","processed/bmf-legacy/2003_01/bmf_legacy_2003_01_quality_report.json","2026-09-14T19:56:06.000Z","""a6cd020044eb502257a79e55b70d8f5a""",88752,"88.8 kb","STANDARD","nccsdata","https://nccsdata.s3.us-east-1.amazonaws.com/processed/bmf-legacy/2003_01/bmf_legacy_2003_01_quality_report.json"
"legacy","processed/bmf-legacy/","processed/bmf-legacy/2003_07/_manifest.json","2026-09-14T19:57:45.000Z","""2d9c274ff08734427e336074827acf09""",1772,"1.8 kb","STANDARD","nccsdata","https://nccsdata.s3.us-east-1.amazonaws.com/processed/bmf-legacy/2003_07/_manifest.json"
"legacy","processed/bmf-legacy/","processed/bmf-legacy/2003_07/bmf_legacy_2003_07_data_dictionary.csv","2026-09-14T19:57:40.000Z","""b326676fef40e9fdebef3cd39643fd15""",4262,"4.3 kb","STANDARD","nccsdata","https://nccsdata.s3.us-east-1.amazonaws.com/processed/bmf-legacy/2003_07/bmf_legacy_2003_07_data_dictionary.csv"
"legacy","processed/bmf-legacy/","processed/bmf-legacy/2003_07/bmf_legacy_2003_07_processed.csv","2026-09-14T19:57:24.000Z","""29f1ec9898f96779225781346a3bce14-6""",576602946,"576.60 mb","STANDARD","nccsdata","https://nccsdata.s3.us-east-1.amazonaws.com/processed/bmf-legacy/2003_07/bmf_legacy_2003_07_processed.csv"
"legacy","processed/bmf-legacy/","processed/bmf-legacy/2003_07/bmf_legacy_2003_07_quality_report.json","2026-09-14T19:57:40.000Z","""011a04384a1d1b6e205d779a265fc93d""",88450,"88.5 kb","STANDARD","nccsdata","https://nccsdata.s3.us-east-1.amazonaws.com/processed/bmf-legacy/2003_07/bmf_legacy_2003_07_quality_report.json"
"legacy","processed/bmf-legacy/","processed/bmf-legacy/2003_11/_manifest.json","2026-09-14T19:58:15.000Z","""f426c72fc485835415a0b3c7d6f97231""",1772,"1.8 kb","STANDARD","nccsdata","https://nccsdata.s3.us-east-1.amazonaws.com/processed/bmf-legacy/2003_11/_manifest.json"
"legacy","processed/bmf-legacy/","processed/bmf-legacy/2003_11/bmf_legacy_2003_11_data_dictionary.csv","2026-09-14T19:58:10.000Z","""70f7bbd9580224d5b6cf83fe51d3329c""",4261,"4.3 kb","STANDARD","nccsdata","https://nccsdata.s3.us-east-1.amazonaws.com/processed/bmf-legacy/2003_11/bmf_legacy_2003_11_data_dictionary.csv"
"legacy","processed/bmf-legacy/","processed/bmf-legacy/2003_11/bmf_legacy_2003_11_processed.csv","2026-09-14T19:57:56.000Z","""b55bc283f69d5e7ac6551915bf7326f3-6""",585737304,"585.74 mb","STANDARD","nccsdata","https://nccsdata.s3.us-east-1.amazonaws.com/processed/bmf-legacy/2003_11/bmf_legacy_2003_11_processed.csv"
"legacy","processed/bmf-legacy/","processed/bmf-legacy/2003_11/bmf_legacy_2003_11_quality_report.json","2026-09-14T19:58:10.000Z","""a8284ff654fd61e075332cda74248797""",88442,"88.4 kb","STANDARD","nccsdata","https://nccsdata.s3.us-east-1.amazonaws.com/processed/bmf-legacy/2003_11/bmf_legacy_2003_11_quality_report.json"
"legacy","processed/bmf-legacy/","processed/bmf-legacy/2004_04/_manifest.json","2026-09-14T19:58:21.000Z","""ece31708845aa241ae6be94af52d680d""",1772,"1.8 kb","STANDARD","nccsdata","https://nccsdata.s3.us-east-1.amazonaws.com/processed/bmf-legacy/2004_04/_manifest.json"
"legacy","processed/bmf-legacy/","processed/bmf-legacy/2004_04/bmf_legacy_2004_04_data_dictionary.csv","2026-09-14T19:58:15.000Z","""764b86503fce9e9a98f98da6ad7a04b6""",4262,"4.3 kb","STANDARD","nccsdata","https://nccsdata.s3.us-east-1.amazonaws.com/processed/bmf-legacy/2004_04/bmf_legacy_2004_04_data_dictionary.csv"
"legacy","processed/bmf-legacy/","processed/bmf-legacy/2004_04/bmf_legacy_2004_04_processed.csv","2026-09-14T19:58:00.000Z","""971e105c575196485cafd090d5222daf-6""",588989776,"588.99 mb","STANDARD","nccsdata","https://nccsdata.s3.us-east-1.amazonaws.com/processed/bmf-legacy/2004_04/bmf_legacy_2004_04_processed.csv"
"legacy","processed/bmf-legacy/","processed/bmf-legacy/2004_04/bmf_legacy_2004_04_quality_report.json","2026-09-14T19:58:15.000Z","""e0e2c993d7ffccfec7463cd0fc051cf1""",88433,"88.4 kb","STANDARD","nccsdata","https://nccsdata.s3.us-east-1.amazonaws.com/processed/bmf-legacy/2004_04/bmf_legacy_2004_04_quality_report.json"
"legacy","processed/bmf-legacy/","processed/bmf-legacy/2004_12/_manifest.json","2026-09-14T19:58:42.000Z","""c50a963b6ba9fcabfac73bebdbb04d65""",1772,"1.8 kb","STANDARD","nccsdata","https://nccsdata.s3.us-east-1.amazonaws.com/processed/bmf-legacy/2004_12/_manifest.json"
"legacy","processed/bmf-legacy/","processed/bmf-legacy/2004_12/bmf_legacy_2004_12_data_dictionary.csv","2026-09-14T19:58:38.000Z","""3b049d396c2fc6e5702b766ac2b34fe7""",4261,"4.3 kb","STANDARD","nccsdata","https://nccsdata.s3.us-east-1.amazonaws.com/processed/bmf-legacy/2004_12/bmf_legacy_2004_12_data_dictionary.csv"
"legacy","processed/bmf-legacy/","processed/bmf-legacy/2004_12/bmf_legacy_2004_12_processed.csv","2026-09-14T19:58:21.000Z","""9328bbdc2c48024d51e209c3c784d6f9-6""",598555068,"598.56 mb","STANDARD","nccsdata","https://nccsdata.s3.us-east-1.amazonaws.com/processed/bmf-legacy/2004_12/bmf_legacy_2004_12_processed.csv"
"legacy","processed/bmf-legacy/","processed/bmf-legacy/2004_12/bmf_legacy_2004_12_quality_report.json","2026-09-14T19:58:38.000Z","""d96d554e8bce30bbf16675923e3a1145""",88441,"88.4 kb","STANDARD","nccsdata","https://nccsdata.s3.us-east-1.amazonaws.com/processed/bmf-legacy/2004_12/bmf_legacy_2004_12_quality_report.json"
"legacy","processed/bmf-legacy/","processed/bmf-legacy/2005_07/_manifest.json","2026-09-14T19:58:45.000Z","""55c06602c1d7328f820bb3b54761293c""",1772,"1.8 kb","STANDARD","nccsdata","https://nccsdata.s3.us-east-1.amazonaws.com/processed/bmf-legacy/2005_07/_manifest.json"
"legacy","processed/bmf-legacy/","processed/bmf-legacy/2005_07/bmf_legacy_2005_07_data_dictionary.csv","2026-09-14T19:58:40.000Z","""f058d117e923c8e0d7e3b4ad4abf8ca3""",4261,"4.3 kb","STANDARD","nccsdata","https://nccsdata.s3.us-east-1.amazonaws.com/processed/bmf-legacy/2005_07/bmf_legacy_2005_07_data_dictionary.csv"
"legacy","processed/bmf-legacy/","processed/bmf-legacy/2005_07/bmf_legacy_2005_07_processed.csv","2026-09-14T19:58:25.000Z","""26193c97f7d148a5012cc1d1c3e472d6-7""",600662891,"600.66 mb","STANDARD","nccsdata","https://nccsdata.s3.us-east-1.amazonaws.com/processed/bmf-legacy/2005_07/bmf_legacy_2005_07_processed.csv"
"legacy","processed/bmf-legacy/","processed/bmf-legacy/2005_07/bmf_legacy_2005_07_quality_report.json","2026-09-14T19:58:40.000Z","""b603b6b086c7fdefa9b5322d5279d30c""",88541,"88.5 kb","STANDARD","nccsdata","https://nccsdata.s3.us-east-1.amazonaws.com/processed/bmf-legacy/2005_07/bmf_legacy_2005_07_quality_report.json"
"legacy","processed/bmf-legacy/","processed/bmf-legacy/2005_11/_manifest.json","2026-09-14T19:58:47.000Z","""ca434f697e053241380e11b6d285b2b6""",1772,"1.8 kb","STANDARD","nccsdata","https://nccsdata.s3.us-east-1.amazonaws.com/processed/bmf-legacy/2005_11/_manifest.json"
"legacy","processed/bmf-legacy/","processed/bmf-legacy/2005_11/bmf_legacy_2005_11_data_dictionary.csv","2026-09-14T19:58:43.000Z","""ce2fef1e52b5fcdcf0ead699f8a60561""",4262,"4.3 kb","STANDARD","nccsdata","https://nccsdata.s3.us-east-1.amazonaws.com/processed/bmf-legacy/2005_11/bmf_legacy_2005_11_data_dictionary.csv"
"legacy","processed/bmf-legacy/","processed/bmf-legacy/2005_11/bmf_legacy_2005_11_processed.csv","2026-09-14T19:58:27.000Z","""e043667fff9db06a2e9c4fe609cf5297-7""",603784052,"603.78 mb","STANDARD","nccsdata","https://nccsdata.s3.us-east-1.amazonaws.com/processed/bmf-legacy/2005_11/bmf_legacy_2005_11_processed.csv"
"legacy","processed/bmf-legacy/","processed/bmf-legacy/2005_11/bmf_legacy_2005_11_quality_report.json","2026-09-14T19:58:43.000Z","""b2c064d0848060313042a0bb95aca8c0""",88542,"88.5 kb","STANDARD","nccsdata","https://nccsdata.s3.us-east-1.amazonaws.com/processed/bmf-legacy/2005_11/bmf_legacy_2005_11_quality_report.json"
"legacy","processed/bmf-legacy/","processed/bmf-legacy/2006_01/_manifest.json","2026-09-14T19:58:45.000Z","""3b71fb3281a0c086f55132b2fe152e44""",1772,"1.8 kb","STANDARD","nccsdata","https://nccsdata.s3.us-east-1.amazonaws.com/processed/bmf-legacy/2006_01/_manifest.json"
"legacy","processed/bmf-legacy/","processed/bmf-legacy/2006_01/bmf_legacy_2006_01_data_dictionary.csv","2026-09-14T19:58:40.000Z","""3d36aaccc661b4b985c70c014a9ebb0a""",4262,"4.3 kb","STANDARD","nccsdata","https://nccsdata.s3.us-east-1.amazonaws.com/processed/bmf-legacy/2006_01/bmf_legacy_2006_01_data_dictionary.csv"
"legacy","processed/bmf-legacy/","processed/bmf-legacy/2006_01/bmf_legacy_2006_01_processed.csv","2026-09-14T19:58:25.000Z","""d37db628ae069a4ec2ae1d756baa777b-7""",605984024,"605.98 mb","STANDARD","nccsdata","https://nccsdata.s3.us-east-1.amazonaws.com/processed/bmf-legacy/2006_01/bmf_legacy_2006_01_processed.csv"
"legacy","processed/bmf-legacy/","processed/bmf-legacy/2006_01/bmf_legacy_2006_01_quality_report.json","2026-09-14T19:58:40.000Z","""2ead1c935f8dc7c7bd6ff42d07cfb748""",88532,"88.5 kb","STANDARD","nccsdata","https://nccsdata.s3.us-east-1.amazonaws.com/processed/bmf-legacy/2006_01/bmf_legacy_2006_01_quality_report.json"
"legacy","processed/bmf-legacy/","processed/bmf-legacy/2006_05/_manifest.json","2026-09-14T19:58:50.000Z","""54aeb506d095b67f32973d3e1736ccc6""",1772,"1.8 kb","STANDARD","nccsdata","https://nccsdata.s3.us-east-1.amazonaws.com/processed/bmf-legacy/2006_05/_manifest.json"
"legacy","processed/bmf-legacy/","processed/bmf-legacy/2006_05/bmf_legacy_2006_05_data_dictionary.csv","2026-09-14T19:58:45.000Z","""d7210c8c18ec598d702b3112e6963b9d""",4261,"4.3 kb","STANDARD","nccsdata","https://nccsdata.s3.us-east-1.amazonaws.com/processed/bmf-legacy/2006_05/bmf_legacy_2006_05_data_dictionary.csv"
"legacy","processed/bmf-legacy/","processed/bmf-legacy/2006_05/bmf_legacy_2006_05_processed.csv","2026-09-14T19:58:30.000Z","""b7d032a7eac5457a02f3bd46de301679-7""",602864513,"602.86 mb","STANDARD","nccsdata","https://nccsdata.s3.us-east-1.amazonaws.com/processed/bmf-legacy/2006_05/bmf_legacy_2006_05_processed.csv"
"legacy","processed/bmf-legacy/","processed/bmf-legacy/2006_05/bmf_legacy_2006_05_quality_report.json","2026-09-14T19:58:45.000Z","""95afcba3eab3a24206c9c877cff28354""",88534,"88.5 kb","STANDARD","nccsdata","https://nccsdata.s3.us-east-1.amazonaws.com/processed/bmf-legacy/2006_05/bmf_legacy_2006_05_quality_report.json"
"legacy","processed/bmf-legacy/","processed/bmf-legacy/2006_11/_manifest.json","2026-09-14T19:59:22.000Z","""5d92c134c7ee478f6110e159e12a85b4""",1860,"1.9 kb","STANDARD","nccsdata","https://nccsdata.s3.us-east-1.amazonaws.com/processed/bmf-legacy/2006_11/_manifest.json"
"legacy","processed/bmf-legacy/","processed/bmf-legacy/2006_11/bmf_legacy_2006_11_data_dictionary.csv","2026-09-14T19:59:17.000Z","""3fac4b196ecd734af14f74b256550384""",4514,"4.5 kb","STANDARD","nccsdata","https://nccsdata.s3.us-east-1.amazonaws.com/processed/bmf-legacy/2006_11/bmf_legacy_2006_11_data_dictionary.csv"
"legacy","processed/bmf-legacy/","processed/bmf-legacy/2006_11/bmf_legacy_2006_11_processed.csv","2026-09-14T19:59:01.000Z","""3153cffd6770959bcb61eec4c388390b-7""",648460660,"648.46 mb","STANDARD","nccsdata","https://nccsdata.s3.us-east-1.amazonaws.com/processed/bmf-legacy/2006_11/bmf_legacy_2006_11_processed.csv"
"legacy","processed/bmf-legacy/","processed/bmf-legacy/2006_11/bmf_legacy_2006_11_quality_report.json","2026-09-14T19:59:17.000Z","""68183b8b8780e8ae3fb58805f333612a""",90579,"90.6 kb","STANDARD","nccsdata","https://nccsdata.s3.us-east-1.amazonaws.com/processed/bmf-legacy/2006_11/bmf_legacy_2006_11_quality_report.json"
"legacy","processed/bmf-legacy/","processed/bmf-legacy/2007_01/_manifest.json","2026-09-14T20:01:39.000Z","""9c1e3891d9853f703be8e16a27a4b989""",1860,"1.9 kb","STANDARD","nccsdata","https://nccsdata.s3.us-east-1.amazonaws.com/processed/bmf-legacy/2007_01/_manifest.json"
"legacy","processed/bmf-legacy/","processed/bmf-legacy/2007_01/bmf_legacy_2007_01_data_dictionary.csv","2026-09-14T20:01:34.000Z","""90022e49a5a12e35a7a67b726157669e""",4516,"4.5 kb","STANDARD","nccsdata","https://nccsdata.s3.us-east-1.amazonaws.com/processed/bmf-legacy/2007_01/bmf_legacy_2007_01_data_dictionary.csv"
"legacy","processed/bmf-legacy/","processed/bmf-legacy/2007_01/bmf_legacy_2007_01_processed.csv","2026-09-14T20:01:18.000Z","""a729d5318ec643df20f818419499165a-7""",663723501,"663.72 mb","STANDARD","nccsdata","https://nccsdata.s3.us-east-1.amazonaws.com/processed/bmf-legacy/2007_01/bmf_legacy_2007_01_processed.csv"
"legacy","processed/bmf-legacy/","processed/bmf-legacy/2007_01/bmf_legacy_2007_01_quality_report.json","2026-09-14T20:01:34.000Z","""654cb389930a21596eb3fc8d9ecd9cd7""",90593,"90.6 kb","STANDARD","nccsdata","https://nccsdata.s3.us-east-1.amazonaws.com/processed/bmf-legacy/2007_01/bmf_legacy_2007_01_quality_report.json"
"legacy","processed/bmf-legacy/","processed/bmf-legacy/2007_04/_manifest.json","2026-09-14T20:03:16.000Z","""597590de5df3816ae88d0da6f35e4fcc""",1860,"1.9 kb","STANDARD","nccsdata","https://nccsdata.s3.us-east-1.amazonaws.com/processed/bmf-legacy/2007_04/_manifest.json"
"legacy","processed/bmf-legacy/","processed/bmf-legacy/2007_04/bmf_legacy_2007_04_data_dictionary.csv","2026-09-14T20:03:10.000Z","""7c933cf86e251306abfc4c5562f23b2d""",4512,"4.5 kb","STANDARD","nccsdata","https://nccsdata.s3.us-east-1.amazonaws.com/processed/bmf-legacy/2007_04/bmf_legacy_2007_04_data_dictionary.csv"
"legacy","processed/bmf-legacy/","processed/bmf-legacy/2007_04/bmf_legacy_2007_04_processed.csv","2026-09-14T20:02:52.000Z","""b2a09c33d2126f6e21283de31ce8f0ef-7""",665768624,"665.77 mb","STANDARD","nccsdata","https://nccsdata.s3.us-east-1.amazonaws.com/processed/bmf-legacy/2007_04/bmf_legacy_2007_04_processed.csv"
"legacy","processed/bmf-legacy/","processed/bmf-legacy/2007_04/bmf_legacy_2007_04_quality_report.json","2026-09-14T20:03:10.000Z","""425b3ab64e18c2cde00aa970bb1080d4""",91409,"91.4 kb","STANDARD","nccsdata","https://nccsdata.s3.us-east-1.amazonaws.com/processed/bmf-legacy/2007_04/bmf_legacy_2007_04_quality_report.json"
"legacy","processed/bmf-legacy/","processed/bmf-legacy/2007_09/_manifest.json","2026-09-14T20:03:49.000Z","""e425c22fea05d6aac8548fd0477f973d""",1860,"1.9 kb","STANDARD","nccsdata","https://nccsdata.s3.us-east-1.amazonaws.com/processed/bmf-legacy/2007_09/_manifest.json"
"legacy","processed/bmf-legacy/","processed/bmf-legacy/2007_09/bmf_legacy_2007_09_data_dictionary.csv","2026-09-14T20:03:44.000Z","""f8e314166d9cfdf078474d53769ad24b""",4514,"4.5 kb","STANDARD","nccsdata","https://nccsdata.s3.us-east-1.amazonaws.com/processed/bmf-legacy/2007_09/bmf_legacy_2007_09_data_dictionary.csv"
"legacy","processed/bmf-legacy/","processed/bmf-legacy/2007_09/bmf_legacy_2007_09_processed.csv","2026-09-14T20:03:27.000Z","""d876619f17b97d1da6b087546456f2ac-7""",667511408,"667.51 mb","STANDARD","nccsdata","https://nccsdata.s3.us-east-1.amazonaws.com/processed/bmf-legacy/2007_09/bmf_legacy_2007_09_processed.csv"
"legacy","processed/bmf-legacy/","processed/bmf-legacy/2007_09/bmf_legacy_2007_09_quality_report.json","2026-09-14T20:03:44.000Z","""adf76b95e5a5c00c900feb2f9ac09257""",91437,"91.4 kb","STANDARD","nccsdata","https://nccsdata.s3.us-east-1.amazonaws.com/processed/bmf-legacy/2007_09/bmf_legacy_2007_09_quality_report.json"
"legacy","processed/bmf-legacy/","processed/bmf-legacy/2008_01/_manifest.json","2026-09-14T20:03:43.000Z","""e9b5bc9c7fa7055b70a74578a01e04cc""",1860,"1.9 kb","STANDARD","nccsdata","https://nccsdata.s3.us-east-1.amazonaws.com/processed/bmf-legacy/2008_01/_manifest.json"
"legacy","processed/bmf-legacy/","processed/bmf-legacy/2008_01/bmf_legacy_2008_01_data_dictionary.csv","2026-09-14T20:03:38.000Z","""5839e2d682c37da3ed2ccdd1f843db2c""",4515,"4.5 kb","STANDARD","nccsdata","https://nccsdata.s3.us-east-1.amazonaws.com/processed/bmf-legacy/2008_01/bmf_legacy_2008_01_data_dictionary.csv"
"legacy","processed/bmf-legacy/","processed/bmf-legacy/2008_01/bmf_legacy_2008_01_processed.csv","2026-09-14T20:03:21.000Z","""fca8647bebdcf9f7c85d73460114e126-7""",659958069,"659.96 mb","STANDARD","nccsdata","https://nccsdata.s3.us-east-1.amazonaws.com/processed/bmf-legacy/2008_01/bmf_legacy_2008_01_processed.csv"
"legacy","processed/bmf-legacy/","processed/bmf-legacy/2008_01/bmf_legacy_2008_01_quality_report.json","2026-09-14T20:03:38.000Z","""efb14edd94316ced9acf052951d202e3""",91498,"91.5 kb","STANDARD","nccsdata","https://nccsdata.s3.us-east-1.amazonaws.com/processed/bmf-legacy/2008_01/bmf_legacy_2008_01_quality_report.json"
"legacy","processed/bmf-legacy/","processed/bmf-legacy/2008_04/_manifest.json","2026-09-14T20:04:07.000Z","""6f14e7f0e41b24908691abf5d2adf3ce""",1860,"1.9 kb","STANDARD","nccsdata","https://nccsdata.s3.us-east-1.amazonaws.com/processed/bmf-legacy/2008_04/_manifest.json"
"legacy","processed/bmf-legacy/","processed/bmf-legacy/2008_04/bmf_legacy_2008_04_data_dictionary.csv","2026-09-14T20:04:01.000Z","""ba97ddbc1f040966ac1646e7360df07a""",4513,"4.5 kb","STANDARD","nccsdata","https://nccsdata.s3.us-east-1.amazonaws.com/processed/bmf-legacy/2008_04/bmf_legacy_2008_04_data_dictionary.csv"
"legacy","processed/bmf-legacy/","processed/bmf-legacy/2008_04/bmf_legacy_2008_04_processed.csv","2026-09-14T20:03:43.000Z","""8a837bf0d9dc7bbc8b988d66485599e1-7""",661533399,"661.53 mb","STANDARD","nccsdata","https://nccsdata.s3.us-east-1.amazonaws.com/processed/bmf-legacy/2008_04/bmf_legacy_2008_04_processed.csv"
"legacy","processed/bmf-legacy/","processed/bmf-legacy/2008_04/bmf_legacy_2008_04_quality_report.json","2026-09-14T20:04:01.000Z","""3910bcf265bf65af8990f075ad69cbef""",91544,"91.5 kb","STANDARD","nccsdata","https://nccsdata.s3.us-east-1.amazonaws.com/processed/bmf-legacy/2008_04/bmf_legacy_2008_04_quality_report.json"
"legacy","processed/bmf-legacy/","processed/bmf-legacy/2008_06/_manifest.json","2026-09-14T20:04:16.000Z","""d35d94aff84c925f79cdad0335cc41e7""",1860,"1.9 kb","STANDARD","nccsdata","https://nccsdata.s3.us-east-1.amazonaws.com/processed/bmf-legacy/2008_06/_manifest.json"
"legacy","processed/bmf-legacy/","processed/bmf-legacy/2008_06/bmf_legacy_2008_06_data_dictionary.csv","2026-09-14T20:04:11.000Z","""afbe4463a3bd401245907304e6b81696""",4514,"4.5 kb","STANDARD","nccsdata","https://nccsdata.s3.us-east-1.amazonaws.com/processed/bmf-legacy/2008_06/bmf_legacy_2008_06_data_dictionary.csv"
"legacy","processed/bmf-legacy/","processed/bmf-legacy/2008_06/bmf_legacy_2008_06_processed.csv","2026-09-14T20:03:53.000Z","""033feb67cf29ccc2d55362edd13a802e-7""",675253443,"675.25 mb","STANDARD","nccsdata","https://nccsdata.s3.us-east-1.amazonaws.com/processed/bmf-legacy/2008_06/bmf_legacy_2008_06_processed.csv"
"legacy","processed/bmf-legacy/","processed/bmf-legacy/2008_06/bmf_legacy_2008_06_quality_report.json","2026-09-14T20:04:11.000Z","""64ad3abfa3f28b994ab3506875899563""",91436,"91.4 kb","STANDARD","nccsdata","https://nccsdata.s3.us-east-1.amazonaws.com/processed/bmf-legacy/2008_06/bmf_legacy_2008_06_quality_report.json"
"legacy","processed/bmf-legacy/","processed/bmf-legacy/2008_10/_manifest.json","2026-09-14T20:04:25.000Z","""bc7e509f6697fdbfc8f824cae3c98d52""",1860,"1.9 kb","STANDARD","nccsdata","https://nccsdata.s3.us-east-1.amazonaws.com/processed/bmf-legacy/2008_10/_manifest.json"
"legacy","processed/bmf-legacy/","processed/bmf-legacy/2008_10/bmf_legacy_2008_10_data_dictionary.csv","2026-09-14T20:04:20.000Z","""30c7c02edec14cf92c5f4f25e98277bc""",4511,"4.5 kb","STANDARD","nccsdata","https://nccsdata.s3.us-east-1.amazonaws.com/processed/bmf-legacy/2008_10/bmf_legacy_2008_10_data_dictionary.csv"
"legacy","processed/bmf-legacy/","processed/bmf-legacy/2008_10/bmf_legacy_2008_10_processed.csv","2026-09-14T20:04:03.000Z","""7a27adfa17eba46877e11e4c2308e30b-7""",683848078,"683.85 mb","STANDARD","nccsdata","https://nccsdata.s3.us-east-1.amazonaws.com/processed/bmf-legacy/2008_10/bmf_legacy_2008_10_processed.csv"
"legacy","processed/bmf-legacy/","processed/bmf-legacy/2008_10/bmf_legacy_2008_10_quality_report.json","2026-09-14T20:04:20.000Z","""37072afcc3cab6d1c67ba6da70d13d73""",91431,"91.4 kb","STANDARD","nccsdata","https://nccsdata.s3.us-east-1.amazonaws.com/processed/bmf-legacy/2008_10/bmf_legacy_2008_10_quality_report.json"
"legacy","processed/bmf-legacy/","processed/bmf-legacy/2008_12/_manifest.json","2026-09-14T20:04:25.000Z","""7da98d35a89968d3e2f8d034375c143b""",1860,"1.9 kb","STANDARD","nccsdata","https://nccsdata.s3.us-east-1.amazonaws.com/processed/bmf-legacy/2008_12/_manifest.json"
"legacy","processed/bmf-legacy/","processed/bmf-legacy/2008_12/bmf_legacy_2008_12_data_dictionary.csv","2026-09-14T20:04:20.000Z","""6fc31ad017584055bdb5ffa3e2fc6869""",4512,"4.5 kb","STANDARD","nccsdata","https://nccsdata.s3.us-east-1.amazonaws.com/processed/bmf-legacy/2008_12/bmf_legacy_2008_12_data_dictionary.csv"
"legacy","processed/bmf-legacy/","processed/bmf-legacy/2008_12/bmf_legacy_2008_12_processed.csv","2026-09-14T20:04:01.000Z","""87d251d8fa21ba9415ca6628704c5cfe-7""",685523032,"685.52 mb","STANDARD","nccsdata","https://nccsdata.s3.us-east-1.amazonaws.com/processed/bmf-legacy/2008_12/bmf_legacy_2008_12_processed.csv"
"legacy","processed/bmf-legacy/","processed/bmf-legacy/2008_12/bmf_legacy_2008_12_quality_report.json","2026-09-14T20:04:20.000Z","""1aec6ceeb85bb0c705fa7fe202264905""",91464,"91.5 kb","STANDARD","nccsdata","https://nccsdata.s3.us-east-1.amazonaws.com/processed/bmf-legacy/2008_12/bmf_legacy_2008_12_quality_report.json"
"legacy","processed/bmf-legacy/","processed/bmf-legacy/2009_01/_manifest.json","2026-09-14T20:08:35.000Z","""09d3a5580d79cbc2cccbc84781daaa11""",2112,"2.1 kb","STANDARD","nccsdata","https://nccsdata.s3.us-east-1.amazonaws.com/processed/bmf-legacy/2009_01/_manifest.json"
"legacy","processed/bmf-legacy/","processed/bmf-legacy/2009_01/bmf_legacy_2009_01_data_dictionary.csv","2026-09-14T20:08:29.000Z","""f711a8319bd2237a7f7eaa31faf3f2a2""",5139,"5.1 kb","STANDARD","nccsdata","https://nccsdata.s3.us-east-1.amazonaws.com/processed/bmf-legacy/2009_01/bmf_legacy_2009_01_data_dictionary.csv"
"legacy","processed/bmf-legacy/","processed/bmf-legacy/2009_01/bmf_legacy_2009_01_processed.csv","2026-09-14T20:08:06.000Z","""0e145321ad084fc842be92a5c8a72d4d-9""",843310833,"843.31 mb","STANDARD","nccsdata","https://nccsdata.s3.us-east-1.amazonaws.com/processed/bmf-legacy/2009_01/bmf_legacy_2009_01_processed.csv"
"legacy","processed/bmf-legacy/","processed/bmf-legacy/2009_01/bmf_legacy_2009_01_quality_report.json","2026-09-14T20:08:29.000Z","""d5fa34517e08f4a358f2f6e436dd764d""",91508,"91.5 kb","STANDARD","nccsdata","https://nccsdata.s3.us-east-1.amazonaws.com/processed/bmf-legacy/2009_01/bmf_legacy_2009_01_quality_report.json"
"legacy","processed/bmf-legacy/","processed/bmf-legacy/2009_04/_manifest.json","2026-09-14T20:05:01.000Z","""2e03191be0979fd30c5af5225bfc09f4""",1860,"1.9 kb","STANDARD","nccsdata","https://nccsdata.s3.us-east-1.amazonaws.com/processed/bmf-legacy/2009_04/_manifest.json"
"legacy","processed/bmf-legacy/","processed/bmf-legacy/2009_04/bmf_legacy_2009_04_data_dictionary.csv","2026-09-14T20:04:56.000Z","""8e210bfd25f59c98cd50a3c95c76bbc3""",4511,"4.5 kb","STANDARD","nccsdata","https://nccsdata.s3.us-east-1.amazonaws.com/processed/bmf-legacy/2009_04/bmf_legacy_2009_04_data_dictionary.csv"
"legacy","processed/bmf-legacy/","processed/bmf-legacy/2009_04/bmf_legacy_2009_04_processed.csv","2026-09-14T20:04:38.000Z","""834653ecaf8073f34bc5808de0627f91-7""",695645636,"695.65 mb","STANDARD","nccsdata","https://nccsdata.s3.us-east-1.amazonaws.com/processed/bmf-legacy/2009_04/bmf_legacy_2009_04_processed.csv"
"legacy","processed/bmf-legacy/","processed/bmf-legacy/2009_04/bmf_legacy_2009_04_quality_report.json","2026-09-14T20:04:56.000Z","""3b76152ee924bc2f4e9d1c9bac0adeac""",91519,"91.5 kb","STANDARD","nccsdata","https://nccsdata.s3.us-east-1.amazonaws.com/processed/bmf-legacy/2009_04/bmf_legacy_2009_04_quality_report.json"
"legacy","processed/bmf-legacy/","processed/bmf-legacy/2009_07/_manifest.json","2026-09-14T20:07:18.000Z","""1cace10e038503621116582cf622bfca""",1860,"1.9 kb","STANDARD","nccsdata","https://nccsdata.s3.us-east-1.amazonaws.com/processed/bmf-legacy/2009_07/_manifest.json"
"legacy","processed/bmf-legacy/","processed/bmf-legacy/2009_07/bmf_legacy_2009_07_data_dictionary.csv","2026-09-14T20:07:13.000Z","""5eea23b3dd5038edd338ac1c5f953d9a""",4511,"4.5 kb","STANDARD","nccsdata","https://nccsdata.s3.us-east-1.amazonaws.com/processed/bmf-legacy/2009_07/bmf_legacy_2009_07_data_dictionary.csv"
"legacy","processed/bmf-legacy/","processed/bmf-legacy/2009_07/bmf_legacy_2009_07_processed.csv","2026-09-14T20:06:55.000Z","""390d6d44cf104d85a961cc420d83fda4-8""",702809494,"702.81 mb","STANDARD","nccsdata","https://nccsdata.s3.us-east-1.amazonaws.com/processed/bmf-legacy/2009_07/bmf_legacy_2009_07_processed.csv"
"legacy","processed/bmf-legacy/","processed/bmf-legacy/2009_07/bmf_legacy_2009_07_quality_report.json","2026-09-14T20:07:13.000Z","""81cae49c62600f432945d029dd8195e0""",91524,"91.5 kb","STANDARD","nccsdata","https://nccsdata.s3.us-east-1.amazonaws.com/processed/bmf-legacy/2009_07/bmf_legacy_2009_07_quality_report.json"
"legacy","processed/bmf-legacy/","processed/bmf-legacy/2009_10/_manifest.json","2026-09-14T20:13:08.000Z","""c9ae6b3db1455c50f9c105d7b777dacb""",2112,"2.1 kb","STANDARD","nccsdata","https://nccsdata.s3.us-east-1.amazonaws.com/processed/bmf-legacy/2009_10/_manifest.json"
"legacy","processed/bmf-legacy/","processed/bmf-legacy/2009_10/bmf_legacy_2009_10_data_dictionary.csv","2026-09-14T20:13:00.000Z","""523200dd7ddd469dacb43d39eecc7eb9""",5139,"5.1 kb","STANDARD","nccsdata","https://nccsdata.s3.us-east-1.amazonaws.com/processed/bmf-legacy/2009_10/bmf_legacy_2009_10_data_dictionary.csv"
"legacy","processed/bmf-legacy/","processed/bmf-legacy/2009_10/bmf_legacy_2009_10_processed.csv","2026-09-14T20:12:37.000Z","""959a7eed36c184d430f795cdc29882fc-9""",868729644,"868.73 mb","STANDARD","nccsdata","https://nccsdata.s3.us-east-1.amazonaws.com/processed/bmf-legacy/2009_10/bmf_legacy_2009_10_processed.csv"
"legacy","processed/bmf-legacy/","processed/bmf-legacy/2009_10/bmf_legacy_2009_10_quality_report.json","2026-09-14T20:13:00.000Z","""6931f96895c664cdf531063c8f36f492""",91565,"91.6 kb","STANDARD","nccsdata","https://nccsdata.s3.us-east-1.amazonaws.com/processed/bmf-legacy/2009_10/bmf_legacy_2009_10_quality_report.json"
"legacy","processed/bmf-legacy/","processed/bmf-legacy/2010_01/_manifest.json","2026-09-14T20:13:46.000Z","""756f81222aa0f5037c4058a97e766763""",2112,"2.1 kb","STANDARD","nccsdata","https://nccsdata.s3.us-east-1.amazonaws.com/processed/bmf-legacy/2010_01/_manifest.json"
"legacy","processed/bmf-legacy/","processed/bmf-legacy/2010_01/bmf_legacy_2010_01_data_dictionary.csv","2026-09-14T20:13:39.000Z","""8d20bcee3a005fd0405597761391548a""",5141,"5.1 kb","STANDARD","nccsdata","https://nccsdata.s3.us-east-1.amazonaws.com/processed/bmf-legacy/2010_01/bmf_legacy_2010_01_data_dictionary.csv"
"legacy","processed/bmf-legacy/","processed/bmf-legacy/2010_01/bmf_legacy_2010_01_processed.csv","2026-09-14T20:13:16.000Z","""d4879951e75b04287f3216d7448c83ce-9""",875399777,"875.40 mb","STANDARD","nccsdata","https://nccsdata.s3.us-east-1.amazonaws.com/processed/bmf-legacy/2010_01/bmf_legacy_2010_01_processed.csv"
"legacy","processed/bmf-legacy/","processed/bmf-legacy/2010_01/bmf_legacy_2010_01_quality_report.json","2026-09-14T20:13:39.000Z","""b869572698a602033797550aec3a4c13""",91597,"91.6 kb","STANDARD","nccsdata","https://nccsdata.s3.us-east-1.amazonaws.com/processed/bmf-legacy/2010_01/bmf_legacy_2010_01_quality_report.json"
"legacy","processed/bmf-legacy/","processed/bmf-legacy/2010_04/_manifest.json","2026-09-14T20:13:59.000Z","""406af39395a5eb4b4b40251d904cf37f""",2302,"2.3 kb","STANDARD","nccsdata","https://nccsdata.s3.us-east-1.amazonaws.com/processed/bmf-legacy/2010_04/_manifest.json"
"legacy","processed/bmf-legacy/","processed/bmf-legacy/2010_04/bmf_legacy_2010_04_data_dictionary.csv","2026-09-14T20:13:50.000Z","""b8be78884b3931b65491b32eddcbe931""",5631,"5.6 kb","STANDARD","nccsdata","https://nccsdata.s3.us-east-1.amazonaws.com/processed/bmf-legacy/2010_04/bmf_legacy_2010_04_data_dictionary.csv"
"legacy","processed/bmf-legacy/","processed/bmf-legacy/2010_04/bmf_legacy_2010_04_processed.csv","2026-09-14T20:13:27.000Z","""9f27263553ae627f41c90de0ac037680-10""",916575254,"916.58 mb","STANDARD","nccsdata","https://nccsdata.s3.us-east-1.amazonaws.com/processed/bmf-legacy/2010_04/bmf_legacy_2010_04_processed.csv"
"legacy","processed/bmf-legacy/","processed/bmf-legacy/2010_04/bmf_legacy_2010_04_quality_report.json","2026-09-14T20:13:50.000Z","""df1d493ed9bf8d8941f827754a7f6a64""",92980,"93.0 kb","STANDARD","nccsdata","https://nccsdata.s3.us-east-1.amazonaws.com/processed/bmf-legacy/2010_04/bmf_legacy_2010_04_quality_report.json"
"legacy","processed/bmf-legacy/","processed/bmf-legacy/2010_05/_manifest.json","2026-09-14T20:14:30.000Z","""41385f690bc0d44a307f6580fa880474""",2302,"2.3 kb","STANDARD","nccsdata","https://nccsdata.s3.us-east-1.amazonaws.com/processed/bmf-legacy/2010_05/_manifest.json"
"legacy","processed/bmf-legacy/","processed/bmf-legacy/2010_05/bmf_legacy_2010_05_data_dictionary.csv","2026-09-14T20:14:23.000Z","""7959d1b18f941f674f65fc3c94352172""",5630,"5.6 kb","STANDARD","nccsdata","https://nccsdata.s3.us-east-1.amazonaws.com/processed/bmf-legacy/2010_05/bmf_legacy_2010_05_data_dictionary.csv"
"legacy","processed/bmf-legacy/","processed/bmf-legacy/2010_05/bmf_legacy_2010_05_processed.csv","2026-09-14T20:13:58.000Z","""e93327738b69734c22a6bc3f9016dedd-10""",919230277,"919.23 mb","STANDARD","nccsdata","https://nccsdata.s3.us-east-1.amazonaws.com/processed/bmf-legacy/2010_05/bmf_legacy_2010_05_processed.csv"
"legacy","processed/bmf-legacy/","processed/bmf-legacy/2010_05/bmf_legacy_2010_05_quality_report.json","2026-09-14T20:14:23.000Z","""af56d29451b4861011e1312648d33bea""",93025,"93.0 kb","STANDARD","nccsdata","https://nccsdata.s3.us-east-1.amazonaws.com/processed/bmf-legacy/2010_05/bmf_legacy_2010_05_quality_report.json"
"legacy","processed/bmf-legacy/","processed/bmf-legacy/2010_07/_manifest.json","2026-09-14T20:14:42.000Z","""11079296ab494ede39619bbeaeb3f9f8""",2302,"2.3 kb","STANDARD","nccsdata","https://nccsdata.s3.us-east-1.amazonaws.com/processed/bmf-legacy/2010_07/_manifest.json"
"legacy","processed/bmf-legacy/","processed/bmf-legacy/2010_07/bmf_legacy_2010_07_data_dictionary.csv","2026-09-14T20:14:35.000Z","""e6b3882d83ecdc09fb728065fd0be613""",5630,"5.6 kb","STANDARD","nccsdata","https://nccsdata.s3.us-east-1.amazonaws.com/processed/bmf-legacy/2010_07/bmf_legacy_2010_07_data_dictionary.csv"
"legacy","processed/bmf-legacy/","processed/bmf-legacy/2010_07/bmf_legacy_2010_07_processed.csv","2026-09-14T20:14:11.000Z","""dda30fd541420a0c2a7b82db0bb9aaba-10""",919918660,"919.92 mb","STANDARD","nccsdata","https://nccsdata.s3.us-east-1.amazonaws.com/processed/bmf-legacy/2010_07/bmf_legacy_2010_07_processed.csv"
"legacy","processed/bmf-legacy/","processed/bmf-legacy/2010_07/bmf_legacy_2010_07_quality_report.json","2026-09-14T20:14:35.000Z","""0bd10c79c29295fd646ac03781a59075""",92860,"92.9 kb","STANDARD","nccsdata","https://nccsdata.s3.us-east-1.amazonaws.com/processed/bmf-legacy/2010_07/bmf_legacy_2010_07_quality_report.json"
"legacy","processed/bmf-legacy/","processed/bmf-legacy/2010_08/_manifest.json","2026-09-14T20:14:40.000Z","""42dc798e725299740640d00d76de49f6""",2302,"2.3 kb","STANDARD","nccsdata","https://nccsdata.s3.us-east-1.amazonaws.com/processed/bmf-legacy/2010_08/_manifest.json"
"legacy","processed/bmf-legacy/","processed/bmf-legacy/2010_08/bmf_legacy_2010_08_data_dictionary.csv","2026-09-14T20:14:34.000Z","""7fb4cb53d5838ffea9a28f8581a5c64c""",5627,"5.6 kb","STANDARD","nccsdata","https://nccsdata.s3.us-east-1.amazonaws.com/processed/bmf-legacy/2010_08/bmf_legacy_2010_08_data_dictionary.csv"
"legacy","processed/bmf-legacy/","processed/bmf-legacy/2010_08/bmf_legacy_2010_08_processed.csv","2026-09-14T20:14:10.000Z","""07f28348bca8e81325496fea2d498ee5-10""",922214264,"922.21 mb","STANDARD","nccsdata","https://nccsdata.s3.us-east-1.amazonaws.com/processed/bmf-legacy/2010_08/bmf_legacy_2010_08_processed.csv"
"legacy","processed/bmf-legacy/","processed/bmf-legacy/2010_08/bmf_legacy_2010_08_quality_report.json","2026-09-14T20:14:34.000Z","""412f20e0827217b6a5d8de4871b24fc1""",92786,"92.8 kb","STANDARD","nccsdata","https://nccsdata.s3.us-east-1.amazonaws.com/processed/bmf-legacy/2010_08/bmf_legacy_2010_08_quality_report.json"
"legacy","processed/bmf-legacy/","processed/bmf-legacy/2010_11/_manifest.json","2026-09-14T20:14:49.000Z","""a3ad95585435a8eba3b2993592549fac""",2302,"2.3 kb","STANDARD","nccsdata","https://nccsdata.s3.us-east-1.amazonaws.com/processed/bmf-legacy/2010_11/_manifest.json"
"legacy","processed/bmf-legacy/","processed/bmf-legacy/2010_11/bmf_legacy_2010_11_data_dictionary.csv","2026-09-14T20:14:42.000Z","""cac3beb9616077375a55fec50071fb48""",5629,"5.6 kb","STANDARD","nccsdata","https://nccsdata.s3.us-east-1.amazonaws.com/processed/bmf-legacy/2010_11/bmf_legacy_2010_11_data_dictionary.csv"
"legacy","processed/bmf-legacy/","processed/bmf-legacy/2010_11/bmf_legacy_2010_11_processed.csv","2026-09-14T20:14:19.000Z","""4e382862738ca7b0848ccd93510cd9f4-10""",930982946,"930.98 mb","STANDARD","nccsdata","https://nccsdata.s3.us-east-1.amazonaws.com/processed/bmf-legacy/2010_11/bmf_legacy_2010_11_processed.csv"
"legacy","processed/bmf-legacy/","processed/bmf-legacy/2010_11/bmf_legacy_2010_11_quality_report.json","2026-09-14T20:14:42.000Z","""64e45792e808f79d8973fae37db03204""",92844,"92.8 kb","STANDARD","nccsdata","https://nccsdata.s3.us-east-1.amazonaws.com/processed/bmf-legacy/2010_11/bmf_legacy_2010_11_quality_report.json"
"legacy","processed/bmf-legacy/","processed/bmf-legacy/2011_06/_manifest.json","2026-09-14T20:15:20.000Z","""700cde619ebc5cbb22c4d3c0e7c075a6""",2302,"2.3 kb","STANDARD","nccsdata","https://nccsdata.s3.us-east-1.amazonaws.com/processed/bmf-legacy/2011_06/_manifest.json"
"legacy","processed/bmf-legacy/","processed/bmf-legacy/2011_06/bmf_legacy_2011_06_data_dictionary.csv","2026-09-14T20:15:13.000Z","""43704985db21e2a5e01ecf9fb8914ea7""",5658,"5.7 kb","STANDARD","nccsdata","https://nccsdata.s3.us-east-1.amazonaws.com/processed/bmf-legacy/2011_06/bmf_legacy_2011_06_data_dictionary.csv"
"legacy","processed/bmf-legacy/","processed/bmf-legacy/2011_06/bmf_legacy_2011_06_processed.csv","2026-09-14T20:14:51.000Z","""39c3e5eb42a1b604f8cc08309613395b-10""",912158775,"912.16 mb","STANDARD","nccsdata","https://nccsdata.s3.us-east-1.amazonaws.com/processed/bmf-legacy/2011_06/bmf_legacy_2011_06_processed.csv"
"legacy","processed/bmf-legacy/","processed/bmf-legacy/2011_06/bmf_legacy_2011_06_quality_report.json","2026-09-14T20:15:13.000Z","""861708a29afe28bbede41b25fb809913""",92623,"92.6 kb","STANDARD","nccsdata","https://nccsdata.s3.us-east-1.amazonaws.com/processed/bmf-legacy/2011_06/bmf_legacy_2011_06_quality_report.json"
"legacy","processed/bmf-legacy/","processed/bmf-legacy/2011_07/_manifest.json","2026-09-14T20:17:22.000Z","""eb94635c66ad117a9bd0a165e79b61e6""",2302,"2.3 kb","STANDARD","nccsdata","https://nccsdata.s3.us-east-1.amazonaws.com/processed/bmf-legacy/2011_07/_manifest.json"
"legacy","processed/bmf-legacy/","processed/bmf-legacy/2011_07/bmf_legacy_2011_07_data_dictionary.csv","2026-09-14T20:17:16.000Z","""a7f92164a5089e2d986f0fc6b55121cf""",5632,"5.6 kb","STANDARD","nccsdata","https://nccsdata.s3.us-east-1.amazonaws.com/processed/bmf-legacy/2011_07/bmf_legacy_2011_07_data_dictionary.csv"
"legacy","processed/bmf-legacy/","processed/bmf-legacy/2011_07/bmf_legacy_2011_07_processed.csv","2026-09-14T20:16:56.000Z","""3ce0194c094a0ae7018d00cba6e28c22-9""",838014019,"838.01 mb","STANDARD","nccsdata","https://nccsdata.s3.us-east-1.amazonaws.com/processed/bmf-legacy/2011_07/bmf_legacy_2011_07_processed.csv"
"legacy","processed/bmf-legacy/","processed/bmf-legacy/2011_07/bmf_legacy_2011_07_quality_report.json","2026-09-14T20:17:16.000Z","""5126c38bb2890292c59aa38daa021e6d""",92592,"92.6 kb","STANDARD","nccsdata","https://nccsdata.s3.us-east-1.amazonaws.com/processed/bmf-legacy/2011_07/bmf_legacy_2011_07_quality_report.json"
"legacy","processed/bmf-legacy/","processed/bmf-legacy/2011_08/_manifest.json","2026-09-14T20:18:35.000Z","""d42c9a05db4f9ab5fec18b882c70d756""",2302,"2.3 kb","STANDARD","nccsdata","https://nccsdata.s3.us-east-1.amazonaws.com/processed/bmf-legacy/2011_08/_manifest.json"
"legacy","processed/bmf-legacy/","processed/bmf-legacy/2011_08/bmf_legacy_2011_08_data_dictionary.csv","2026-09-14T20:18:29.000Z","""ab5749161da2ec3fe36028e57a367c29""",5632,"5.6 kb","STANDARD","nccsdata","https://nccsdata.s3.us-east-1.amazonaws.com/processed/bmf-legacy/2011_08/bmf_legacy_2011_08_data_dictionary.csv"
"legacy","processed/bmf-legacy/","processed/bmf-legacy/2011_08/bmf_legacy_2011_08_processed.csv","2026-09-14T20:18:08.000Z","""c3ad4d18d2622199995df0c889ffe823-9""",837239392,"837.24 mb","STANDARD","nccsdata","https://nccsdata.s3.us-east-1.amazonaws.com/processed/bmf-legacy/2011_08/bmf_legacy_2011_08_processed.csv"
"legacy","processed/bmf-legacy/","processed/bmf-legacy/2011_08/bmf_legacy_2011_08_quality_report.json","2026-09-14T20:18:28.000Z","""85f482c6aed654fdd1996ff01bd50b72""",92536,"92.5 kb","STANDARD","nccsdata","https://nccsdata.s3.us-east-1.amazonaws.com/processed/bmf-legacy/2011_08/bmf_legacy_2011_08_quality_report.json"
"legacy","processed/bmf-legacy/","processed/bmf-legacy/2011_09/_manifest.json","2026-09-14T20:23:09.000Z","""8037ee47eb1db8e98e10345755654439""",2302,"2.3 kb","STANDARD","nccsdata","https://nccsdata.s3.us-east-1.amazonaws.com/processed/bmf-legacy/2011_09/_manifest.json"
"legacy","processed/bmf-legacy/","processed/bmf-legacy/2011_09/bmf_legacy_2011_09_data_dictionary.csv","2026-09-14T20:23:02.000Z","""1fe4bf612fc160bc74bed9b00b63fc1c""",5632,"5.6 kb","STANDARD","nccsdata","https://nccsdata.s3.us-east-1.amazonaws.com/processed/bmf-legacy/2011_09/bmf_legacy_2011_09_data_dictionary.csv"
"legacy","processed/bmf-legacy/","processed/bmf-legacy/2011_09/bmf_legacy_2011_09_processed.csv","2026-09-14T20:22:41.000Z","""6f0bad4d1b8c79ff5daa59b82a853eb9-9""",837563562,"837.56 mb","STANDARD","nccsdata","https://nccsdata.s3.us-east-1.amazonaws.com/processed/bmf-legacy/2011_09/bmf_legacy_2011_09_processed.csv"
"legacy","processed/bmf-legacy/","processed/bmf-legacy/2011_09/bmf_legacy_2011_09_quality_report.json","2026-09-14T20:23:02.000Z","""43dca7dd1a0bea32a16af6943b5824d9""",92531,"92.5 kb","STANDARD","nccsdata","https://nccsdata.s3.us-east-1.amazonaws.com/processed/bmf-legacy/2011_09/bmf_legacy_2011_09_quality_report.json"
"legacy","processed/bmf-legacy/","processed/bmf-legacy/2011_10/_manifest.json","2026-09-14T20:23:47.000Z","""6d1dd88cc86f06d07dc12fdfe3fa32b5""",2302,"2.3 kb","STANDARD","nccsdata","https://nccsdata.s3.us-east-1.amazonaws.com/processed/bmf-legacy/2011_10/_manifest.json"
"legacy","processed/bmf-legacy/","processed/bmf-legacy/2011_10/bmf_legacy_2011_10_data_dictionary.csv","2026-09-14T20:23:40.000Z","""450d9ca893a60257bd2223cced2e7062""",5632,"5.6 kb","STANDARD","nccsdata","https://nccsdata.s3.us-east-1.amazonaws.com/processed/bmf-legacy/2011_10/bmf_legacy_2011_10_data_dictionary.csv"
"legacy","processed/bmf-legacy/","processed/bmf-legacy/2011_10/bmf_legacy_2011_10_processed.csv","2026-09-14T20:23:18.000Z","""693f687543791d59c5f2daab2de84756-9""",838407571,"838.41 mb","STANDARD","nccsdata","https://nccsdata.s3.us-east-1.amazonaws.com/processed/bmf-legacy/2011_10/bmf_legacy_2011_10_processed.csv"
"legacy","processed/bmf-legacy/","processed/bmf-legacy/2011_10/bmf_legacy_2011_10_quality_report.json","2026-09-14T20:23:40.000Z","""14f88a2b76c7c23c9273b03439a1488c""",92540,"92.5 kb","STANDARD","nccsdata","https://nccsdata.s3.us-east-1.amazonaws.com/processed/bmf-legacy/2011_10/bmf_legacy_2011_10_quality_report.json"
"legacy","processed/bmf-legacy/","processed/bmf-legacy/2011_11/_manifest.json","2026-09-14T20:24:03.000Z","""4083997260b2084a14fc28463e32af6c""",2302,"2.3 kb","STANDARD","nccsdata","https://nccsdata.s3.us-east-1.amazonaws.com/processed/bmf-legacy/2011_11/_manifest.json"
"legacy","processed/bmf-legacy/","processed/bmf-legacy/2011_11/bmf_legacy_2011_11_data_dictionary.csv","2026-09-14T20:23:55.000Z","""421e4306a45e71a01f52912ba8ca50b8""",5628,"5.6 kb","STANDARD","nccsdata","https://nccsdata.s3.us-east-1.amazonaws.com/processed/bmf-legacy/2011_11/bmf_legacy_2011_11_data_dictionary.csv"
"legacy","processed/bmf-legacy/","processed/bmf-legacy/2011_11/bmf_legacy_2011_11_processed.csv","2026-09-14T20:23:34.000Z","""67576e6a5403ff81dba50389fd4c40ee-9""",840451291,"840.45 mb","STANDARD","nccsdata","https://nccsdata.s3.us-east-1.amazonaws.com/processed/bmf-legacy/2011_11/bmf_legacy_2011_11_processed.csv"
"legacy","processed/bmf-legacy/","processed/bmf-legacy/2011_11/bmf_legacy_2011_11_quality_report.json","2026-09-14T20:23:55.000Z","""c5e8327783854fc8c1c4865127153e39""",92541,"92.5 kb","STANDARD","nccsdata","https://nccsdata.s3.us-east-1.amazonaws.com/processed/bmf-legacy/2011_11/bmf_legacy_2011_11_quality_report.json"
"legacy","processed/bmf-legacy/","processed/bmf-legacy/2011_12/_manifest.json","2026-09-14T20:24:38.000Z","""23fae6d6afd8084cdd5fe642c514d574""",2302,"2.3 kb","STANDARD","nccsdata","https://nccsdata.s3.us-east-1.amazonaws.com/processed/bmf-legacy/2011_12/_manifest.json"
"legacy","processed/bmf-legacy/","processed/bmf-legacy/2011_12/bmf_legacy_2011_12_data_dictionary.csv","2026-09-14T20:24:32.000Z","""aafcc4c39b043f32833a23aaa12b4b5f""",5632,"5.6 kb","STANDARD","nccsdata","https://nccsdata.s3.us-east-1.amazonaws.com/processed/bmf-legacy/2011_12/bmf_legacy_2011_12_data_dictionary.csv"
"legacy","processed/bmf-legacy/","processed/bmf-legacy/2011_12/bmf_legacy_2011_12_processed.csv","2026-09-14T20:24:11.000Z","""1945523b9e976ef14e025619a8a7ad58-9""",841370763,"841.37 mb","STANDARD","nccsdata","https://nccsdata.s3.us-east-1.amazonaws.com/processed/bmf-legacy/2011_12/bmf_legacy_2011_12_processed.csv"
"legacy","processed/bmf-legacy/","processed/bmf-legacy/2011_12/bmf_legacy_2011_12_quality_report.json","2026-09-14T20:24:32.000Z","""97b062a78716ec1e47e734996b076262""",92552,"92.6 kb","STANDARD","nccsdata","https://nccsdata.s3.us-east-1.amazonaws.com/processed/bmf-legacy/2011_12/bmf_legacy_2011_12_quality_report.json"
"legacy","processed/bmf-legacy/","processed/bmf-legacy/2012_02/_manifest.json","2026-09-14T20:24:25.000Z","""a1ac12e201fd2d01b2b47fd9cca60331""",2302,"2.3 kb","STANDARD","nccsdata","https://nccsdata.s3.us-east-1.amazonaws.com/processed/bmf-legacy/2012_02/_manifest.json"
"legacy","processed/bmf-legacy/","processed/bmf-legacy/2012_02/bmf_legacy_2012_02_data_dictionary.csv","2026-09-14T20:24:19.000Z","""b477ff0ca7d8a41662983a7b5abc3207""",5625,"5.6 kb","STANDARD","nccsdata","https://nccsdata.s3.us-east-1.amazonaws.com/processed/bmf-legacy/2012_02/bmf_legacy_2012_02_data_dictionary.csv"
"legacy","processed/bmf-legacy/","processed/bmf-legacy/2012_02/bmf_legacy_2012_02_processed.csv","2026-09-14T20:23:55.000Z","""58113add0b70967bd589a3554dd517c9-9""",821608551,"821.61 mb","STANDARD","nccsdata","https://nccsdata.s3.us-east-1.amazonaws.com/processed/bmf-legacy/2012_02/bmf_legacy_2012_02_processed.csv"
"legacy","processed/bmf-legacy/","processed/bmf-legacy/2012_02/bmf_legacy_2012_02_quality_report.json","2026-09-14T20:24:19.000Z","""3b28215343f2f93dcb0d1ef8b46b06c9""",92471,"92.5 kb","STANDARD","nccsdata","https://nccsdata.s3.us-east-1.amazonaws.com/processed/bmf-legacy/2012_02/bmf_legacy_2012_02_quality_report.json"
"legacy","processed/bmf-legacy/","processed/bmf-legacy/2012_03/_manifest.json","2026-09-14T20:24:37.000Z","""7a971745e659d1cd6622c2fc4928282e""",2302,"2.3 kb","STANDARD","nccsdata","https://nccsdata.s3.us-east-1.amazonaws.com/processed/bmf-legacy/2012_03/_manifest.json"
"legacy","processed/bmf-legacy/","processed/bmf-legacy/2012_03/bmf_legacy_2012_03_data_dictionary.csv","2026-09-14T20:24:31.000Z","""b046628b32325a66a35e1e219bc70071""",5631,"5.6 kb","STANDARD","nccsdata","https://nccsdata.s3.us-east-1.amazonaws.com/processed/bmf-legacy/2012_03/bmf_legacy_2012_03_data_dictionary.csv"
"legacy","processed/bmf-legacy/","processed/bmf-legacy/2012_03/bmf_legacy_2012_03_processed.csv","2026-09-14T20:24:11.000Z","""a60e8afecd179d5cd81ae32db8dc39f0-9""",827880869,"827.88 mb","STANDARD","nccsdata","https://nccsdata.s3.us-east-1.amazonaws.com/processed/bmf-legacy/2012_03/bmf_legacy_2012_03_processed.csv"
"legacy","processed/bmf-legacy/","processed/bmf-legacy/2012_03/bmf_legacy_2012_03_quality_report.json","2026-09-14T20:24:31.000Z","""9a2347c0bed550c8282a60f700803882""",92587,"92.6 kb","STANDARD","nccsdata","https://nccsdata.s3.us-east-1.amazonaws.com/processed/bmf-legacy/2012_03/bmf_legacy_2012_03_quality_report.json"
"legacy","processed/bmf-legacy/","processed/bmf-legacy/2012_04/_manifest.json","2026-09-14T20:24:37.000Z","""d697b8c6513ae4756f4659765a1b06ac""",2302,"2.3 kb","STANDARD","nccsdata","https://nccsdata.s3.us-east-1.amazonaws.com/processed/bmf-legacy/2012_04/_manifest.json"
"legacy","processed/bmf-legacy/","processed/bmf-legacy/2012_04/bmf_legacy_2012_04_data_dictionary.csv","2026-09-14T20:24:30.000Z","""2e6960a125ad952af56978b04b81ca68""",5626,"5.6 kb","STANDARD","nccsdata","https://nccsdata.s3.us-east-1.amazonaws.com/processed/bmf-legacy/2012_04/bmf_legacy_2012_04_data_dictionary.csv"
"legacy","processed/bmf-legacy/","processed/bmf-legacy/2012_04/bmf_legacy_2012_04_processed.csv","2026-09-14T20:24:10.000Z","""fa997134eb2173e822191724645bc6bf-9""",826820253,"826.82 mb","STANDARD","nccsdata","https://nccsdata.s3.us-east-1.amazonaws.com/processed/bmf-legacy/2012_04/bmf_legacy_2012_04_processed.csv"
"legacy","processed/bmf-legacy/","processed/bmf-legacy/2012_04/bmf_legacy_2012_04_quality_report.json","2026-09-14T20:24:30.000Z","""39c39c7b7dc5dc1c54071d5b2df5965f""",92533,"92.5 kb","STANDARD","nccsdata","https://nccsdata.s3.us-east-1.amazonaws.com/processed/bmf-legacy/2012_04/bmf_legacy_2012_04_quality_report.json"
"legacy","processed/bmf-legacy/","processed/bmf-legacy/2012_06/_manifest.json","2026-09-14T20:25:12.000Z","""73eb8a9f3f3469c8872a6d0e914e9177""",2302,"2.3 kb","STANDARD","nccsdata","https://nccsdata.s3.us-east-1.amazonaws.com/processed/bmf-legacy/2012_06/_manifest.json"
"legacy","processed/bmf-legacy/","processed/bmf-legacy/2012_06/bmf_legacy_2012_06_data_dictionary.csv","2026-09-14T20:25:06.000Z","""204bc55cf279ede681af37712f82e854""",5632,"5.6 kb","STANDARD","nccsdata","https://nccsdata.s3.us-east-1.amazonaws.com/processed/bmf-legacy/2012_06/bmf_legacy_2012_06_data_dictionary.csv"
"legacy","processed/bmf-legacy/","processed/bmf-legacy/2012_06/bmf_legacy_2012_06_processed.csv","2026-09-14T20:24:45.000Z","""bf349588df0a51ee9780f3daf0dee376-9""",832900743,"832.90 mb","STANDARD","nccsdata","https://nccsdata.s3.us-east-1.amazonaws.com/processed/bmf-legacy/2012_06/bmf_legacy_2012_06_processed.csv"
"legacy","processed/bmf-legacy/","processed/bmf-legacy/2012_06/bmf_legacy_2012_06_quality_report.json","2026-09-14T20:25:06.000Z","""98cd4eabdab9764f450fb5b313b1dd18""",92593,"92.6 kb","STANDARD","nccsdata","https://nccsdata.s3.us-east-1.amazonaws.com/processed/bmf-legacy/2012_06/bmf_legacy_2012_06_quality_report.json"
"legacy","processed/bmf-legacy/","processed/bmf-legacy/2012_07/_manifest.json","2026-09-14T20:27:16.000Z","""426b6d6c19e75e945665d3ddd5193a02""",2302,"2.3 kb","STANDARD","nccsdata","https://nccsdata.s3.us-east-1.amazonaws.com/processed/bmf-legacy/2012_07/_manifest.json"
"legacy","processed/bmf-legacy/","processed/bmf-legacy/2012_07/bmf_legacy_2012_07_data_dictionary.csv","2026-09-14T20:27:10.000Z","""368df35c21cc45333bebe66b4327b05f""",5632,"5.6 kb","STANDARD","nccsdata","https://nccsdata.s3.us-east-1.amazonaws.com/processed/bmf-legacy/2012_07/bmf_legacy_2012_07_data_dictionary.csv"
"legacy","processed/bmf-legacy/","processed/bmf-legacy/2012_07/bmf_legacy_2012_07_processed.csv","2026-09-14T20:26:50.000Z","""2a8df42581308b9ff636c9f95ef6dc89-9""",830821157,"830.82 mb","STANDARD","nccsdata","https://nccsdata.s3.us-east-1.amazonaws.com/processed/bmf-legacy/2012_07/bmf_legacy_2012_07_processed.csv"
"legacy","processed/bmf-legacy/","processed/bmf-legacy/2012_07/bmf_legacy_2012_07_quality_report.json","2026-09-14T20:27:10.000Z","""7f2fcacc155f2879cc98f8c59ed9c915""",92536,"92.5 kb","STANDARD","nccsdata","https://nccsdata.s3.us-east-1.amazonaws.com/processed/bmf-legacy/2012_07/bmf_legacy_2012_07_quality_report.json"
"legacy","processed/bmf-legacy/","processed/bmf-legacy/2012_08/_manifest.json","2026-09-14T20:28:28.000Z","""dd948c51bcf661a445a6d442a8032fca""",2302,"2.3 kb","STANDARD","nccsdata","https://nccsdata.s3.us-east-1.amazonaws.com/processed/bmf-legacy/2012_08/_manifest.json"
"legacy","processed/bmf-legacy/","processed/bmf-legacy/2012_08/bmf_legacy_2012_08_data_dictionary.csv","2026-09-14T20:28:22.000Z","""dbd7b778c7c4f9de637f32bd8fdc930b""",5630,"5.6 kb","STANDARD","nccsdata","https://nccsdata.s3.us-east-1.amazonaws.com/processed/bmf-legacy/2012_08/bmf_legacy_2012_08_data_dictionary.csv"
"legacy","processed/bmf-legacy/","processed/bmf-legacy/2012_08/bmf_legacy_2012_08_processed.csv","2026-09-14T20:28:02.000Z","""de0d8d7a0e11e10e51919d07f06a0f95-9""",831654219,"831.65 mb","STANDARD","nccsdata","https://nccsdata.s3.us-east-1.amazonaws.com/processed/bmf-legacy/2012_08/bmf_legacy_2012_08_processed.csv"
"legacy","processed/bmf-legacy/","processed/bmf-legacy/2012_08/bmf_legacy_2012_08_quality_report.json","2026-09-14T20:28:22.000Z","""3388e63f922430baa2caa964c0292821""",92520,"92.5 kb","STANDARD","nccsdata","https://nccsdata.s3.us-east-1.amazonaws.com/processed/bmf-legacy/2012_08/bmf_legacy_2012_08_quality_report.json"
"legacy","processed/bmf-legacy/","processed/bmf-legacy/2012_10/_manifest.json","2026-09-14T20:33:16.000Z","""0eb7c4c38cdf610af8a03074c4691a29""",2302,"2.3 kb","STANDARD","nccsdata","https://nccsdata.s3.us-east-1.amazonaws.com/processed/bmf-legacy/2012_10/_manifest.json"
"legacy","processed/bmf-legacy/","processed/bmf-legacy/2012_10/bmf_legacy_2012_10_data_dictionary.csv","2026-09-14T20:33:09.000Z","""9eaa9f9e475f8bede8e70dff3e95c43f""",5632,"5.6 kb","STANDARD","nccsdata","https://nccsdata.s3.us-east-1.amazonaws.com/processed/bmf-legacy/2012_10/bmf_legacy_2012_10_data_dictionary.csv"
"legacy","processed/bmf-legacy/","processed/bmf-legacy/2012_10/bmf_legacy_2012_10_processed.csv","2026-09-14T20:32:47.000Z","""b8bc9cd8975a48843a895b3f3e115c6f-9""",832613163,"832.61 mb","STANDARD","nccsdata","https://nccsdata.s3.us-east-1.amazonaws.com/processed/bmf-legacy/2012_10/bmf_legacy_2012_10_processed.csv"
"legacy","processed/bmf-legacy/","processed/bmf-legacy/2012_10/bmf_legacy_2012_10_quality_report.json","2026-09-14T20:33:09.000Z","""6ddfbbd69ed5c708829bdeb8ea497d22""",92534,"92.5 kb","STANDARD","nccsdata","https://nccsdata.s3.us-east-1.amazonaws.com/processed/bmf-legacy/2012_10/bmf_legacy_2012_10_quality_report.json"
"legacy","processed/bmf-legacy/","processed/bmf-legacy/2012_11/_manifest.json","2026-09-14T20:33:40.000Z","""9a4abda93948594b019830780c1d9d0f""",2302,"2.3 kb","STANDARD","nccsdata","https://nccsdata.s3.us-east-1.amazonaws.com/processed/bmf-legacy/2012_11/_manifest.json"
"legacy","processed/bmf-legacy/","processed/bmf-legacy/2012_11/bmf_legacy_2012_11_data_dictionary.csv","2026-09-14T20:33:33.000Z","""0f2396f496832fe88572a768fa65e583""",5632,"5.6 kb","STANDARD","nccsdata","https://nccsdata.s3.us-east-1.amazonaws.com/processed/bmf-legacy/2012_11/bmf_legacy_2012_11_data_dictionary.csv"
"legacy","processed/bmf-legacy/","processed/bmf-legacy/2012_11/bmf_legacy_2012_11_processed.csv","2026-09-14T20:33:11.000Z","""a742acb013eb18cb0a92553812eddb5b-9""",833083377,"833.08 mb","STANDARD","nccsdata","https://nccsdata.s3.us-east-1.amazonaws.com/processed/bmf-legacy/2012_11/bmf_legacy_2012_11_processed.csv"
"legacy","processed/bmf-legacy/","processed/bmf-legacy/2012_11/bmf_legacy_2012_11_quality_report.json","2026-09-14T20:33:33.000Z","""90c5cbafe0f138d81d6b7914f2ceb366""",92535,"92.5 kb","STANDARD","nccsdata","https://nccsdata.s3.us-east-1.amazonaws.com/processed/bmf-legacy/2012_11/bmf_legacy_2012_11_quality_report.json"
"legacy","processed/bmf-legacy/","processed/bmf-legacy/2012_12/_manifest.json","2026-09-14T20:34:03.000Z","""c17a8d1a4034be7786d3fcf8343b159c""",2302,"2.3 kb","STANDARD","nccsdata","https://nccsdata.s3.us-east-1.amazonaws.com/processed/bmf-legacy/2012_12/_manifest.json"
"legacy","processed/bmf-legacy/","processed/bmf-legacy/2012_12/bmf_legacy_2012_12_data_dictionary.csv","2026-09-14T20:33:56.000Z","""57e3af9fa8c03c47947dd47d8f07e756""",5632,"5.6 kb","STANDARD","nccsdata","https://nccsdata.s3.us-east-1.amazonaws.com/processed/bmf-legacy/2012_12/bmf_legacy_2012_12_data_dictionary.csv"
"legacy","processed/bmf-legacy/","processed/bmf-legacy/2012_12/bmf_legacy_2012_12_processed.csv","2026-09-14T20:33:35.000Z","""b751cfc37380fa7d204f01ea66d1f7fd-9""",834496813,"834.50 mb","STANDARD","nccsdata","https://nccsdata.s3.us-east-1.amazonaws.com/processed/bmf-legacy/2012_12/bmf_legacy_2012_12_processed.csv"
"legacy","processed/bmf-legacy/","processed/bmf-legacy/2012_12/bmf_legacy_2012_12_quality_report.json","2026-09-14T20:33:56.000Z","""d1a58c1816924dc04a30275c2229316d""",92526,"92.5 kb","STANDARD","nccsdata","https://nccsdata.s3.us-east-1.amazonaws.com/processed/bmf-legacy/2012_12/bmf_legacy_2012_12_quality_report.json"
"legacy","processed/bmf-legacy/","processed/bmf-legacy/2013_02/_manifest.json","2026-09-14T20:34:04.000Z","""a82aeeb7c063566cf4ae0cb687741028""",2302,"2.3 kb","STANDARD","nccsdata","https://nccsdata.s3.us-east-1.amazonaws.com/processed/bmf-legacy/2013_02/_manifest.json"
"legacy","processed/bmf-legacy/","processed/bmf-legacy/2013_02/bmf_legacy_2013_02_data_dictionary.csv","2026-09-14T20:33:58.000Z","""56c9a3727348d7bb40615e628cd9032f""",5629,"5.6 kb","STANDARD","nccsdata","https://nccsdata.s3.us-east-1.amazonaws.com/processed/bmf-legacy/2013_02/bmf_legacy_2013_02_data_dictionary.csv"
"legacy","processed/bmf-legacy/","processed/bmf-legacy/2013_02/bmf_legacy_2013_02_processed.csv","2026-09-14T20:33:35.000Z","""bdee147b030d9e9496424c85c81794cf-9""",824700826,"824.70 mb","STANDARD","nccsdata","https://nccsdata.s3.us-east-1.amazonaws.com/processed/bmf-legacy/2013_02/bmf_legacy_2013_02_processed.csv"
"legacy","processed/bmf-legacy/","processed/bmf-legacy/2013_02/bmf_legacy_2013_02_quality_report.json","2026-09-14T20:33:58.000Z","""6feb09eeb6fdb9a2db8d3131486f9020""",92506,"92.5 kb","STANDARD","nccsdata","https://nccsdata.s3.us-east-1.amazonaws.com/processed/bmf-legacy/2013_02/bmf_legacy_2013_02_quality_report.json"
"legacy","processed/bmf-legacy/","processed/bmf-legacy/2013_03/_manifest.json","2026-09-14T20:34:08.000Z","""ea1251e4e8ae56798e58ae0fe16bd063""",2302,"2.3 kb","STANDARD","nccsdata","https://nccsdata.s3.us-east-1.amazonaws.com/processed/bmf-legacy/2013_03/_manifest.json"
"legacy","processed/bmf-legacy/","processed/bmf-legacy/2013_03/bmf_legacy_2013_03_data_dictionary.csv","2026-09-14T20:34:02.000Z","""0b54c0796c421baf392616d6852f6a6b""",5628,"5.6 kb","STANDARD","nccsdata","https://nccsdata.s3.us-east-1.amazonaws.com/processed/bmf-legacy/2013_03/bmf_legacy_2013_03_data_dictionary.csv"
"legacy","processed/bmf-legacy/","processed/bmf-legacy/2013_03/bmf_legacy_2013_03_processed.csv","2026-09-14T20:33:40.000Z","""d3c29c8d96c4c8f0fda1fbad9a0297ee-9""",813687960,"813.69 mb","STANDARD","nccsdata","https://nccsdata.s3.us-east-1.amazonaws.com/processed/bmf-legacy/2013_03/bmf_legacy_2013_03_processed.csv"
"legacy","processed/bmf-legacy/","processed/bmf-legacy/2013_03/bmf_legacy_2013_03_quality_report.json","2026-09-14T20:34:02.000Z","""7ddf923019e1bec40c1460b873a97718""",92589,"92.6 kb","STANDARD","nccsdata","https://nccsdata.s3.us-east-1.amazonaws.com/processed/bmf-legacy/2013_03/bmf_legacy_2013_03_quality_report.json"
"legacy","processed/bmf-legacy/","processed/bmf-legacy/2013_04/_manifest.json","2026-09-14T20:34:25.000Z","""c17d1c350e735119faddfcaa02c4550c""",2302,"2.3 kb","STANDARD","nccsdata","https://nccsdata.s3.us-east-1.amazonaws.com/processed/bmf-legacy/2013_04/_manifest.json"
"legacy","processed/bmf-legacy/","processed/bmf-legacy/2013_04/bmf_legacy_2013_04_data_dictionary.csv","2026-09-14T20:34:19.000Z","""b3f0f2c8eab4836e9d0157bd30c96e59""",5631,"5.6 kb","STANDARD","nccsdata","https://nccsdata.s3.us-east-1.amazonaws.com/processed/bmf-legacy/2013_04/bmf_legacy_2013_04_data_dictionary.csv"
"legacy","processed/bmf-legacy/","processed/bmf-legacy/2013_04/bmf_legacy_2013_04_processed.csv","2026-09-14T20:33:58.000Z","""42aeeff6a119ebc01ce81f15ad63dd1e-9""",816232317,"816.23 mb","STANDARD","nccsdata","https://nccsdata.s3.us-east-1.amazonaws.com/processed/bmf-legacy/2013_04/bmf_legacy_2013_04_processed.csv"
"legacy","processed/bmf-legacy/","processed/bmf-legacy/2013_04/bmf_legacy_2013_04_quality_report.json","2026-09-14T20:34:19.000Z","""8ccb051d1624b161d145b61f5742f8a5""",92585,"92.6 kb","STANDARD","nccsdata","https://nccsdata.s3.us-east-1.amazonaws.com/processed/bmf-legacy/2013_04/bmf_legacy_2013_04_quality_report.json"
"legacy","processed/bmf-legacy/","processed/bmf-legacy/2013_05/_manifest.json","2026-09-14T20:34:24.000Z","""7f895ec6cec9b6c7ebc3e6e59c2309cf""",2302,"2.3 kb","STANDARD","nccsdata","https://nccsdata.s3.us-east-1.amazonaws.com/processed/bmf-legacy/2013_05/_manifest.json"
"legacy","processed/bmf-legacy/","processed/bmf-legacy/2013_05/bmf_legacy_2013_05_data_dictionary.csv","2026-09-14T20:34:18.000Z","""05eb844dc8d9789b4004ae13f40d19b5""",5632,"5.6 kb","STANDARD","nccsdata","https://nccsdata.s3.us-east-1.amazonaws.com/processed/bmf-legacy/2013_05/bmf_legacy_2013_05_data_dictionary.csv"
"legacy","processed/bmf-legacy/","processed/bmf-legacy/2013_05/bmf_legacy_2013_05_processed.csv","2026-09-14T20:33:57.000Z","""53a32f51fc8ec1bae8955963229d470f-9""",816816346,"816.82 mb","STANDARD","nccsdata","https://nccsdata.s3.us-east-1.amazonaws.com/processed/bmf-legacy/2013_05/bmf_legacy_2013_05_processed.csv"
"legacy","processed/bmf-legacy/","processed/bmf-legacy/2013_05/bmf_legacy_2013_05_quality_report.json","2026-09-14T20:34:18.000Z","""4fb0dc1b084cf100db5aecde289c570e""",92592,"92.6 kb","STANDARD","nccsdata","https://nccsdata.s3.us-east-1.amazonaws.com/processed/bmf-legacy/2013_05/bmf_legacy_2013_05_quality_report.json"
"legacy","processed/bmf-legacy/","processed/bmf-legacy/2013_06/_manifest.json","2026-09-14T20:34:52.000Z","""2cff9128c2f2802fbcf8a25eea761029""",2302,"2.3 kb","STANDARD","nccsdata","https://nccsdata.s3.us-east-1.amazonaws.com/processed/bmf-legacy/2013_06/_manifest.json"
"legacy","processed/bmf-legacy/","processed/bmf-legacy/2013_06/bmf_legacy_2013_06_data_dictionary.csv","2026-09-14T20:34:46.000Z","""97b7e6661364201252d50e17f24f59bd""",5631,"5.6 kb","STANDARD","nccsdata","https://nccsdata.s3.us-east-1.amazonaws.com/processed/bmf-legacy/2013_06/bmf_legacy_2013_06_data_dictionary.csv"
"legacy","processed/bmf-legacy/","processed/bmf-legacy/2013_06/bmf_legacy_2013_06_processed.csv","2026-09-14T20:34:26.000Z","""9854544f27242ffc71c8d9651107d1e0-9""",816439445,"816.44 mb","STANDARD","nccsdata","https://nccsdata.s3.us-east-1.amazonaws.com/processed/bmf-legacy/2013_06/bmf_legacy_2013_06_processed.csv"
"legacy","processed/bmf-legacy/","processed/bmf-legacy/2013_06/bmf_legacy_2013_06_quality_report.json","2026-09-14T20:34:46.000Z","""00d69dbeb91d5119db33477fa61da638""",92576,"92.6 kb","STANDARD","nccsdata","https://nccsdata.s3.us-east-1.amazonaws.com/processed/bmf-legacy/2013_06/bmf_legacy_2013_06_quality_report.json"
"legacy","processed/bmf-legacy/","processed/bmf-legacy/2013_07/_manifest.json","2026-09-14T20:37:00.000Z","""a12df45da73cc5bb625ac58050a3747a""",2302,"2.3 kb","STANDARD","nccsdata","https://nccsdata.s3.us-east-1.amazonaws.com/processed/bmf-legacy/2013_07/_manifest.json"
"legacy","processed/bmf-legacy/","processed/bmf-legacy/2013_07/bmf_legacy_2013_07_data_dictionary.csv","2026-09-14T20:36:54.000Z","""dc6a8b74a437126fd32f7749c7b17459""",5630,"5.6 kb","STANDARD","nccsdata","https://nccsdata.s3.us-east-1.amazonaws.com/processed/bmf-legacy/2013_07/bmf_legacy_2013_07_data_dictionary.csv"
"legacy","processed/bmf-legacy/","processed/bmf-legacy/2013_07/bmf_legacy_2013_07_processed.csv","2026-09-14T20:36:31.000Z","""402613c27627118c566a31bcb69c86f6-9""",818097878,"818.10 mb","STANDARD","nccsdata","https://nccsdata.s3.us-east-1.amazonaws.com/processed/bmf-legacy/2013_07/bmf_legacy_2013_07_processed.csv"
"legacy","processed/bmf-legacy/","processed/bmf-legacy/2013_07/bmf_legacy_2013_07_quality_report.json","2026-09-14T20:36:54.000Z","""1340998b3ee6d35285cf5e07e2476110""",92584,"92.6 kb","STANDARD","nccsdata","https://nccsdata.s3.us-east-1.amazonaws.com/processed/bmf-legacy/2013_07/bmf_legacy_2013_07_quality_report.json"
"legacy","processed/bmf-legacy/","processed/bmf-legacy/2013_08/_manifest.json","2026-09-14T20:38:02.000Z","""16afc530332c139fa652f137f826df6c""",2302,"2.3 kb","STANDARD","nccsdata","https://nccsdata.s3.us-east-1.amazonaws.com/processed/bmf-legacy/2013_08/_manifest.json"
"legacy","processed/bmf-legacy/","processed/bmf-legacy/2013_08/bmf_legacy_2013_08_data_dictionary.csv","2026-09-14T20:37:56.000Z","""0962c327da517f5212affed5cab30b47""",5629,"5.6 kb","STANDARD","nccsdata","https://nccsdata.s3.us-east-1.amazonaws.com/processed/bmf-legacy/2013_08/bmf_legacy_2013_08_data_dictionary.csv"
"legacy","processed/bmf-legacy/","processed/bmf-legacy/2013_08/bmf_legacy_2013_08_processed.csv","2026-09-14T20:37:37.000Z","""b0583616704eca609b7cbecc226124b1-9""",805957734,"805.96 mb","STANDARD","nccsdata","https://nccsdata.s3.us-east-1.amazonaws.com/processed/bmf-legacy/2013_08/bmf_legacy_2013_08_processed.csv"
"legacy","processed/bmf-legacy/","processed/bmf-legacy/2013_08/bmf_legacy_2013_08_quality_report.json","2026-09-14T20:37:56.000Z","""c3c63cbc17e5673c1de60b3d16bd8871""",92590,"92.6 kb","STANDARD","nccsdata","https://nccsdata.s3.us-east-1.amazonaws.com/processed/bmf-legacy/2013_08/bmf_legacy_2013_08_quality_report.json"
"legacy","processed/bmf-legacy/","processed/bmf-legacy/2013_09/_manifest.json","2026-09-14T20:42:44.000Z","""166fb0add7930a42954bfd47e298d887""",2302,"2.3 kb","STANDARD","nccsdata","https://nccsdata.s3.us-east-1.amazonaws.com/processed/bmf-legacy/2013_09/_manifest.json"
"legacy","processed/bmf-legacy/","processed/bmf-legacy/2013_09/bmf_legacy_2013_09_data_dictionary.csv","2026-09-14T20:42:37.000Z","""a42acd9a2f3a2035f473d15d6174dd4f""",5626,"5.6 kb","STANDARD","nccsdata","https://nccsdata.s3.us-east-1.amazonaws.com/processed/bmf-legacy/2013_09/bmf_legacy_2013_09_data_dictionary.csv"
"legacy","processed/bmf-legacy/","processed/bmf-legacy/2013_09/bmf_legacy_2013_09_processed.csv","2026-09-14T20:42:16.000Z","""acfa248e9e76f485a9f483d07c3c087d-9""",806851495,"806.85 mb","STANDARD","nccsdata","https://nccsdata.s3.us-east-1.amazonaws.com/processed/bmf-legacy/2013_09/bmf_legacy_2013_09_processed.csv"
"legacy","processed/bmf-legacy/","processed/bmf-legacy/2013_09/bmf_legacy_2013_09_quality_report.json","2026-09-14T20:42:37.000Z","""9871070e43fa18f2bbb557bc0ed62e90""",92569,"92.6 kb","STANDARD","nccsdata","https://nccsdata.s3.us-east-1.amazonaws.com/processed/bmf-legacy/2013_09/bmf_legacy_2013_09_quality_report.json"
"legacy","processed/bmf-legacy/","processed/bmf-legacy/2013_10/_manifest.json","2026-09-14T20:43:05.000Z","""b90cbade6d621f4c7e82f011a9f070e4""",2302,"2.3 kb","STANDARD","nccsdata","https://nccsdata.s3.us-east-1.amazonaws.com/processed/bmf-legacy/2013_10/_manifest.json"
"legacy","processed/bmf-legacy/","processed/bmf-legacy/2013_10/bmf_legacy_2013_10_data_dictionary.csv","2026-09-14T20:42:58.000Z","""ace82df5908970ea146fd885a41657d0""",5629,"5.6 kb","STANDARD","nccsdata","https://nccsdata.s3.us-east-1.amazonaws.com/processed/bmf-legacy/2013_10/bmf_legacy_2013_10_data_dictionary.csv"
"legacy","processed/bmf-legacy/","processed/bmf-legacy/2013_10/bmf_legacy_2013_10_processed.csv","2026-09-14T20:42:38.000Z","""1085c60a260884bb9686cfb2cbd981cb-9""",807525581,"807.53 mb","STANDARD","nccsdata","https://nccsdata.s3.us-east-1.amazonaws.com/processed/bmf-legacy/2013_10/bmf_legacy_2013_10_processed.csv"
"legacy","processed/bmf-legacy/","processed/bmf-legacy/2013_10/bmf_legacy_2013_10_quality_report.json","2026-09-14T20:42:58.000Z","""08f9e2365453d63a643f2166ac1b1177""",92592,"92.6 kb","STANDARD","nccsdata","https://nccsdata.s3.us-east-1.amazonaws.com/processed/bmf-legacy/2013_10/bmf_legacy_2013_10_quality_report.json"
"legacy","processed/bmf-legacy/","processed/bmf-legacy/2013_12/_manifest.json","2026-09-14T20:43:42.000Z","""092a23d699017f973a3fc79daea71bc1""",2302,"2.3 kb","STANDARD","nccsdata","https://nccsdata.s3.us-east-1.amazonaws.com/processed/bmf-legacy/2013_12/_manifest.json"
"legacy","processed/bmf-legacy/","processed/bmf-legacy/2013_12/bmf_legacy_2013_12_data_dictionary.csv","2026-09-14T20:43:36.000Z","""66b027b0444f3c9c0e7f9a84d50879eb""",5630,"5.6 kb","STANDARD","nccsdata","https://nccsdata.s3.us-east-1.amazonaws.com/processed/bmf-legacy/2013_12/bmf_legacy_2013_12_data_dictionary.csv"
"legacy","processed/bmf-legacy/","processed/bmf-legacy/2013_12/bmf_legacy_2013_12_processed.csv","2026-09-14T20:43:12.000Z","""528eb23982220e9bec0ef517e2eb0828-9""",809025691,"809.03 mb","STANDARD","nccsdata","https://nccsdata.s3.us-east-1.amazonaws.com/processed/bmf-legacy/2013_12/bmf_legacy_2013_12_processed.csv"
"legacy","processed/bmf-legacy/","processed/bmf-legacy/2013_12/bmf_legacy_2013_12_quality_report.json","2026-09-14T20:43:36.000Z","""1cce39d98f9a4afceb4a85e0147426b5""",92596,"92.6 kb","STANDARD","nccsdata","https://nccsdata.s3.us-east-1.amazonaws.com/processed/bmf-legacy/2013_12/bmf_legacy_2013_12_quality_report.json"
"legacy","processed/bmf-legacy/","processed/bmf-legacy/2014_02/_manifest.json","2026-09-14T20:43:39.000Z","""e56a68315eefa7070f65a910b595bbe7""",2302,"2.3 kb","STANDARD","nccsdata","https://nccsdata.s3.us-east-1.amazonaws.com/processed/bmf-legacy/2014_02/_manifest.json"
"legacy","processed/bmf-legacy/","processed/bmf-legacy/2014_02/bmf_legacy_2014_02_data_dictionary.csv","2026-09-14T20:43:32.000Z","""e5f490d874b2e19a74bbf90b51d58acc""",5644,"5.6 kb","STANDARD","nccsdata","https://nccsdata.s3.us-east-1.amazonaws.com/processed/bmf-legacy/2014_02/bmf_legacy_2014_02_data_dictionary.csv"
"legacy","processed/bmf-legacy/","processed/bmf-legacy/2014_02/bmf_legacy_2014_02_processed.csv","2026-09-14T20:43:08.000Z","""059553ef58f0c21bb082363aedc593b4-9""",812224759,"812.22 mb","STANDARD","nccsdata","https://nccsdata.s3.us-east-1.amazonaws.com/processed/bmf-legacy/2014_02/bmf_legacy_2014_02_processed.csv"
"legacy","processed/bmf-legacy/","processed/bmf-legacy/2014_02/bmf_legacy_2014_02_quality_report.json","2026-09-14T20:43:32.000Z","""4f452b04ee41d2112849c6933d31dae0""",92614,"92.6 kb","STANDARD","nccsdata","https://nccsdata.s3.us-east-1.amazonaws.com/processed/bmf-legacy/2014_02/bmf_legacy_2014_02_quality_report.json"
"legacy","processed/bmf-legacy/","processed/bmf-legacy/2014_04/_manifest.json","2026-09-14T20:43:51.000Z","""5f36943549297553f76d507d3cf41df9""",2389,"2.4 kb","STANDARD","nccsdata","https://nccsdata.s3.us-east-1.amazonaws.com/processed/bmf-legacy/2014_04/_manifest.json"
"legacy","processed/bmf-legacy/","processed/bmf-legacy/2014_04/bmf_legacy_2014_04_data_dictionary.csv","2026-09-14T20:43:44.000Z","""56833f621225c6fb4163bb6e19884810""",5829,"5.8 kb","STANDARD","nccsdata","https://nccsdata.s3.us-east-1.amazonaws.com/processed/bmf-legacy/2014_04/bmf_legacy_2014_04_data_dictionary.csv"
"legacy","processed/bmf-legacy/","processed/bmf-legacy/2014_04/bmf_legacy_2014_04_processed.csv","2026-09-14T20:43:21.000Z","""bc46bfa267ad6e510374b66b874a8d5a-9""",887497327,"887.50 mb","STANDARD","nccsdata","https://nccsdata.s3.us-east-1.amazonaws.com/processed/bmf-legacy/2014_04/bmf_legacy_2014_04_processed.csv"
"legacy","processed/bmf-legacy/","processed/bmf-legacy/2014_04/bmf_legacy_2014_04_quality_report.json","2026-09-14T20:43:44.000Z","""4f1fe83709cd9f7e607caf5a1848a105""",92788,"92.8 kb","STANDARD","nccsdata","https://nccsdata.s3.us-east-1.amazonaws.com/processed/bmf-legacy/2014_04/bmf_legacy_2014_04_quality_report.json"
"legacy","processed/bmf-legacy/","processed/bmf-legacy/2014_06/_manifest.json","2026-09-14T20:44:12.000Z","""ef87e50673103d7f3781156106f99504""",2389,"2.4 kb","STANDARD","nccsdata","https://nccsdata.s3.us-east-1.amazonaws.com/processed/bmf-legacy/2014_06/_manifest.json"
"legacy","processed/bmf-legacy/","processed/bmf-legacy/2014_06/bmf_legacy_2014_06_data_dictionary.csv","2026-09-14T20:44:06.000Z","""ab58f41923e0f0e9c965ec254ab88693""",5829,"5.8 kb","STANDARD","nccsdata","https://nccsdata.s3.us-east-1.amazonaws.com/processed/bmf-legacy/2014_06/bmf_legacy_2014_06_data_dictionary.csv"
"legacy","processed/bmf-legacy/","processed/bmf-legacy/2014_06/bmf_legacy_2014_06_processed.csv","2026-09-14T20:43:43.000Z","""fb3ceca32da07af606cd55c83c2c81ab-9""",890761164,"890.76 mb","STANDARD","nccsdata","https://nccsdata.s3.us-east-1.amazonaws.com/processed/bmf-legacy/2014_06/bmf_legacy_2014_06_processed.csv"
"legacy","processed/bmf-legacy/","processed/bmf-legacy/2014_06/bmf_legacy_2014_06_quality_report.json","2026-09-14T20:44:06.000Z","""7860c7e2cc5ec98cb8d9fc98865f58b0""",92782,"92.8 kb","STANDARD","nccsdata","https://nccsdata.s3.us-east-1.amazonaws.com/processed/bmf-legacy/2014_06/bmf_legacy_2014_06_quality_report.json"
"legacy","processed/bmf-legacy/","processed/bmf-legacy/2014_09/_manifest.json","2026-09-14T20:44:31.000Z","""7463a5c9ababc831ad737914c9d60746""",2389,"2.4 kb","STANDARD","nccsdata","https://nccsdata.s3.us-east-1.amazonaws.com/processed/bmf-legacy/2014_09/_manifest.json"
"legacy","processed/bmf-legacy/","processed/bmf-legacy/2014_09/bmf_legacy_2014_09_data_dictionary.csv","2026-09-14T20:44:24.000Z","""c8c9d3e3633dfc8dcaea1fc591d57ac1""",5829,"5.8 kb","STANDARD","nccsdata","https://nccsdata.s3.us-east-1.amazonaws.com/processed/bmf-legacy/2014_09/bmf_legacy_2014_09_data_dictionary.csv"
"legacy","processed/bmf-legacy/","processed/bmf-legacy/2014_09/bmf_legacy_2014_09_processed.csv","2026-09-14T20:44:01.000Z","""edb2bd2483ac0922c3a6e3efdad514b4-10""",907741911,"907.74 mb","STANDARD","nccsdata","https://nccsdata.s3.us-east-1.amazonaws.com/processed/bmf-legacy/2014_09/bmf_legacy_2014_09_processed.csv"
"legacy","processed/bmf-legacy/","processed/bmf-legacy/2014_09/bmf_legacy_2014_09_quality_report.json","2026-09-14T20:44:24.000Z","""f8b66d7226220f15692b840385301b2d""",92547,"92.5 kb","STANDARD","nccsdata","https://nccsdata.s3.us-east-1.amazonaws.com/processed/bmf-legacy/2014_09/bmf_legacy_2014_09_quality_report.json"
"legacy","processed/bmf-legacy/","processed/bmf-legacy/2014_11/_manifest.json","2026-09-14T20:45:13.000Z","""8e2b72911c186b06b815b76a9271c707""",2389,"2.4 kb","STANDARD","nccsdata","https://nccsdata.s3.us-east-1.amazonaws.com/processed/bmf-legacy/2014_11/_manifest.json"
"legacy","processed/bmf-legacy/","processed/bmf-legacy/2014_11/bmf_legacy_2014_11_data_dictionary.csv","2026-09-14T20:45:06.000Z","""d604d2a8a00aa653d4a9d45b73b25a72""",5827,"5.8 kb","STANDARD","nccsdata","https://nccsdata.s3.us-east-1.amazonaws.com/processed/bmf-legacy/2014_11/bmf_legacy_2014_11_data_dictionary.csv"
"legacy","processed/bmf-legacy/","processed/bmf-legacy/2014_11/bmf_legacy_2014_11_processed.csv","2026-09-14T20:44:44.000Z","""f5c6c8fd341cd234f9427177ec4ab7cc-10""",926002287,"926.00 mb","STANDARD","nccsdata","https://nccsdata.s3.us-east-1.amazonaws.com/processed/bmf-legacy/2014_11/bmf_legacy_2014_11_processed.csv"
"legacy","processed/bmf-legacy/","processed/bmf-legacy/2014_11/bmf_legacy_2014_11_quality_report.json","2026-09-14T20:45:06.000Z","""2e3c78112117ed103379b3af4b18afee""",92532,"92.5 kb","STANDARD","nccsdata","https://nccsdata.s3.us-east-1.amazonaws.com/processed/bmf-legacy/2014_11/bmf_legacy_2014_11_quality_report.json"
"legacy","processed/bmf-legacy/","processed/bmf-legacy/2014_12/_manifest.json","2026-09-14T20:47:28.000Z","""ae0f125b756d33ecc74c2243916d5773""",2389,"2.4 kb","STANDARD","nccsdata","https://nccsdata.s3.us-east-1.amazonaws.com/processed/bmf-legacy/2014_12/_manifest.json"
"legacy","processed/bmf-legacy/","processed/bmf-legacy/2014_12/bmf_legacy_2014_12_data_dictionary.csv","2026-09-14T20:47:21.000Z","""3fde16aa8a2d096aaa30b621fc1f5774""",5826,"5.8 kb","STANDARD","nccsdata","https://nccsdata.s3.us-east-1.amazonaws.com/processed/bmf-legacy/2014_12/bmf_legacy_2014_12_data_dictionary.csv"
"legacy","processed/bmf-legacy/","processed/bmf-legacy/2014_12/bmf_legacy_2014_12_processed.csv","2026-09-14T20:46:58.000Z","""4b664cbf791ad1cebb4e2cd33dc916ad-10""",931066906,"931.07 mb","STANDARD","nccsdata","https://nccsdata.s3.us-east-1.amazonaws.com/processed/bmf-legacy/2014_12/bmf_legacy_2014_12_processed.csv"
"legacy","processed/bmf-legacy/","processed/bmf-legacy/2014_12/bmf_legacy_2014_12_quality_report.json","2026-09-14T20:47:21.000Z","""ca6aa5f4e0c7747fa8ec81f3d2b1b2f1""",92536,"92.5 kb","STANDARD","nccsdata","https://nccsdata.s3.us-east-1.amazonaws.com/processed/bmf-legacy/2014_12/bmf_legacy_2014_12_quality_report.json"
"legacy","processed/bmf-legacy/","processed/bmf-legacy/2015_02/_manifest.json","2026-09-14T20:48:01.000Z","""49f8e676fb073b7a4401674e9dcb8b73""",2389,"2.4 kb","STANDARD","nccsdata","https://nccsdata.s3.us-east-1.amazonaws.com/processed/bmf-legacy/2015_02/_manifest.json"
"legacy","processed/bmf-legacy/","processed/bmf-legacy/2015_02/bmf_legacy_2015_02_data_dictionary.csv","2026-09-14T20:47:54.000Z","""d1401615247eef8645cc204bb6fb1f8f""",5829,"5.8 kb","STANDARD","nccsdata","https://nccsdata.s3.us-east-1.amazonaws.com/processed/bmf-legacy/2015_02/bmf_legacy_2015_02_data_dictionary.csv"
"legacy","processed/bmf-legacy/","processed/bmf-legacy/2015_02/bmf_legacy_2015_02_processed.csv","2026-09-14T20:47:31.000Z","""7d03f5709008c42191d88530e96f5a61-10""",938785071,"938.79 mb","STANDARD","nccsdata","https://nccsdata.s3.us-east-1.amazonaws.com/processed/bmf-legacy/2015_02/bmf_legacy_2015_02_processed.csv"
"legacy","processed/bmf-legacy/","processed/bmf-legacy/2015_02/bmf_legacy_2015_02_quality_report.json","2026-09-14T20:47:54.000Z","""d247d1e4e4bbb83dedefd9e2b9d7c826""",92537,"92.5 kb","STANDARD","nccsdata","https://nccsdata.s3.us-east-1.amazonaws.com/processed/bmf-legacy/2015_02/bmf_legacy_2015_02_quality_report.json"
"legacy","processed/bmf-legacy/","processed/bmf-legacy/2015_04/_manifest.json","2026-09-14T20:52:39.000Z","""05dd873bd4c3266130d19d24f19405ca""",2389,"2.4 kb","STANDARD","nccsdata","https://nccsdata.s3.us-east-1.amazonaws.com/processed/bmf-legacy/2015_04/_manifest.json"
"legacy","processed/bmf-legacy/","processed/bmf-legacy/2015_04/bmf_legacy_2015_04_data_dictionary.csv","2026-09-14T20:52:32.000Z","""141a2031d2c3c77f0112520c6a8ad7cd""",5827,"5.8 kb","STANDARD","nccsdata","https://nccsdata.s3.us-east-1.amazonaws.com/processed/bmf-legacy/2015_04/bmf_legacy_2015_04_data_dictionary.csv"
"legacy","processed/bmf-legacy/","processed/bmf-legacy/2015_04/bmf_legacy_2015_04_processed.csv","2026-09-14T20:52:07.000Z","""5d60b18e857391b7a36c8f2ba18f3067-10""",947536724,"947.54 mb","STANDARD","nccsdata","https://nccsdata.s3.us-east-1.amazonaws.com/processed/bmf-legacy/2015_04/bmf_legacy_2015_04_processed.csv"
"legacy","processed/bmf-legacy/","processed/bmf-legacy/2015_04/bmf_legacy_2015_04_quality_report.json","2026-09-14T20:52:32.000Z","""c3e77c8ae540d8a3cb74dc9f19480b3f""",92599,"92.6 kb","STANDARD","nccsdata","https://nccsdata.s3.us-east-1.amazonaws.com/processed/bmf-legacy/2015_04/bmf_legacy_2015_04_quality_report.json"
"legacy","processed/bmf-legacy/","processed/bmf-legacy/2015_05/_manifest.json","2026-09-14T20:53:09.000Z","""46a921121b917a8c52d5b251ad558782""",2389,"2.4 kb","STANDARD","nccsdata","https://nccsdata.s3.us-east-1.amazonaws.com/processed/bmf-legacy/2015_05/_manifest.json"
"legacy","processed/bmf-legacy/","processed/bmf-legacy/2015_05/bmf_legacy_2015_05_data_dictionary.csv","2026-09-14T20:53:00.000Z","""45ef06ffbb95bf757b19a64515d28184""",5828,"5.8 kb","STANDARD","nccsdata","https://nccsdata.s3.us-east-1.amazonaws.com/processed/bmf-legacy/2015_05/bmf_legacy_2015_05_data_dictionary.csv"
"legacy","processed/bmf-legacy/","processed/bmf-legacy/2015_05/bmf_legacy_2015_05_processed.csv","2026-09-14T20:52:36.000Z","""4163c0a999d98311774bd0fe210c8469-10""",952851660,"952.85 mb","STANDARD","nccsdata","https://nccsdata.s3.us-east-1.amazonaws.com/processed/bmf-legacy/2015_05/bmf_legacy_2015_05_processed.csv"
"legacy","processed/bmf-legacy/","processed/bmf-legacy/2015_05/bmf_legacy_2015_05_quality_report.json","2026-09-14T20:53:00.000Z","""e67f44a956d56c9f0bfc222075061710""",92602,"92.6 kb","STANDARD","nccsdata","https://nccsdata.s3.us-east-1.amazonaws.com/processed/bmf-legacy/2015_05/bmf_legacy_2015_05_quality_report.json"
"legacy","processed/bmf-legacy/","processed/bmf-legacy/2015_07/_manifest.json","2026-09-14T20:53:45.000Z","""96e4fbc2a443f06f2709e93772f251e4""",2389,"2.4 kb","STANDARD","nccsdata","https://nccsdata.s3.us-east-1.amazonaws.com/processed/bmf-legacy/2015_07/_manifest.json"
"legacy","processed/bmf-legacy/","processed/bmf-legacy/2015_07/bmf_legacy_2015_07_data_dictionary.csv","2026-09-14T20:53:38.000Z","""bbb25ea4052514988dbb4d6fab785bee""",5829,"5.8 kb","STANDARD","nccsdata","https://nccsdata.s3.us-east-1.amazonaws.com/processed/bmf-legacy/2015_07/bmf_legacy_2015_07_data_dictionary.csv"
"legacy","processed/bmf-legacy/","processed/bmf-legacy/2015_07/bmf_legacy_2015_07_processed.csv","2026-09-14T20:53:14.000Z","""de163c0f2fc70ee7ce1a5c08c3e1d0c0-10""",960619974,"960.62 mb","STANDARD","nccsdata","https://nccsdata.s3.us-east-1.amazonaws.com/processed/bmf-legacy/2015_07/bmf_legacy_2015_07_processed.csv"
"legacy","processed/bmf-legacy/","processed/bmf-legacy/2015_07/bmf_legacy_2015_07_quality_report.json","2026-09-14T20:53:38.000Z","""0084d9642a1f17caf1c71be72977f467""",92604,"92.6 kb","STANDARD","nccsdata","https://nccsdata.s3.us-east-1.amazonaws.com/processed/bmf-legacy/2015_07/bmf_legacy_2015_07_quality_report.json"
"legacy","processed/bmf-legacy/","processed/bmf-legacy/2015_09/_manifest.json","2026-09-14T20:53:37.000Z","""4807f86130dad3eaa5227497353cc09b""",2389,"2.4 kb","STANDARD","nccsdata","https://nccsdata.s3.us-east-1.amazonaws.com/processed/bmf-legacy/2015_09/_manifest.json"
"legacy","processed/bmf-legacy/","processed/bmf-legacy/2015_09/bmf_legacy_2015_09_data_dictionary.csv","2026-09-14T20:53:30.000Z","""581e83422b1ff1c0c9f86dbcf46dc794""",5828,"5.8 kb","STANDARD","nccsdata","https://nccsdata.s3.us-east-1.amazonaws.com/processed/bmf-legacy/2015_09/bmf_legacy_2015_09_data_dictionary.csv"
"legacy","processed/bmf-legacy/","processed/bmf-legacy/2015_09/bmf_legacy_2015_09_processed.csv","2026-09-14T20:53:05.000Z","""e9bfd9a0a2b1db940ca889a37a1c8f74-10""",953961359,"953.96 mb","STANDARD","nccsdata","https://nccsdata.s3.us-east-1.amazonaws.com/processed/bmf-legacy/2015_09/bmf_legacy_2015_09_processed.csv"
"legacy","processed/bmf-legacy/","processed/bmf-legacy/2015_09/bmf_legacy_2015_09_quality_report.json","2026-09-14T20:53:30.000Z","""2028e3354f4e3716eb988e97fe778dd7""",92410,"92.4 kb","STANDARD","nccsdata","https://nccsdata.s3.us-east-1.amazonaws.com/processed/bmf-legacy/2015_09/bmf_legacy_2015_09_quality_report.json"
"legacy","processed/bmf-legacy/","processed/bmf-legacy/2015_11/_manifest.json","2026-09-14T20:53:49.000Z","""d10b78a09f778ebd6d9c7ce6f829747c""",2389,"2.4 kb","STANDARD","nccsdata","https://nccsdata.s3.us-east-1.amazonaws.com/processed/bmf-legacy/2015_11/_manifest.json"
"legacy","processed/bmf-legacy/","processed/bmf-legacy/2015_11/bmf_legacy_2015_11_data_dictionary.csv","2026-09-14T20:53:42.000Z","""aa0e893e2e48c840c1da9dd5ebf56aa6""",5826,"5.8 kb","STANDARD","nccsdata","https://nccsdata.s3.us-east-1.amazonaws.com/processed/bmf-legacy/2015_11/bmf_legacy_2015_11_data_dictionary.csv"
"legacy","processed/bmf-legacy/","processed/bmf-legacy/2015_11/bmf_legacy_2015_11_processed.csv","2026-09-14T20:53:17.000Z","""d21790efd071cd0608d0839fef89a813-10""",964493598,"964.49 mb","STANDARD","nccsdata","https://nccsdata.s3.us-east-1.amazonaws.com/processed/bmf-legacy/2015_11/bmf_legacy_2015_11_processed.csv"
"legacy","processed/bmf-legacy/","processed/bmf-legacy/2015_11/bmf_legacy_2015_11_quality_report.json","2026-09-14T20:53:42.000Z","""8158cbbb4cef24178efd2101e9db5cdf""",92398,"92.4 kb","STANDARD","nccsdata","https://nccsdata.s3.us-east-1.amazonaws.com/processed/bmf-legacy/2015_11/bmf_legacy_2015_11_quality_report.json"
"legacy","processed/bmf-legacy/","processed/bmf-legacy/2015_12/_manifest.json","2026-09-14T20:54:21.000Z","""ca65d4479cc4a982c98d6df43a081b68""",2389,"2.4 kb","STANDARD","nccsdata","https://nccsdata.s3.us-east-1.amazonaws.com/processed/bmf-legacy/2015_12/_manifest.json"
"legacy","processed/bmf-legacy/","processed/bmf-legacy/2015_12/bmf_legacy_2015_12_data_dictionary.csv","2026-09-14T20:54:14.000Z","""a27bad8c8ff866a67d0ff0eb109f983c""",5828,"5.8 kb","STANDARD","nccsdata","https://nccsdata.s3.us-east-1.amazonaws.com/processed/bmf-legacy/2015_12/bmf_legacy_2015_12_data_dictionary.csv"
"legacy","processed/bmf-legacy/","processed/bmf-legacy/2015_12/bmf_legacy_2015_12_processed.csv","2026-09-14T20:53:49.000Z","""68955c584257b9d06fc08a09f76d6ca1-10""",964128613,"964.13 mb","STANDARD","nccsdata","https://nccsdata.s3.us-east-1.amazonaws.com/processed/bmf-legacy/2015_12/bmf_legacy_2015_12_processed.csv"
"legacy","processed/bmf-legacy/","processed/bmf-legacy/2015_12/bmf_legacy_2015_12_quality_report.json","2026-09-14T20:54:14.000Z","""280dac181558c61990bf0532ae064bb9""",92395,"92.4 kb","STANDARD","nccsdata","https://nccsdata.s3.us-east-1.amazonaws.com/processed/bmf-legacy/2015_12/bmf_legacy_2015_12_quality_report.json"
"legacy","processed/bmf-legacy/","processed/bmf-legacy/2016_02/_manifest.json","2026-09-14T20:54:42.000Z","""b1582619f8a8b49281c024391501f38c""",2389,"2.4 kb","STANDARD","nccsdata","https://nccsdata.s3.us-east-1.amazonaws.com/processed/bmf-legacy/2016_02/_manifest.json"
"legacy","processed/bmf-legacy/","processed/bmf-legacy/2016_02/bmf_legacy_2016_02_data_dictionary.csv","2026-09-14T20:54:34.000Z","""fa47d8949b494753a5a8df63fa081354""",5826,"5.8 kb","STANDARD","nccsdata","https://nccsdata.s3.us-east-1.amazonaws.com/processed/bmf-legacy/2016_02/bmf_legacy_2016_02_data_dictionary.csv"
"legacy","processed/bmf-legacy/","processed/bmf-legacy/2016_02/bmf_legacy_2016_02_processed.csv","2026-09-14T20:54:10.000Z","""0b90eefc12ae03e2a9de4cbb12f58c38-10""",972307565,"972.31 mb","STANDARD","nccsdata","https://nccsdata.s3.us-east-1.amazonaws.com/processed/bmf-legacy/2016_02/bmf_legacy_2016_02_processed.csv"
"legacy","processed/bmf-legacy/","processed/bmf-legacy/2016_02/bmf_legacy_2016_02_quality_report.json","2026-09-14T20:54:34.000Z","""bef78fd5e7393d713d30d3371dcd5f4b""",92456,"92.5 kb","STANDARD","nccsdata","https://nccsdata.s3.us-east-1.amazonaws.com/processed/bmf-legacy/2016_02/bmf_legacy_2016_02_quality_report.json"
"legacy","processed/bmf-legacy/","processed/bmf-legacy/2016_03/_manifest.json","2026-09-14T20:55:20.000Z","""9f55509195c32d6d842aa17e04fecf15""",2389,"2.4 kb","STANDARD","nccsdata","https://nccsdata.s3.us-east-1.amazonaws.com/processed/bmf-legacy/2016_03/_manifest.json"
"legacy","processed/bmf-legacy/","processed/bmf-legacy/2016_03/bmf_legacy_2016_03_data_dictionary.csv","2026-09-14T20:55:13.000Z","""f72ee64d0c1cd982cc1c93afed033c0b""",5828,"5.8 kb","STANDARD","nccsdata","https://nccsdata.s3.us-east-1.amazonaws.com/processed/bmf-legacy/2016_03/bmf_legacy_2016_03_data_dictionary.csv"
"legacy","processed/bmf-legacy/","processed/bmf-legacy/2016_03/bmf_legacy_2016_03_processed.csv","2026-09-14T20:54:49.000Z","""0974151fa8d8d6bcf70e9fc2e9d6b67c-10""",976247639,"976.25 mb","STANDARD","nccsdata","https://nccsdata.s3.us-east-1.amazonaws.com/processed/bmf-legacy/2016_03/bmf_legacy_2016_03_processed.csv"
"legacy","processed/bmf-legacy/","processed/bmf-legacy/2016_03/bmf_legacy_2016_03_quality_report.json","2026-09-14T20:55:13.000Z","""baf02b9cf462de67865e2b1ce3c28ecd""",92469,"92.5 kb","STANDARD","nccsdata","https://nccsdata.s3.us-east-1.amazonaws.com/processed/bmf-legacy/2016_03/bmf_legacy_2016_03_quality_report.json"
"legacy","processed/bmf-legacy/","processed/bmf-legacy/2016_04/_manifest.json","2026-09-14T20:57:49.000Z","""c4362b29da31dec1e5f3e233b15c2765""",2389,"2.4 kb","STANDARD","nccsdata","https://nccsdata.s3.us-east-1.amazonaws.com/processed/bmf-legacy/2016_04/_manifest.json"
"legacy","processed/bmf-legacy/","processed/bmf-legacy/2016_04/bmf_legacy_2016_04_data_dictionary.csv","2026-09-14T20:57:42.000Z","""6a0ca99c22439ae58bf97518d512b458""",5826,"5.8 kb","STANDARD","nccsdata","https://nccsdata.s3.us-east-1.amazonaws.com/processed/bmf-legacy/2016_04/bmf_legacy_2016_04_data_dictionary.csv"
"legacy","processed/bmf-legacy/","processed/bmf-legacy/2016_04/bmf_legacy_2016_04_processed.csv","2026-09-14T20:57:19.000Z","""485128cb4c8366b16b2304ddd0676b83-10""",978154300,"978.15 mb","STANDARD","nccsdata","https://nccsdata.s3.us-east-1.amazonaws.com/processed/bmf-legacy/2016_04/bmf_legacy_2016_04_processed.csv"
"legacy","processed/bmf-legacy/","processed/bmf-legacy/2016_04/bmf_legacy_2016_04_quality_report.json","2026-09-14T20:57:42.000Z","""b0f695ce846d7948e29d81920122a361""",92475,"92.5 kb","STANDARD","nccsdata","https://nccsdata.s3.us-east-1.amazonaws.com/processed/bmf-legacy/2016_04/bmf_legacy_2016_04_quality_report.json"
"legacy","processed/bmf-legacy/","processed/bmf-legacy/2016_08/_manifest.json","2026-09-14T20:58:16.000Z","""7a2fba58563b96e9c80dcd7e307ecd8c""",2389,"2.4 kb","STANDARD","nccsdata","https://nccsdata.s3.us-east-1.amazonaws.com/processed/bmf-legacy/2016_08/_manifest.json"
"legacy","processed/bmf-legacy/","processed/bmf-legacy/2016_08/bmf_legacy_2016_08_data_dictionary.csv","2026-09-14T20:58:09.000Z","""49ec7a371cf737351f913eef8f187191""",5828,"5.8 kb","STANDARD","nccsdata","https://nccsdata.s3.us-east-1.amazonaws.com/processed/bmf-legacy/2016_08/bmf_legacy_2016_08_data_dictionary.csv"
"legacy","processed/bmf-legacy/","processed/bmf-legacy/2016_08/bmf_legacy_2016_08_processed.csv","2026-09-14T20:57:44.000Z","""cb843f2434ebe832a58fe4bf9e3db853-10""",984558933,"984.56 mb","STANDARD","nccsdata","https://nccsdata.s3.us-east-1.amazonaws.com/processed/bmf-legacy/2016_08/bmf_legacy_2016_08_processed.csv"
"legacy","processed/bmf-legacy/","processed/bmf-legacy/2016_08/bmf_legacy_2016_08_quality_report.json","2026-09-14T20:58:09.000Z","""99b9601417459fbde25ce10b83297a8f""",92459,"92.5 kb","STANDARD","nccsdata","https://nccsdata.s3.us-east-1.amazonaws.com/processed/bmf-legacy/2016_08/bmf_legacy_2016_08_quality_report.json"
"legacy","processed/bmf-legacy/","processed/bmf-legacy/2018_12/_manifest.json","2026-09-14T21:01:49.000Z","""d20ac9de12d42cd334c92b5429537488""",2193,"2.2 kb","STANDARD","nccsdata","https://nccsdata.s3.us-east-1.amazonaws.com/processed/bmf-legacy/2018_12/_manifest.json"
"legacy","processed/bmf-legacy/","processed/bmf-legacy/2018_12/bmf_legacy_2018_12_data_dictionary.csv","2026-09-14T21:01:43.000Z","""632d529a7032432ab8110cf12b469e27""",5383,"5.4 kb","STANDARD","nccsdata","https://nccsdata.s3.us-east-1.amazonaws.com/processed/bmf-legacy/2018_12/bmf_legacy_2018_12_data_dictionary.csv"
"legacy","processed/bmf-legacy/","processed/bmf-legacy/2018_12/bmf_legacy_2018_12_processed.csv","2026-09-14T21:01:22.000Z","""6ce4618695d24192805d45242a9993e1-9""",832163204,"832.16 mb","STANDARD","nccsdata","https://nccsdata.s3.us-east-1.amazonaws.com/processed/bmf-legacy/2018_12/bmf_legacy_2018_12_processed.csv"
"legacy","processed/bmf-legacy/","processed/bmf-legacy/2018_12/bmf_legacy_2018_12_quality_report.json","2026-09-14T21:01:43.000Z","""62581a7a800f69ab6f1016e1f7861eef""",92870,"92.9 kb","STANDARD","nccsdata","https://nccsdata.s3.us-east-1.amazonaws.com/processed/bmf-legacy/2018_12/bmf_legacy_2018_12_quality_report.json"
"legacy","processed/bmf-legacy/","processed/bmf-legacy/2019_08/_manifest.json","2026-09-14T21:03:54.000Z","""47ac3235f5c92c8ca9f7371e7dd8a1b5""",2193,"2.2 kb","STANDARD","nccsdata","https://nccsdata.s3.us-east-1.amazonaws.com/processed/bmf-legacy/2019_08/_manifest.json"
"legacy","processed/bmf-legacy/","processed/bmf-legacy/2019_08/bmf_legacy_2019_08_data_dictionary.csv","2026-09-14T21:03:47.000Z","""c2c56414abd71d53e4f3884ec48d043a""",5415,"5.4 kb","STANDARD","nccsdata","https://nccsdata.s3.us-east-1.amazonaws.com/processed/bmf-legacy/2019_08/bmf_legacy_2019_08_data_dictionary.csv"
"legacy","processed/bmf-legacy/","processed/bmf-legacy/2019_08/bmf_legacy_2019_08_processed.csv","2026-09-14T21:03:23.000Z","""ef010a6d62b751aa0053cfddac13ff9a-10""",942476642,"942.48 mb","STANDARD","nccsdata","https://nccsdata.s3.us-east-1.amazonaws.com/processed/bmf-legacy/2019_08/bmf_legacy_2019_08_processed.csv"
"legacy","processed/bmf-legacy/","processed/bmf-legacy/2019_08/bmf_legacy_2019_08_quality_report.json","2026-09-14T21:03:47.000Z","""6482c02c638b38b58815a30133186d94""",93012,"93.0 kb","STANDARD","nccsdata","https://nccsdata.s3.us-east-1.amazonaws.com/processed/bmf-legacy/2019_08/bmf_legacy_2019_08_quality_report.json"
"legacy","processed/bmf-legacy/","processed/bmf-legacy/2020_04/_manifest.json","2026-09-14T21:04:23.000Z","""859c2000561ff31d259f63da809b0ba2""",2193,"2.2 kb","STANDARD","nccsdata","https://nccsdata.s3.us-east-1.amazonaws.com/processed/bmf-legacy/2020_04/_manifest.json"
"legacy","processed/bmf-legacy/","processed/bmf-legacy/2020_04/bmf_legacy_2020_04_data_dictionary.csv","2026-09-14T21:04:16.000Z","""3c226e3dfc9f191d199d6bd44d99bea0""",5413,"5.4 kb","STANDARD","nccsdata","https://nccsdata.s3.us-east-1.amazonaws.com/processed/bmf-legacy/2020_04/bmf_legacy_2020_04_data_dictionary.csv"
"legacy","processed/bmf-legacy/","processed/bmf-legacy/2020_04/bmf_legacy_2020_04_processed.csv","2026-09-14T21:03:53.000Z","""758f45aad0e04c668c2977dc9b5720da-10""",946232133,"946.23 mb","STANDARD","nccsdata","https://nccsdata.s3.us-east-1.amazonaws.com/processed/bmf-legacy/2020_04/bmf_legacy_2020_04_processed.csv"
"legacy","processed/bmf-legacy/","processed/bmf-legacy/2020_04/bmf_legacy_2020_04_quality_report.json","2026-09-14T21:04:16.000Z","""e529d83530db838a9dc29333b4ea707f""",93155,"93.2 kb","STANDARD","nccsdata","https://nccsdata.s3.us-east-1.amazonaws.com/processed/bmf-legacy/2020_04/bmf_legacy_2020_04_quality_report.json"
"legacy","processed/bmf-legacy/","processed/bmf-legacy/2022_01/_manifest.json","2026-09-14T21:05:01.000Z","""6c7db6f267253362ad043e7fbb990517""",2193,"2.2 kb","STANDARD","nccsdata","https://nccsdata.s3.us-east-1.amazonaws.com/processed/bmf-legacy/2022_01/_manifest.json"
"legacy","processed/bmf-legacy/","processed/bmf-legacy/2022_01/bmf_legacy_2022_01_data_dictionary.csv","2026-09-14T21:04:54.000Z","""ac825d7bf33a05675dfb811d566f1b02""",5414,"5.4 kb","STANDARD","nccsdata","https://nccsdata.s3.us-east-1.amazonaws.com/processed/bmf-legacy/2022_01/bmf_legacy_2022_01_data_dictionary.csv"
"legacy","processed/bmf-legacy/","processed/bmf-legacy/2022_01/bmf_legacy_2022_01_processed.csv","2026-09-14T21:04:31.000Z","""1c052c0793dffd26f9094760ebab40e7-10""",959419003,"959.42 mb","STANDARD","nccsdata","https://nccsdata.s3.us-east-1.amazonaws.com/processed/bmf-legacy/2022_01/bmf_legacy_2022_01_processed.csv"
"legacy","processed/bmf-legacy/","processed/bmf-legacy/2022_01/bmf_legacy_2022_01_quality_report.json","2026-09-14T21:04:54.000Z","""bc10256884c57d9759fdf300a1b80796""",93229,"93.2 kb","STANDARD","nccsdata","https://nccsdata.s3.us-east-1.amazonaws.com/processed/bmf-legacy/2022_01/bmf_legacy_2022_01_quality_report.json"
"legacy","processed/bmf-legacy/","processed/bmf-legacy/2022_08/_manifest.json","2026-09-14T21:04:55.000Z","""26a0bc5bc363f1be2a60d9bcac299f13""",2193,"2.2 kb","STANDARD","nccsdata","https://nccsdata.s3.us-east-1.amazonaws.com/processed/bmf-legacy/2022_08/_manifest.json"
"legacy","processed/bmf-legacy/","processed/bmf-legacy/2022_08/bmf_legacy_2022_08_data_dictionary.csv","2026-09-14T21:04:48.000Z","""49bbde5ad84cb6ddfb3f9a20bd97316a""",5413,"5.4 kb","STANDARD","nccsdata","https://nccsdata.s3.us-east-1.amazonaws.com/processed/bmf-legacy/2022_08/bmf_legacy_2022_08_data_dictionary.csv"
"legacy","processed/bmf-legacy/","processed/bmf-legacy/2022_08/bmf_legacy_2022_08_processed.csv","2026-09-14T21:04:25.000Z","""dee0025e8392f028d3bbe392c73814d7-10""",962325031,"962.33 mb","STANDARD","nccsdata","https://nccsdata.s3.us-east-1.amazonaws.com/processed/bmf-legacy/2022_08/bmf_legacy_2022_08_processed.csv"
"legacy","processed/bmf-legacy/","processed/bmf-legacy/2022_08/bmf_legacy_2022_08_quality_report.json","2026-09-14T21:04:48.000Z","""e1e07f67aa236f926897460fcca14f3e""",93266,"93.3 kb","STANDARD","nccsdata","https://nccsdata.s3.us-east-1.amazonaws.com/processed/bmf-legacy/2022_08/bmf_legacy_2022_08_quality_report.json"
"raw_legacy","legacy/bmf/","legacy/bmf/","2023-05-24T02:40:07.000Z","""d41d8cd98f00b204e9800998ecf8427e""",0,"0.0 kb","STANDARD","nccsdata","https://nccsdata.s3.us-east-1.amazonaws.com/legacy/bmf/"
"raw_legacy","legacy/bmf/","legacy/bmf/BMF-1989-06-501CX-NONPROFIT-PX.csv","2023-10-25T15:55:39.000Z","""7b945d23e80729d44b6e660324824670""",123275183,"123.28 mb","STANDARD","nccsdata","https://nccsdata.s3.us-east-1.amazonaws.com/legacy/bmf/BMF-1989-06-501CX-NONPROFIT-PX.csv"
"raw_legacy","legacy/bmf/","legacy/bmf/BMF-1995-08-501CX-NONPROFIT-PX.csv","2023-10-25T15:55:43.000Z","""a44eaeb2571ce35558a659ff1d063d80""",223408208,"223.41 mb","STANDARD","nccsdata","https://nccsdata.s3.us-east-1.amazonaws.com/legacy/bmf/BMF-1995-08-501CX-NONPROFIT-PX.csv"
"raw_legacy","legacy/bmf/","legacy/bmf/BMF-1996-06-501CX-NONPROFIT-PX.csv","2023-10-25T15:55:49.000Z","""8d6f74876c364025cf611b25a1c772b9""",236591589,"236.59 mb","STANDARD","nccsdata","https://nccsdata.s3.us-east-1.amazonaws.com/legacy/bmf/BMF-1996-06-501CX-NONPROFIT-PX.csv"
"raw_legacy","legacy/bmf/","legacy/bmf/BMF-1997-10-501CX-NONPROFIT-PX.csv","2023-10-25T15:55:56.000Z","""9950934a75bb6d1b9fcf6aa744e57bb5""",242199256,"242.20 mb","STANDARD","nccsdata","https://nccsdata.s3.us-east-1.amazonaws.com/legacy/bmf/BMF-1997-10-501CX-NONPROFIT-PX.csv"
"raw_legacy","legacy/bmf/","legacy/bmf/BMF-1998-09-501CX-NONPROFIT-PX.csv","2023-10-25T15:56:03.000Z","""6939ba4c25c0ff4302180fbc0897a032""",248986874,"248.99 mb","STANDARD","nccsdata","https://nccsdata.s3.us-east-1.amazonaws.com/legacy/bmf/BMF-1998-09-501CX-NONPROFIT-PX.csv"
"raw_legacy","legacy/bmf/","legacy/bmf/BMF-1999-12-501CX-NONPROFIT-PX.csv","2023-10-25T15:56:10.000Z","""5c1c345232a683d526422926832cb2d1""",252960770,"252.96 mb","STANDARD","nccsdata","https://nccsdata.s3.us-east-1.amazonaws.com/legacy/bmf/BMF-1999-12-501CX-NONPROFIT-PX.csv"
"raw_legacy","legacy/bmf/","legacy/bmf/BMF-2000-05-501CX-NONPROFIT-PX.csv","2023-10-25T15:56:15.000Z","""c13547b9a56a35454d9aed97352e35fb""",262500512,"262.50 mb","STANDARD","nccsdata","https://nccsdata.s3.us-east-1.amazonaws.com/legacy/bmf/BMF-2000-05-501CX-NONPROFIT-PX.csv"
"raw_legacy","legacy/bmf/","legacy/bmf/BMF-2001-07-501CX-NONPROFIT-PX.csv","2023-10-25T15:56:24.000Z","""a4f380519a6bd0ee7ad2b0c002a26992""",272215759,"272.22 mb","STANDARD","nccsdata","https://nccsdata.s3.us-east-1.amazonaws.com/legacy/bmf/BMF-2001-07-501CX-NONPROFIT-PX.csv"
"raw_legacy","legacy/bmf/","legacy/bmf/BMF-2002-01-501CX-NONPROFIT-PX.csv","2023-10-25T15:56:31.000Z","""e4e2c200005071febd9f492a3a9c5982""",289346775,"289.35 mb","STANDARD","nccsdata","https://nccsdata.s3.us-east-1.amazonaws.com/legacy/bmf/BMF-2002-01-501CX-NONPROFIT-PX.csv"
"raw_legacy","legacy/bmf/","legacy/bmf/BMF-2002-07-501CX-NONPROFIT-PX.csv","2023-10-25T15:56:43.000Z","""709451111f58ca476060d2a779a11226""",286736045,"286.74 mb","STANDARD","nccsdata","https://nccsdata.s3.us-east-1.amazonaws.com/legacy/bmf/BMF-2002-07-501CX-NONPROFIT-PX.csv"
"raw_legacy","legacy/bmf/","legacy/bmf/BMF-2003-01-501CX-NONPROFIT-PX.csv","2023-10-25T15:56:50.000Z","""5244c48a2eb138d7d58f543514bfed61""",285450141,"285.45 mb","STANDARD","nccsdata","https://nccsdata.s3.us-east-1.amazonaws.com/legacy/bmf/BMF-2003-01-501CX-NONPROFIT-PX.csv"
"raw_legacy","legacy/bmf/","legacy/bmf/BMF-2003-07-501CX-NONPROFIT-PX.csv","2023-10-25T15:57:00.000Z","""4405c17abe64b8529604a9a728230a86""",314216564,"314.22 mb","STANDARD","nccsdata","https://nccsdata.s3.us-east-1.amazonaws.com/legacy/bmf/BMF-2003-07-501CX-NONPROFIT-PX.csv"
"raw_legacy","legacy/bmf/","legacy/bmf/BMF-2003-11-501CX-NONPROFIT-PX.csv","2023-10-25T15:57:10.000Z","""c39aef6e81ce6854b4d5879d40bc5fc5""",309345596,"309.35 mb","STANDARD","nccsdata","https://nccsdata.s3.us-east-1.amazonaws.com/legacy/bmf/BMF-2003-11-501CX-NONPROFIT-PX.csv"
"raw_legacy","legacy/bmf/","legacy/bmf/BMF-2004-04-501CX-NONPROFIT-PX.csv","2023-10-25T15:57:35.000Z","""e6750edb46b17ebed7fee90b00198036""",308934998,"308.93 mb","STANDARD","nccsdata","https://nccsdata.s3.us-east-1.amazonaws.com/legacy/bmf/BMF-2004-04-501CX-NONPROFIT-PX.csv"
"raw_legacy","legacy/bmf/","legacy/bmf/BMF-2004-12-501CX-NONPROFIT-PX.csv","2023-10-25T15:57:47.000Z","""0d055f526313c58365d0c60f3071766a""",300285859,"300.29 mb","STANDARD","nccsdata","https://nccsdata.s3.us-east-1.amazonaws.com/legacy/bmf/BMF-2004-12-501CX-NONPROFIT-PX.csv"
"raw_legacy","legacy/bmf/","legacy/bmf/BMF-2005-07-501CX-NONPROFIT-PX.csv","2023-10-25T15:57:53.000Z","""b410f5b0b91d225b8efad235e62432a6""",306744907,"306.74 mb","STANDARD","nccsdata","https://nccsdata.s3.us-east-1.amazonaws.com/legacy/bmf/BMF-2005-07-501CX-NONPROFIT-PX.csv"
"raw_legacy","legacy/bmf/","legacy/bmf/BMF-2005-11-501CX-NONPROFIT-PX.csv","2023-10-25T15:58:02.000Z","""eef0ac0f110370876328e70c43c3300f""",314206372,"314.21 mb","STANDARD","nccsdata","https://nccsdata.s3.us-east-1.amazonaws.com/legacy/bmf/BMF-2005-11-501CX-NONPROFIT-PX.csv"
"raw_legacy","legacy/bmf/","legacy/bmf/BMF-2006-01-501CX-NONPROFIT-PX.csv","2023-10-25T15:58:19.000Z","""de2aa5e9af473f47b6b1554576d4f737""",318448855,"318.45 mb","STANDARD","nccsdata","https://nccsdata.s3.us-east-1.amazonaws.com/legacy/bmf/BMF-2006-01-501CX-NONPROFIT-PX.csv"
"raw_legacy","legacy/bmf/","legacy/bmf/BMF-2006-05-501CX-NONPROFIT-PX.csv","2023-10-25T15:58:23.000Z","""bbf069ae77126b534525d789794b822a""",316751659,"316.75 mb","STANDARD","nccsdata","https://nccsdata.s3.us-east-1.amazonaws.com/legacy/bmf/BMF-2006-05-501CX-NONPROFIT-PX.csv"
"raw_legacy","legacy/bmf/","legacy/bmf/BMF-2006-11-501CX-NONPROFIT-PX.csv","2023-10-25T15:58:44.000Z","""e14f7da5b914cb39c95d6b42fd6028f4""",316315770,"316.32 mb","STANDARD","nccsdata","https://nccsdata.s3.us-east-1.amazonaws.com/legacy/bmf/BMF-2006-11-501CX-NONPROFIT-PX.csv"
"raw_legacy","legacy/bmf/","legacy/bmf/BMF-2007-01-501CX-NONPROFIT-PX.csv","2023-10-25T15:58:51.000Z","""ceb7e784cbd94b6c699dd4174117f946""",310983734,"310.98 mb","STANDARD","nccsdata","https://nccsdata.s3.us-east-1.amazonaws.com/legacy/bmf/BMF-2007-01-501CX-NONPROFIT-PX.csv"
"raw_legacy","legacy/bmf/","legacy/bmf/BMF-2007-04-501CX-NONPROFIT-PX.csv","2023-10-25T15:58:56.000Z","""9215662737cc21fc2b8f643842be63aa""",304630568,"304.63 mb","STANDARD","nccsdata","https://nccsdata.s3.us-east-1.amazonaws.com/legacy/bmf/BMF-2007-04-501CX-NONPROFIT-PX.csv"
"raw_legacy","legacy/bmf/","legacy/bmf/BMF-2007-09-501CX-NONPROFIT-PX.csv","2023-10-25T15:59:09.000Z","""0240fec566166b51f5d3847c1ff39e6e""",297684163,"297.68 mb","STANDARD","nccsdata","https://nccsdata.s3.us-east-1.amazonaws.com/legacy/bmf/BMF-2007-09-501CX-NONPROFIT-PX.csv"
"raw_legacy","legacy/bmf/","legacy/bmf/BMF-2008-01-501CX-NONPROFIT-PX.csv","2023-10-25T15:59:15.000Z","""991623533e47ac173753bbd0bf14b97e""",286059648,"286.06 mb","STANDARD","nccsdata","https://nccsdata.s3.us-east-1.amazonaws.com/legacy/bmf/BMF-2008-01-501CX-NONPROFIT-PX.csv"
"raw_legacy","legacy/bmf/","legacy/bmf/BMF-2008-04-501CX-NONPROFIT-PX.csv","2023-10-25T15:59:27.000Z","""e6b0a8bfb2ef0545d2a32098e603ec2a""",291128181,"291.13 mb","STANDARD","nccsdata","https://nccsdata.s3.us-east-1.amazonaws.com/legacy/bmf/BMF-2008-04-501CX-NONPROFIT-PX.csv"
"raw_legacy","legacy/bmf/","legacy/bmf/BMF-2008-06-501CX-NONPROFIT-PX.csv","2023-10-25T15:59:31.000Z","""f180dde35c636844814e213e50d33c5f""",293301761,"293.30 mb","STANDARD","nccsdata","https://nccsdata.s3.us-east-1.amazonaws.com/legacy/bmf/BMF-2008-06-501CX-NONPROFIT-PX.csv"
"raw_legacy","legacy/bmf/","legacy/bmf/BMF-2008-10-501CX-NONPROFIT-PX.csv","2023-10-25T15:59:37.000Z","""298124d565ce4869e1a1fcad7dd3f20f""",304915680,"304.92 mb","STANDARD","nccsdata","https://nccsdata.s3.us-east-1.amazonaws.com/legacy/bmf/BMF-2008-10-501CX-NONPROFIT-PX.csv"
"raw_legacy","legacy/bmf/","legacy/bmf/BMF-2008-12-501CX-NONPROFIT-PX.csv","2023-10-25T15:59:44.000Z","""7b1033ecb73d9d3be3911e4bf3251cd5""",299119207,"299.12 mb","STANDARD","nccsdata","https://nccsdata.s3.us-east-1.amazonaws.com/legacy/bmf/BMF-2008-12-501CX-NONPROFIT-PX.csv"
"raw_legacy","legacy/bmf/","legacy/bmf/BMF-2009-01-501CX-NONPROFIT-PX.csv","2023-10-25T16:00:01.000Z","""0c555b986a4285dadf16f4dab3d7e7e2""",323329364,"323.33 mb","STANDARD","nccsdata","https://nccsdata.s3.us-east-1.amazonaws.com/legacy/bmf/BMF-2009-01-501CX-NONPROFIT-PX.csv"
"raw_legacy","legacy/bmf/","legacy/bmf/BMF-2009-04-501CX-NONPROFIT-PX.csv","2023-10-25T16:00:12.000Z","""de82e21e42fae24ca0688fc4e20226f1""",303369014,"303.37 mb","STANDARD","nccsdata","https://nccsdata.s3.us-east-1.amazonaws.com/legacy/bmf/BMF-2009-04-501CX-NONPROFIT-PX.csv"
"raw_legacy","legacy/bmf/","legacy/bmf/BMF-2009-07-501CX-NONPROFIT-PX.csv","2023-10-25T16:00:30.000Z","""e6769a88372ea7e0b300a4918d77c4e8""",306731688,"306.73 mb","STANDARD","nccsdata","https://nccsdata.s3.us-east-1.amazonaws.com/legacy/bmf/BMF-2009-07-501CX-NONPROFIT-PX.csv"
"raw_legacy","legacy/bmf/","legacy/bmf/BMF-2009-10-501CX-NONPROFIT-PX.csv","2023-10-25T16:00:39.000Z","""e476e539f3e1545855e587e634cfb484""",382493876,"382.49 mb","STANDARD","nccsdata","https://nccsdata.s3.us-east-1.amazonaws.com/legacy/bmf/BMF-2009-10-501CX-NONPROFIT-PX.csv"
"raw_legacy","legacy/bmf/","legacy/bmf/BMF-2010-01-501CX-NONPROFIT-PX.csv","2023-10-25T16:00:51.000Z","""129b2c4a3199ac7fe85f6bd3ca438101""",380441037,"380.44 mb","STANDARD","nccsdata","https://nccsdata.s3.us-east-1.amazonaws.com/legacy/bmf/BMF-2010-01-501CX-NONPROFIT-PX.csv"
"raw_legacy","legacy/bmf/","legacy/bmf/BMF-2010-04-501CX-NONPROFIT-PX.csv","2023-10-25T16:01:03.000Z","""e15023c60fccd8125ee3f14e8634e578""",410808897,"410.81 mb","STANDARD","nccsdata","https://nccsdata.s3.us-east-1.amazonaws.com/legacy/bmf/BMF-2010-04-501CX-NONPROFIT-PX.csv"
"raw_legacy","legacy/bmf/","legacy/bmf/BMF-2010-05-501CX-NONPROFIT-PX.csv","2023-10-25T16:01:16.000Z","""61fac91a0fd6c8ea1d6e293329a4dec1""",411577185,"411.58 mb","STANDARD","nccsdata","https://nccsdata.s3.us-east-1.amazonaws.com/legacy/bmf/BMF-2010-05-501CX-NONPROFIT-PX.csv"
"raw_legacy","legacy/bmf/","legacy/bmf/BMF-2010-07-501CX-NONPROFIT-PX.csv","2023-10-25T16:01:38.000Z","""f839452e2dd17132923bea28bb6da6fc""",415547100,"415.55 mb","STANDARD","nccsdata","https://nccsdata.s3.us-east-1.amazonaws.com/legacy/bmf/BMF-2010-07-501CX-NONPROFIT-PX.csv"
"raw_legacy","legacy/bmf/","legacy/bmf/BMF-2010-08-501CX-NONPROFIT-PX.csv","2023-10-25T16:02:00.000Z","""d863dec1e5571ef379ea02547094ff28""",382053761,"382.05 mb","STANDARD","nccsdata","https://nccsdata.s3.us-east-1.amazonaws.com/legacy/bmf/BMF-2010-08-501CX-NONPROFIT-PX.csv"
"raw_legacy","legacy/bmf/","legacy/bmf/BMF-2010-11-501CX-NONPROFIT-PX.csv","2023-10-25T16:02:15.000Z","""2096dfb0355368a1b7f86ce50233453f""",374918589,"374.92 mb","STANDARD","nccsdata","https://nccsdata.s3.us-east-1.amazonaws.com/legacy/bmf/BMF-2010-11-501CX-NONPROFIT-PX.csv"
"raw_legacy","legacy/bmf/","legacy/bmf/BMF-2011-06-501CX-NONPROFIT-PX.csv","2023-10-25T16:02:23.000Z","""c30e067de8fb3b4efc16c8b67ab31900""",338518211,"338.52 mb","STANDARD","nccsdata","https://nccsdata.s3.us-east-1.amazonaws.com/legacy/bmf/BMF-2011-06-501CX-NONPROFIT-PX.csv"
"raw_legacy","legacy/bmf/","legacy/bmf/BMF-2011-07-501CX-NONPROFIT-PX.csv","2023-10-25T16:02:35.000Z","""42110bb6edd1e53ba33237bbd67c28b3""",340928939,"340.93 mb","STANDARD","nccsdata","https://nccsdata.s3.us-east-1.amazonaws.com/legacy/bmf/BMF-2011-07-501CX-NONPROFIT-PX.csv"
"raw_legacy","legacy/bmf/","legacy/bmf/BMF-2011-08-501CX-NONPROFIT-PX.csv","2023-10-25T16:02:50.000Z","""fca417bbf5c0955cacdb29f1d39c50a6""",342146229,"342.15 mb","STANDARD","nccsdata","https://nccsdata.s3.us-east-1.amazonaws.com/legacy/bmf/BMF-2011-08-501CX-NONPROFIT-PX.csv"
"raw_legacy","legacy/bmf/","legacy/bmf/BMF-2011-09-501CX-NONPROFIT-PX.csv","2023-10-25T16:02:58.000Z","""61d7109b4ab96d60c94b18b28fe04c76""",340816499,"340.82 mb","STANDARD","nccsdata","https://nccsdata.s3.us-east-1.amazonaws.com/legacy/bmf/BMF-2011-09-501CX-NONPROFIT-PX.csv"
"raw_legacy","legacy/bmf/","legacy/bmf/BMF-2011-10-501CX-NONPROFIT-PX.csv","2023-10-25T16:03:11.000Z","""708f3a4b8024f0e580a5990ad9a93de7""",341397920,"341.40 mb","STANDARD","nccsdata","https://nccsdata.s3.us-east-1.amazonaws.com/legacy/bmf/BMF-2011-10-501CX-NONPROFIT-PX.csv"
"raw_legacy","legacy/bmf/","legacy/bmf/BMF-2011-11-501CX-NONPROFIT-PX.csv","2023-10-25T16:03:24.000Z","""b1e87c9b92743a1850ff77a804b3877a""",342219130,"342.22 mb","STANDARD","nccsdata","https://nccsdata.s3.us-east-1.amazonaws.com/legacy/bmf/BMF-2011-11-501CX-NONPROFIT-PX.csv"
"raw_legacy","legacy/bmf/","legacy/bmf/BMF-2011-12-501CX-NONPROFIT-PX.csv","2023-10-25T16:03:36.000Z","""f84d7fc1f53c126b335ab67c65474776""",342570531,"342.57 mb","STANDARD","nccsdata","https://nccsdata.s3.us-east-1.amazonaws.com/legacy/bmf/BMF-2011-12-501CX-NONPROFIT-PX.csv"
"raw_legacy","legacy/bmf/","legacy/bmf/BMF-2012-02-501CX-NONPROFIT-PX.csv","2023-10-25T16:03:47.000Z","""64399d268f3dcbb444aa49d050920093""",308167547,"308.17 mb","STANDARD","nccsdata","https://nccsdata.s3.us-east-1.amazonaws.com/legacy/bmf/BMF-2012-02-501CX-NONPROFIT-PX.csv"
"raw_legacy","legacy/bmf/","legacy/bmf/BMF-2012-03-501CX-NONPROFIT-PX.csv","2023-10-25T16:04:00.000Z","""f5fb439bd3bf8f6fbdb5fd0b28a83b64""",336091660,"336.09 mb","STANDARD","nccsdata","https://nccsdata.s3.us-east-1.amazonaws.com/legacy/bmf/BMF-2012-03-501CX-NONPROFIT-PX.csv"
"raw_legacy","legacy/bmf/","legacy/bmf/BMF-2012-04-501CX-NONPROFIT-PX.csv","2023-10-25T16:04:08.000Z","""7445f3466d4542279a6ef2bf9584bb6c""",310046546,"310.05 mb","STANDARD","nccsdata","https://nccsdata.s3.us-east-1.amazonaws.com/legacy/bmf/BMF-2012-04-501CX-NONPROFIT-PX.csv"
"raw_legacy","legacy/bmf/","legacy/bmf/BMF-2012-06-501CX-NONPROFIT-PX.csv","2023-10-25T16:04:26.000Z","""0e6a2e1d8e0435887e76dff87305704e""",339236747,"339.24 mb","STANDARD","nccsdata","https://nccsdata.s3.us-east-1.amazonaws.com/legacy/bmf/BMF-2012-06-501CX-NONPROFIT-PX.csv"
"raw_legacy","legacy/bmf/","legacy/bmf/BMF-2012-07-501CX-NONPROFIT-PX.csv","2023-10-25T16:04:32.000Z","""5282c6885daa95821dfbc53c529025c4""",338360638,"338.36 mb","STANDARD","nccsdata","https://nccsdata.s3.us-east-1.amazonaws.com/legacy/bmf/BMF-2012-07-501CX-NONPROFIT-PX.csv"
"raw_legacy","legacy/bmf/","legacy/bmf/BMF-2012-08-501CX-NONPROFIT-PX.csv","2023-10-25T16:04:37.000Z","""51ccba62bc6780e79fe250a748667764""",338726836,"338.73 mb","STANDARD","nccsdata","https://nccsdata.s3.us-east-1.amazonaws.com/legacy/bmf/BMF-2012-08-501CX-NONPROFIT-PX.csv"
"raw_legacy","legacy/bmf/","legacy/bmf/BMF-2012-10-501CX-NONPROFIT-PX.csv","2023-10-25T16:04:47.000Z","""49f126dee387c0fb767438fa80a7b28b""",338692770,"338.69 mb","STANDARD","nccsdata","https://nccsdata.s3.us-east-1.amazonaws.com/legacy/bmf/BMF-2012-10-501CX-NONPROFIT-PX.csv"
"raw_legacy","legacy/bmf/","legacy/bmf/BMF-2012-11-501CX-NONPROFIT-PX.csv","2023-10-25T16:05:02.000Z","""a29d01f8a8eb41c903190bf21ab58605""",338864887,"338.86 mb","STANDARD","nccsdata","https://nccsdata.s3.us-east-1.amazonaws.com/legacy/bmf/BMF-2012-11-501CX-NONPROFIT-PX.csv"
"raw_legacy","legacy/bmf/","legacy/bmf/BMF-2012-12-501CX-NONPROFIT-PX.csv","2023-10-25T16:05:25.000Z","""c84590e2af8203826af7f3e6e4a0391b""",339398754,"339.40 mb","STANDARD","nccsdata","https://nccsdata.s3.us-east-1.amazonaws.com/legacy/bmf/BMF-2012-12-501CX-NONPROFIT-PX.csv"
"raw_legacy","legacy/bmf/","legacy/bmf/BMF-2013-02-501CX-NONPROFIT-PX.csv","2023-10-25T16:05:31.000Z","""3d2f9e569982b2b2731730c636436145""",336973275,"336.97 mb","STANDARD","nccsdata","https://nccsdata.s3.us-east-1.amazonaws.com/legacy/bmf/BMF-2013-02-501CX-NONPROFIT-PX.csv"
"raw_legacy","legacy/bmf/","legacy/bmf/BMF-2013-03-501CX-NONPROFIT-PX.csv","2023-10-25T16:05:47.000Z","""c1cfa6a552f38217a1314c401c0a120c""",332340058,"332.34 mb","STANDARD","nccsdata","https://nccsdata.s3.us-east-1.amazonaws.com/legacy/bmf/BMF-2013-03-501CX-NONPROFIT-PX.csv"
"raw_legacy","legacy/bmf/","legacy/bmf/BMF-2013-04-501CX-NONPROFIT-PX.csv","2023-10-25T16:05:53.000Z","""5a89700283dada2b49f1c5c4f77cd3bb""",333942890,"333.94 mb","STANDARD","nccsdata","https://nccsdata.s3.us-east-1.amazonaws.com/legacy/bmf/BMF-2013-04-501CX-NONPROFIT-PX.csv"
"raw_legacy","legacy/bmf/","legacy/bmf/BMF-2013-05-501CX-NONPROFIT-PX.csv","2023-10-25T16:06:00.000Z","""5f184c64c2e2a02b5035f3b8a01b4240""",334168944,"334.17 mb","STANDARD","nccsdata","https://nccsdata.s3.us-east-1.amazonaws.com/legacy/bmf/BMF-2013-05-501CX-NONPROFIT-PX.csv"
"raw_legacy","legacy/bmf/","legacy/bmf/BMF-2013-06-501CX-NONPROFIT-PX.csv","2023-10-25T16:06:18.000Z","""1c61877182b9775c6e5445c68ed84ffb""",334684144,"334.68 mb","STANDARD","nccsdata","https://nccsdata.s3.us-east-1.amazonaws.com/legacy/bmf/BMF-2013-06-501CX-NONPROFIT-PX.csv"
"raw_legacy","legacy/bmf/","legacy/bmf/BMF-2013-07-501CX-NONPROFIT-PX.csv","2023-10-25T16:06:28.000Z","""33ffb9b9c4e58267579a8a5a8d7930d0""",335312431,"335.31 mb","STANDARD","nccsdata","https://nccsdata.s3.us-east-1.amazonaws.com/legacy/bmf/BMF-2013-07-501CX-NONPROFIT-PX.csv"
"raw_legacy","legacy/bmf/","legacy/bmf/BMF-2013-08-501CX-NONPROFIT-PX.csv","2023-10-25T16:06:40.000Z","""ce6b66e7b8f7f0fdb4389ff9ce05d07b""",330665004,"330.67 mb","STANDARD","nccsdata","https://nccsdata.s3.us-east-1.amazonaws.com/legacy/bmf/BMF-2013-08-501CX-NONPROFIT-PX.csv"
"raw_legacy","legacy/bmf/","legacy/bmf/BMF-2013-09-501CX-NONPROFIT-PX.csv","2023-10-25T16:07:00.000Z","""614e73e16f973faa8e0dd8672f1535be""",331153459,"331.15 mb","STANDARD","nccsdata","https://nccsdata.s3.us-east-1.amazonaws.com/legacy/bmf/BMF-2013-09-501CX-NONPROFIT-PX.csv"
"raw_legacy","legacy/bmf/","legacy/bmf/BMF-2013-10-501CX-NONPROFIT-PX.csv","2023-10-25T16:07:07.000Z","""01d5d8162b4a8406a9b8ea268709a8c8""",339685831,"339.69 mb","STANDARD","nccsdata","https://nccsdata.s3.us-east-1.amazonaws.com/legacy/bmf/BMF-2013-10-501CX-NONPROFIT-PX.csv"
"raw_legacy","legacy/bmf/","legacy/bmf/BMF-2013-12-501CX-NONPROFIT-PX.csv","2023-10-25T16:07:16.000Z","""8067d041aa1c51447060bab8ee2bdf31""",331740719,"331.74 mb","STANDARD","nccsdata","https://nccsdata.s3.us-east-1.amazonaws.com/legacy/bmf/BMF-2013-12-501CX-NONPROFIT-PX.csv"
"raw_legacy","legacy/bmf/","legacy/bmf/BMF-2014-02-501CX-NONPROFIT-PX.csv","2023-10-25T16:07:29.000Z","""a11d73f6618ae4722ffe922ad3fac174""",334483345,"334.48 mb","STANDARD","nccsdata","https://nccsdata.s3.us-east-1.amazonaws.com/legacy/bmf/BMF-2014-02-501CX-NONPROFIT-PX.csv"
"raw_legacy","legacy/bmf/","legacy/bmf/BMF-2014-04-501CX-NONPROFIT-PX.csv","2023-10-25T16:07:37.000Z","""9b5355e5a944e1174407438e5ce342b8""",336267087,"336.27 mb","STANDARD","nccsdata","https://nccsdata.s3.us-east-1.amazonaws.com/legacy/bmf/BMF-2014-04-501CX-NONPROFIT-PX.csv"
"raw_legacy","legacy/bmf/","legacy/bmf/BMF-2014-06-501CX-NONPROFIT-PX.csv","2023-10-25T16:07:43.000Z","""15c01a4b4cd0e3c2e1f3e580d6307153""",337508895,"337.51 mb","STANDARD","nccsdata","https://nccsdata.s3.us-east-1.amazonaws.com/legacy/bmf/BMF-2014-06-501CX-NONPROFIT-PX.csv"
"raw_legacy","legacy/bmf/","legacy/bmf/BMF-2014-09-501CX-NONPROFIT-PX.csv","2023-10-25T16:07:51.000Z","""e7b47a2418eced0d5c1f0e6c1e8578e9""",343249163,"343.25 mb","STANDARD","nccsdata","https://nccsdata.s3.us-east-1.amazonaws.com/legacy/bmf/BMF-2014-09-501CX-NONPROFIT-PX.csv"
"raw_legacy","legacy/bmf/","legacy/bmf/BMF-2014-11-501CX-NONPROFIT-PX.csv","2023-10-25T16:08:04.000Z","""e75ac0c126da92ca8af1c4175c76fb0f""",349471957,"349.47 mb","STANDARD","nccsdata","https://nccsdata.s3.us-east-1.amazonaws.com/legacy/bmf/BMF-2014-11-501CX-NONPROFIT-PX.csv"
"raw_legacy","legacy/bmf/","legacy/bmf/BMF-2014-12-501CX-NONPROFIT-PX.csv","2023-10-25T16:08:19.000Z","""0e318013116cc803f62b70cd96f794dc""",351138090,"351.14 mb","STANDARD","nccsdata","https://nccsdata.s3.us-east-1.amazonaws.com/legacy/bmf/BMF-2014-12-501CX-NONPROFIT-PX.csv"
"raw_legacy","legacy/bmf/","legacy/bmf/BMF-2015-02-501CX-NONPROFIT-PX.csv","2023-10-25T16:08:29.000Z","""5951fed222cbb872fcfd0acdf16779bb""",353513365,"353.51 mb","STANDARD","nccsdata","https://nccsdata.s3.us-east-1.amazonaws.com/legacy/bmf/BMF-2015-02-501CX-NONPROFIT-PX.csv"
"raw_legacy","legacy/bmf/","legacy/bmf/BMF-2015-04-501CX-NONPROFIT-PX.csv","2023-10-25T16:08:35.000Z","""9db6203db2612a7baac62ad64e54c5f2""",356701416,"356.70 mb","STANDARD","nccsdata","https://nccsdata.s3.us-east-1.amazonaws.com/legacy/bmf/BMF-2015-04-501CX-NONPROFIT-PX.csv"
"raw_legacy","legacy/bmf/","legacy/bmf/BMF-2015-05-501CX-NONPROFIT-PX.csv","2023-10-25T16:08:57.000Z","""6f460e34a200cb43b6ed80871173d401""",358488898,"358.49 mb","STANDARD","nccsdata","https://nccsdata.s3.us-east-1.amazonaws.com/legacy/bmf/BMF-2015-05-501CX-NONPROFIT-PX.csv"
"raw_legacy","legacy/bmf/","legacy/bmf/BMF-2015-07-501CX-NONPROFIT-PX.csv","2023-10-25T16:09:04.000Z","""a311923fb70c8134bfd6d9a817327df2""",361129709,"361.13 mb","STANDARD","nccsdata","https://nccsdata.s3.us-east-1.amazonaws.com/legacy/bmf/BMF-2015-07-501CX-NONPROFIT-PX.csv"
"raw_legacy","legacy/bmf/","legacy/bmf/BMF-2015-09-501CX-NONPROFIT-PX.csv","2023-10-25T16:09:11.000Z","""bc5e4c69081120ee1e24655d5c040f98""",359888500,"359.89 mb","STANDARD","nccsdata","https://nccsdata.s3.us-east-1.amazonaws.com/legacy/bmf/BMF-2015-09-501CX-NONPROFIT-PX.csv"
"raw_legacy","legacy/bmf/","legacy/bmf/BMF-2015-11-501CX-NONPROFIT-PX.csv","2023-10-25T16:09:19.000Z","""6efc92183329ee09549624dbdc6c82a6""",363533695,"363.53 mb","STANDARD","nccsdata","https://nccsdata.s3.us-east-1.amazonaws.com/legacy/bmf/BMF-2015-11-501CX-NONPROFIT-PX.csv"
"raw_legacy","legacy/bmf/","legacy/bmf/BMF-2015-12-501CX-NONPROFIT-PX.csv","2023-10-25T16:09:24.000Z","""54ca795750a4cb0a6112215abb146afb""",363691531,"363.69 mb","STANDARD","nccsdata","https://nccsdata.s3.us-east-1.amazonaws.com/legacy/bmf/BMF-2015-12-501CX-NONPROFIT-PX.csv"
"raw_legacy","legacy/bmf/","legacy/bmf/BMF-2016-02-501CX-NONPROFIT-PX.csv","2023-10-25T16:09:46.000Z","""efb33f155fb4dbd86520ce9119ed933f""",366400586,"366.40 mb","STANDARD","nccsdata","https://nccsdata.s3.us-east-1.amazonaws.com/legacy/bmf/BMF-2016-02-501CX-NONPROFIT-PX.csv"
"raw_legacy","legacy/bmf/","legacy/bmf/BMF-2016-03-501CX-NONPROFIT-PX.csv","2023-10-25T16:09:56.000Z","""8e2d9cf481211cff842290b07b67775d""",367702769,"367.70 mb","STANDARD","nccsdata","https://nccsdata.s3.us-east-1.amazonaws.com/legacy/bmf/BMF-2016-03-501CX-NONPROFIT-PX.csv"
"raw_legacy","legacy/bmf/","legacy/bmf/BMF-2016-04-501CX-NONPROFIT-PX.csv","2023-10-25T16:10:08.000Z","""ba32de0d55f0d1510f7fbf062b647126""",368390029,"368.39 mb","STANDARD","nccsdata","https://nccsdata.s3.us-east-1.amazonaws.com/legacy/bmf/BMF-2016-04-501CX-NONPROFIT-PX.csv"
"raw_legacy","legacy/bmf/","legacy/bmf/BMF-2016-08-501CX-NONPROFIT-PX.csv","2023-10-25T16:10:40.000Z","""7d81b86e553286e202a034f7e5b94556""",368346273,"368.35 mb","STANDARD","nccsdata","https://nccsdata.s3.us-east-1.amazonaws.com/legacy/bmf/BMF-2016-08-501CX-NONPROFIT-PX.csv"
"raw_legacy","legacy/bmf/","legacy/bmf/BMF-2017-09-501CX-NONPROFIT-PX.csv","2023-10-25T16:10:52.000Z","""b11421221f5b163257860b20df41549f""",344800370,"344.80 mb","STANDARD","nccsdata","https://nccsdata.s3.us-east-1.amazonaws.com/legacy/bmf/BMF-2017-09-501CX-NONPROFIT-PX.csv"
"raw_legacy","legacy/bmf/","legacy/bmf/BMF-2017-12-501CX-NONPROFIT-PX.csv","2023-10-25T16:10:58.000Z","""dc9ae8663853a408405c2cdc8ab8693d""",339452503,"339.45 mb","STANDARD","nccsdata","https://nccsdata.s3.us-east-1.amazonaws.com/legacy/bmf/BMF-2017-12-501CX-NONPROFIT-PX.csv"
"raw_legacy","legacy/bmf/","legacy/bmf/BMF-2018-12-501CX-NONPROFIT-PX.csv","2023-10-25T16:11:11.000Z","""bb2b13bf87401f53ebf7156ca6b51962""",330515324,"330.52 mb","STANDARD","nccsdata","https://nccsdata.s3.us-east-1.amazonaws.com/legacy/bmf/BMF-2018-12-501CX-NONPROFIT-PX.csv"
"raw_legacy","legacy/bmf/","legacy/bmf/BMF-2019-08-501CX-NONPROFIT-PX.csv","2023-10-25T16:11:26.000Z","""64a87ab7dc5cc2ad80957e43a075d505""",374885211,"374.89 mb","STANDARD","nccsdata","https://nccsdata.s3.us-east-1.amazonaws.com/legacy/bmf/BMF-2019-08-501CX-NONPROFIT-PX.csv"
"raw_legacy","legacy/bmf/","legacy/bmf/BMF-2020-04-501CX-NONPROFIT-PX.csv","2023-10-25T16:11:46.000Z","""a43d8fc8031c1f35fae09e394bb6f95f""",375938052,"375.94 mb","STANDARD","nccsdata","https://nccsdata.s3.us-east-1.amazonaws.com/legacy/bmf/BMF-2020-04-501CX-NONPROFIT-PX.csv"
"raw_legacy","legacy/bmf/","legacy/bmf/BMF-2022-01-501CX-NONPROFIT-PX.csv","2023-10-25T16:11:53.000Z","""30a807fd499991ba846d9733d10dada5""",377114816,"377.11 mb","STANDARD","nccsdata","https://nccsdata.s3.us-east-1.amazonaws.com/legacy/bmf/BMF-2022-01-501CX-NONPROFIT-PX.csv"
"raw_legacy","legacy/bmf/","legacy/bmf/BMF-2022-08-501CX-NONPROFIT-PX.csv","2023-10-25T16:12:13.000Z","""faa5dad3000f0b9ef1d482aa7a089b78""",345836470,"345.84 mb","STANDARD","nccsdata","https://nccsdata.s3.us-east-1.amazonaws.com/legacy/bmf/BMF-2022-08-501CX-NONPROFIT-PX.csv"
"raw_legacy","legacy/bmf/","legacy/bmf/index.html","2023-05-28T12:22:40.000Z","""2ccff3bc71aad06963896e01825436fd""",5287,"5.3 kb","STANDARD","nccsdata","https://nccsdata.s3.us-east-1.amazonaws.com/legacy/bmf/index.html"
