Key,LastModified,ETag,Size,StorageClass,Bucket,SizeMB,URL
public/efile_v2_2/,2026-08-11T15:22:11.000Z,"""d41d8cd98f00b204e9800998ecf8427e""",0,STANDARD,nccs-efile,0 mb,https://nccs-efile.s3.us-east-1.amazonaws.com/public/efile_v2_2/
public/efile_v2_2/COUNT-OF-ROWS-BY-TABLE-AND-FORMTYPE-EFILE_V2_1.CSV,2026-08-11T15:23:38.000Z,"""aa90684175d8fd72c8a51d8ed0a0b2f6""",97400,STANDARD,nccs-efile,0.1 mb,https://nccs-efile.s3.us-east-1.amazonaws.com/public/efile_v2_2/COUNT-OF-ROWS-BY-TABLE-AND-FORMTYPE-EFILE_V2_1.CSV
public/efile_v2_2/F9-P00-T00-HEADER-2009.CSV,2026-08-11T15:23:40.000Z,"""65b51be305688fda0159882ee8b663eb-4""",29410829,STANDARD,nccs-efile,29.4 mb,https://nccs-efile.s3.us-east-1.amazonaws.com/public/efile_v2_2/F9-P00-T00-HEADER-2009.CSV
public/efile_v2_2/F9-P00-T00-HEADER-2010.CSV,2026-08-11T15:23:42.000Z,"""c8e2b5cbe4307ce7c20becd0ba6bd26c-14""",111854475,STANDARD,nccs-efile,111.9 mb,https://nccs-efile.s3.us-east-1.amazonaws.com/public/efile_v2_2/F9-P00-T00-HEADER-2010.CSV
public/efile_v2_2/F9-P00-T00-HEADER-2011.CSV,2026-08-11T15:23:41.000Z,"""1a3d1aa9c91e0cd0564c50e3cabda7e4-18""",144730506,STANDARD,nccs-efile,144.7 mb,https://nccs-efile.s3.us-east-1.amazonaws.com/public/efile_v2_2/F9-P00-T00-HEADER-2011.CSV
public/efile_v2_2/F9-P00-T00-HEADER-2012.CSV,2026-08-11T15:23:39.000Z,"""1a259320f9f1050aecca773ca6fb5873-20""",163710482,STANDARD,nccs-efile,163.7 mb,https://nccs-efile.s3.us-east-1.amazonaws.com/public/efile_v2_2/F9-P00-T00-HEADER-2012.CSV
public/efile_v2_2/F9-P00-T00-HEADER-2013.CSV,2026-08-11T15:23:40.000Z,"""f3273b072335d7d1a52baa3b7b9fdbb3-22""",181305389,STANDARD,nccs-efile,181.3 mb,https://nccs-efile.s3.us-east-1.amazonaws.com/public/efile_v2_2/F9-P00-T00-HEADER-2013.CSV
public/efile_v2_2/F9-P00-T00-HEADER-2014.CSV,2026-08-11T15:23:38.000Z,"""b85f811ecbaec2f7fdc31ff111f73a70-24""",200189839,STANDARD,nccs-efile,200.2 mb,https://nccs-efile.s3.us-east-1.amazonaws.com/public/efile_v2_2/F9-P00-T00-HEADER-2014.CSV
public/efile_v2_2/F9-P00-T00-HEADER-2015.CSV,2026-08-11T15:23:43.000Z,"""5ac51535df483cd227dd1431457f2b31-26""",213040483,STANDARD,nccs-efile,213 mb,https://nccs-efile.s3.us-east-1.amazonaws.com/public/efile_v2_2/F9-P00-T00-HEADER-2015.CSV
public/efile_v2_2/F9-P00-T00-HEADER-2016.CSV,2026-08-11T15:23:44.000Z,"""3213bfae83c55b02418b0151f2c66b8a-30""",247632597,STANDARD,nccs-efile,247.6 mb,https://nccs-efile.s3.us-east-1.amazonaws.com/public/efile_v2_2/F9-P00-T00-HEADER-2016.CSV
public/efile_v2_2/F9-P00-T00-HEADER-2017.CSV,2026-08-11T15:23:45.000Z,"""008b303bdc91e7ec2bc862f4ad447403-32""",267300208,STANDARD,nccs-efile,267.3 mb,https://nccs-efile.s3.us-east-1.amazonaws.com/public/efile_v2_2/F9-P00-T00-HEADER-2017.CSV
public/efile_v2_2/F9-P00-T00-HEADER-2018.CSV,2026-08-11T15:23:47.000Z,"""b3fefe2a558086e555eadab8afbf8313-34""",280732868,STANDARD,nccs-efile,280.7 mb,https://nccs-efile.s3.us-east-1.amazonaws.com/public/efile_v2_2/F9-P00-T00-HEADER-2018.CSV
public/efile_v2_2/F9-P00-T00-HEADER-2019.CSV,2026-08-11T15:23:48.000Z,"""2b1447d6c9ba8e32455476c7ff12ed42-35""",286050375,STANDARD,nccs-efile,286.1 mb,https://nccs-efile.s3.us-east-1.amazonaws.com/public/efile_v2_2/F9-P00-T00-HEADER-2019.CSV
public/efile_v2_2/F9-P00-T00-HEADER-2020.CSV,2026-08-11T15:23:50.000Z,"""8ffc05bf184781914ee148e1e4a16005-41""",338949919,STANDARD,nccs-efile,338.9 mb,https://nccs-efile.s3.us-east-1.amazonaws.com/public/efile_v2_2/F9-P00-T00-HEADER-2020.CSV
public/efile_v2_2/F9-P00-T00-HEADER-2021.CSV,2026-08-11T15:23:52.000Z,"""80548719538cfa45db879d8f0612f0ed-41""",341781930,STANDARD,nccs-efile,341.8 mb,https://nccs-efile.s3.us-east-1.amazonaws.com/public/efile_v2_2/F9-P00-T00-HEADER-2021.CSV
public/efile_v2_2/F9-P00-T00-HEADER-2022.CSV,2026-08-11T17:04:06.000Z,"""c8b8198c3be77bf984cc25685f5fb39a-43""",354432088,STANDARD,nccs-efile,354.4 mb,https://nccs-efile.s3.us-east-1.amazonaws.com/public/efile_v2_2/F9-P00-T00-HEADER-2022.CSV
public/efile_v2_2/F9-P00-T00-HEADER-2023.CSV,2026-08-11T17:04:10.000Z,"""61f3e1892ca936900c829c28a0ee0790-43""",357057848,STANDARD,nccs-efile,357.1 mb,https://nccs-efile.s3.us-east-1.amazonaws.com/public/efile_v2_2/F9-P00-T00-HEADER-2023.CSV
public/efile_v2_2/F9-P00-T00-HEADER-2024.CSV,2026-08-11T17:04:14.000Z,"""a513578d73235af637748a2bf467a5af-34""",277746772,STANDARD,nccs-efile,277.7 mb,https://nccs-efile.s3.us-east-1.amazonaws.com/public/efile_v2_2/F9-P00-T00-HEADER-2024.CSV
public/efile_v2_2/F9-P01-T00-SUMMARY-2009.CSV,2026-08-11T15:23:58.000Z,"""146dfef77dd07217c73dfcc28e75ab39-4""",27804838,STANDARD,nccs-efile,27.8 mb,https://nccs-efile.s3.us-east-1.amazonaws.com/public/efile_v2_2/F9-P01-T00-SUMMARY-2009.CSV
public/efile_v2_2/F9-P01-T00-SUMMARY-2010.CSV,2026-08-11T15:23:58.000Z,"""99e81f5c0eaaa210716c602904e54cb0-13""",102660862,STANDARD,nccs-efile,102.7 mb,https://nccs-efile.s3.us-east-1.amazonaws.com/public/efile_v2_2/F9-P01-T00-SUMMARY-2010.CSV
public/efile_v2_2/F9-P01-T00-SUMMARY-2011.CSV,2026-08-11T15:23:59.000Z,"""c48da87c9ef204d818728d1c1424a5a6-16""",132409657,STANDARD,nccs-efile,132.4 mb,https://nccs-efile.s3.us-east-1.amazonaws.com/public/efile_v2_2/F9-P01-T00-SUMMARY-2011.CSV
public/efile_v2_2/F9-P01-T00-SUMMARY-2012.CSV,2026-08-11T15:23:59.000Z,"""e3dd7b269717293e6fa9cd5c729b2324-18""",149934242,STANDARD,nccs-efile,149.9 mb,https://nccs-efile.s3.us-east-1.amazonaws.com/public/efile_v2_2/F9-P01-T00-SUMMARY-2012.CSV
public/efile_v2_2/F9-P01-T00-SUMMARY-2013.CSV,2026-08-11T15:24:00.000Z,"""781758a5a99a7f9415af8bbde353da2e-20""",166179959,STANDARD,nccs-efile,166.2 mb,https://nccs-efile.s3.us-east-1.amazonaws.com/public/efile_v2_2/F9-P01-T00-SUMMARY-2013.CSV
public/efile_v2_2/F9-P01-T00-SUMMARY-2014.CSV,2026-08-11T15:24:01.000Z,"""ff5863ca2a7d8e5a4dcdcb57d329fa57-22""",183506422,STANDARD,nccs-efile,183.5 mb,https://nccs-efile.s3.us-east-1.amazonaws.com/public/efile_v2_2/F9-P01-T00-SUMMARY-2014.CSV
public/efile_v2_2/F9-P01-T00-SUMMARY-2015.CSV,2026-08-11T15:24:02.000Z,"""86d0cbb51c01dad2eafc6976110afebd-24""",196066101,STANDARD,nccs-efile,196.1 mb,https://nccs-efile.s3.us-east-1.amazonaws.com/public/efile_v2_2/F9-P01-T00-SUMMARY-2015.CSV
public/efile_v2_2/F9-P01-T00-SUMMARY-2016.CSV,2026-08-11T15:24:03.000Z,"""96fac8366762c078041d8db63c538c7d-25""",204919411,STANDARD,nccs-efile,204.9 mb,https://nccs-efile.s3.us-east-1.amazonaws.com/public/efile_v2_2/F9-P01-T00-SUMMARY-2016.CSV
public/efile_v2_2/F9-P01-T00-SUMMARY-2017.CSV,2026-08-11T15:24:05.000Z,"""505a2c7281e96fab19ead73e54a63db7-27""",219547154,STANDARD,nccs-efile,219.5 mb,https://nccs-efile.s3.us-east-1.amazonaws.com/public/efile_v2_2/F9-P01-T00-SUMMARY-2017.CSV
public/efile_v2_2/F9-P01-T00-SUMMARY-2018.CSV,2026-08-11T15:24:06.000Z,"""ae98ea7539aa1ab99d95e430590fe953-28""",229552252,STANDARD,nccs-efile,229.6 mb,https://nccs-efile.s3.us-east-1.amazonaws.com/public/efile_v2_2/F9-P01-T00-SUMMARY-2018.CSV
public/efile_v2_2/F9-P01-T00-SUMMARY-2019.CSV,2026-08-11T15:24:07.000Z,"""6a4fbba4773a320e0403feae14f158a3-29""",239248439,STANDARD,nccs-efile,239.2 mb,https://nccs-efile.s3.us-east-1.amazonaws.com/public/efile_v2_2/F9-P01-T00-SUMMARY-2019.CSV
public/efile_v2_2/F9-P01-T00-SUMMARY-2020.CSV,2026-08-11T15:24:09.000Z,"""beab183bf5a0587987db06930e07bfc1-34""",283473349,STANDARD,nccs-efile,283.5 mb,https://nccs-efile.s3.us-east-1.amazonaws.com/public/efile_v2_2/F9-P01-T00-SUMMARY-2020.CSV
public/efile_v2_2/F9-P01-T00-SUMMARY-2021.CSV,2026-08-11T15:24:10.000Z,"""5ebb24dda978de45c101bbaf4660fe69-35""",291239560,STANDARD,nccs-efile,291.2 mb,https://nccs-efile.s3.us-east-1.amazonaws.com/public/efile_v2_2/F9-P01-T00-SUMMARY-2021.CSV
public/efile_v2_2/F9-P01-T00-SUMMARY-2022.CSV,2026-08-11T17:04:17.000Z,"""fa1b16d9bb286664010a0178603f9b80-36""",300990637,STANDARD,nccs-efile,301 mb,https://nccs-efile.s3.us-east-1.amazonaws.com/public/efile_v2_2/F9-P01-T00-SUMMARY-2022.CSV
public/efile_v2_2/F9-P01-T00-SUMMARY-2023.CSV,2026-08-11T17:04:20.000Z,"""8811e65e23b0032f057112b0b7daffbe-37""",305312658,STANDARD,nccs-efile,305.3 mb,https://nccs-efile.s3.us-east-1.amazonaws.com/public/efile_v2_2/F9-P01-T00-SUMMARY-2023.CSV
public/efile_v2_2/F9-P01-T00-SUMMARY-2024.CSV,2026-08-11T17:04:23.000Z,"""0c9e9b162a36c5d045c3a04c9281bb4f-30""",245764480,STANDARD,nccs-efile,245.8 mb,https://nccs-efile.s3.us-east-1.amazonaws.com/public/efile_v2_2/F9-P01-T00-SUMMARY-2024.CSV
public/efile_v2_2/F9-P01-T00-SUMMARY-EZ-2009.CSV,2026-08-11T15:24:07.000Z,"""9f9da0c3b89568f2285827baa350d6c9""",3074262,STANDARD,nccs-efile,3.1 mb,https://nccs-efile.s3.us-east-1.amazonaws.com/public/efile_v2_2/F9-P01-T00-SUMMARY-EZ-2009.CSV
public/efile_v2_2/F9-P01-T00-SUMMARY-EZ-2010.CSV,2026-08-11T15:24:16.000Z,"""0505c1fa53c3bcda368c6722260db311-3""",17007921,STANDARD,nccs-efile,17 mb,https://nccs-efile.s3.us-east-1.amazonaws.com/public/efile_v2_2/F9-P01-T00-SUMMARY-EZ-2010.CSV
public/efile_v2_2/F9-P01-T00-SUMMARY-EZ-2011.CSV,2026-08-11T15:24:16.000Z,"""686243fb9ab94e62f513bdbfbcc6db5f-3""",22056662,STANDARD,nccs-efile,22.1 mb,https://nccs-efile.s3.us-east-1.amazonaws.com/public/efile_v2_2/F9-P01-T00-SUMMARY-EZ-2011.CSV
public/efile_v2_2/F9-P01-T00-SUMMARY-EZ-2012.CSV,2026-08-11T15:24:16.000Z,"""523f240a5a013c44856b4000735f3a6d-4""",25230666,STANDARD,nccs-efile,25.2 mb,https://nccs-efile.s3.us-east-1.amazonaws.com/public/efile_v2_2/F9-P01-T00-SUMMARY-EZ-2012.CSV
public/efile_v2_2/F9-P01-T00-SUMMARY-EZ-2013.CSV,2026-08-11T15:24:16.000Z,"""b69a49702948365898ee7ac0abdf95cb-4""",28042619,STANDARD,nccs-efile,28 mb,https://nccs-efile.s3.us-east-1.amazonaws.com/public/efile_v2_2/F9-P01-T00-SUMMARY-EZ-2013.CSV
public/efile_v2_2/F9-P01-T00-SUMMARY-EZ-2014.CSV,2026-08-11T15:24:16.000Z,"""516e978f035a79ba28c663315b395d6b-4""",31187878,STANDARD,nccs-efile,31.2 mb,https://nccs-efile.s3.us-east-1.amazonaws.com/public/efile_v2_2/F9-P01-T00-SUMMARY-EZ-2014.CSV
public/efile_v2_2/F9-P01-T00-SUMMARY-EZ-2015.CSV,2026-08-11T15:24:17.000Z,"""babaccae44f2a0f6017e3956964028b9-4""",33346034,STANDARD,nccs-efile,33.3 mb,https://nccs-efile.s3.us-east-1.amazonaws.com/public/efile_v2_2/F9-P01-T00-SUMMARY-EZ-2015.CSV
public/efile_v2_2/F9-P01-T00-SUMMARY-EZ-2016.CSV,2026-08-11T15:24:17.000Z,"""e5c90e9df872b8b1fd30ae6460173da6-5""",34717586,STANDARD,nccs-efile,34.7 mb,https://nccs-efile.s3.us-east-1.amazonaws.com/public/efile_v2_2/F9-P01-T00-SUMMARY-EZ-2016.CSV
public/efile_v2_2/F9-P01-T00-SUMMARY-EZ-2017.CSV,2026-08-11T15:24:17.000Z,"""7a00a618e2e4f8686e0f38269cdd07d8-5""",36871345,STANDARD,nccs-efile,36.9 mb,https://nccs-efile.s3.us-east-1.amazonaws.com/public/efile_v2_2/F9-P01-T00-SUMMARY-EZ-2017.CSV
public/efile_v2_2/F9-P01-T00-SUMMARY-EZ-2018.CSV,2026-08-11T15:24:17.000Z,"""b0c352b8fff0b78806c5eb53b71f0cd7-5""",39382793,STANDARD,nccs-efile,39.4 mb,https://nccs-efile.s3.us-east-1.amazonaws.com/public/efile_v2_2/F9-P01-T00-SUMMARY-EZ-2018.CSV
public/efile_v2_2/F9-P01-T00-SUMMARY-EZ-2019.CSV,2026-08-11T15:24:18.000Z,"""4c692cce506d1f531788fc225105ee0d-5""",40149258,STANDARD,nccs-efile,40.1 mb,https://nccs-efile.s3.us-east-1.amazonaws.com/public/efile_v2_2/F9-P01-T00-SUMMARY-EZ-2019.CSV
public/efile_v2_2/F9-P01-T00-SUMMARY-EZ-2020.CSV,2026-08-11T15:24:18.000Z,"""17f0b682303f1db041177e6d83c9f361-6""",44899085,STANDARD,nccs-efile,44.9 mb,https://nccs-efile.s3.us-east-1.amazonaws.com/public/efile_v2_2/F9-P01-T00-SUMMARY-EZ-2020.CSV
public/efile_v2_2/F9-P01-T00-SUMMARY-EZ-2021.CSV,2026-08-11T15:24:18.000Z,"""aa335683fbb276aad2ca4a713bf82004-7""",52605723,STANDARD,nccs-efile,52.6 mb,https://nccs-efile.s3.us-east-1.amazonaws.com/public/efile_v2_2/F9-P01-T00-SUMMARY-EZ-2021.CSV
public/efile_v2_2/F9-P01-T00-SUMMARY-EZ-2022.CSV,2026-08-11T17:04:25.000Z,"""429f2f4a85424598cefd328a26b68d2b-7""",53386427,STANDARD,nccs-efile,53.4 mb,https://nccs-efile.s3.us-east-1.amazonaws.com/public/efile_v2_2/F9-P01-T00-SUMMARY-EZ-2022.CSV
public/efile_v2_2/F9-P01-T00-SUMMARY-EZ-2023.CSV,2026-08-11T17:04:26.000Z,"""d58038ee5fb5783aec70a8758bafbbe4-7""",53375941,STANDARD,nccs-efile,53.4 mb,https://nccs-efile.s3.us-east-1.amazonaws.com/public/efile_v2_2/F9-P01-T00-SUMMARY-EZ-2023.CSV
public/efile_v2_2/F9-P01-T00-SUMMARY-EZ-2024.CSV,2026-08-11T17:04:27.000Z,"""10ec4e3d0f97116cbd93cf509e195aca-6""",46208269,STANDARD,nccs-efile,46.2 mb,https://nccs-efile.s3.us-east-1.amazonaws.com/public/efile_v2_2/F9-P01-T00-SUMMARY-EZ-2024.CSV
public/efile_v2_2/F9-P02-T00-SIGNATURE-2009.CSV,2026-08-11T15:24:19.000Z,"""3c960ddf30a3461c19555fa2abdd4d3b-3""",20579014,STANDARD,nccs-efile,20.6 mb,https://nccs-efile.s3.us-east-1.amazonaws.com/public/efile_v2_2/F9-P02-T00-SIGNATURE-2009.CSV
public/efile_v2_2/F9-P02-T00-SIGNATURE-2010.CSV,2026-08-11T15:24:20.000Z,"""8d417804960ec08b7c96133249eb875b-10""",80465235,STANDARD,nccs-efile,80.5 mb,https://nccs-efile.s3.us-east-1.amazonaws.com/public/efile_v2_2/F9-P02-T00-SIGNATURE-2010.CSV
public/efile_v2_2/F9-P02-T00-SIGNATURE-2011.CSV,2026-08-11T15:24:20.000Z,"""9d8bc9a2104f4fff422869c6a49c46b7-13""",105851231,STANDARD,nccs-efile,105.9 mb,https://nccs-efile.s3.us-east-1.amazonaws.com/public/efile_v2_2/F9-P02-T00-SIGNATURE-2011.CSV
public/efile_v2_2/F9-P02-T00-SIGNATURE-2012.CSV,2026-08-11T15:24:21.000Z,"""dc68598fbca828dbc1c2f56085435ce0-15""",120592604,STANDARD,nccs-efile,120.6 mb,https://nccs-efile.s3.us-east-1.amazonaws.com/public/efile_v2_2/F9-P02-T00-SIGNATURE-2012.CSV
public/efile_v2_2/F9-P02-T00-SIGNATURE-2013.CSV,2026-08-11T15:24:22.000Z,"""e219025a150fdab739e8c20ecde2d5da-17""",135454583,STANDARD,nccs-efile,135.5 mb,https://nccs-efile.s3.us-east-1.amazonaws.com/public/efile_v2_2/F9-P02-T00-SIGNATURE-2013.CSV
public/efile_v2_2/F9-P02-T00-SIGNATURE-2014.CSV,2026-08-11T15:24:22.000Z,"""cb37d3593a3e9916813997bb187ee7dc-18""",149894860,STANDARD,nccs-efile,149.9 mb,https://nccs-efile.s3.us-east-1.amazonaws.com/public/efile_v2_2/F9-P02-T00-SIGNATURE-2014.CSV
public/efile_v2_2/F9-P02-T00-SIGNATURE-2015.CSV,2026-08-11T15:24:23.000Z,"""5196557dfbc99784cd5237533f4d4da0-20""",160383523,STANDARD,nccs-efile,160.4 mb,https://nccs-efile.s3.us-east-1.amazonaws.com/public/efile_v2_2/F9-P02-T00-SIGNATURE-2015.CSV
public/efile_v2_2/F9-P02-T00-SIGNATURE-2016.CSV,2026-08-11T15:24:24.000Z,"""3cac1e72dfa42dd942db072ac024784e-20""",167599101,STANDARD,nccs-efile,167.6 mb,https://nccs-efile.s3.us-east-1.amazonaws.com/public/efile_v2_2/F9-P02-T00-SIGNATURE-2016.CSV
public/efile_v2_2/F9-P02-T00-SIGNATURE-2017.CSV,2026-08-11T15:24:25.000Z,"""2170f493765c047b23eef2659b2b400d-22""",180139460,STANDARD,nccs-efile,180.1 mb,https://nccs-efile.s3.us-east-1.amazonaws.com/public/efile_v2_2/F9-P02-T00-SIGNATURE-2017.CSV
public/efile_v2_2/F9-P02-T00-SIGNATURE-2018.CSV,2026-08-11T15:24:26.000Z,"""a8082874a243ac17c6169fc5d8568c86-23""",189015875,STANDARD,nccs-efile,189 mb,https://nccs-efile.s3.us-east-1.amazonaws.com/public/efile_v2_2/F9-P02-T00-SIGNATURE-2018.CSV
public/efile_v2_2/F9-P02-T00-SIGNATURE-2019.CSV,2026-08-11T15:24:27.000Z,"""602caff27a5b0f861676ac57edf9f101-24""",195911474,STANDARD,nccs-efile,195.9 mb,https://nccs-efile.s3.us-east-1.amazonaws.com/public/efile_v2_2/F9-P02-T00-SIGNATURE-2019.CSV
public/efile_v2_2/F9-P02-T00-SIGNATURE-2020.CSV,2026-08-11T15:24:28.000Z,"""14e42bb84b5225fddf06d33a04e13ca7-29""",241660707,STANDARD,nccs-efile,241.7 mb,https://nccs-efile.s3.us-east-1.amazonaws.com/public/efile_v2_2/F9-P02-T00-SIGNATURE-2020.CSV
public/efile_v2_2/F9-P02-T00-SIGNATURE-2021.CSV,2026-08-11T15:24:30.000Z,"""fbfb7f74f899ad89207d9d968a7d68b7-30""",251044005,STANDARD,nccs-efile,251 mb,https://nccs-efile.s3.us-east-1.amazonaws.com/public/efile_v2_2/F9-P02-T00-SIGNATURE-2021.CSV
public/efile_v2_2/F9-P02-T00-SIGNATURE-2022.CSV,2026-08-11T17:04:27.000Z,"""cb6d6017a9f33f1b678f93bde407ae53-31""",257830839,STANDARD,nccs-efile,257.8 mb,https://nccs-efile.s3.us-east-1.amazonaws.com/public/efile_v2_2/F9-P02-T00-SIGNATURE-2022.CSV
public/efile_v2_2/F9-P02-T00-SIGNATURE-2023.CSV,2026-08-11T17:04:30.000Z,"""55fa1c3501f25f4484ae494ac1481207-31""",255418541,STANDARD,nccs-efile,255.4 mb,https://nccs-efile.s3.us-east-1.amazonaws.com/public/efile_v2_2/F9-P02-T00-SIGNATURE-2023.CSV
public/efile_v2_2/F9-P02-T00-SIGNATURE-2024.CSV,2026-08-11T17:04:33.000Z,"""30c6cc99b2a74a25fcedb7ddd90ec541-24""",200812373,STANDARD,nccs-efile,200.8 mb,https://nccs-efile.s3.us-east-1.amazonaws.com/public/efile_v2_2/F9-P02-T00-SIGNATURE-2024.CSV
public/efile_v2_2/F9-P03-T00-MISSION-2009.CSV,2026-08-11T15:24:34.000Z,"""2ae7895fa50450288a96878ae4ec422e-3""",22407690,STANDARD,nccs-efile,22.4 mb,https://nccs-efile.s3.us-east-1.amazonaws.com/public/efile_v2_2/F9-P03-T00-MISSION-2009.CSV
public/efile_v2_2/F9-P03-T00-MISSION-2010.CSV,2026-08-11T15:24:34.000Z,"""b73bc46761c4ad631de0caf8092eaa83-10""",81441926,STANDARD,nccs-efile,81.4 mb,https://nccs-efile.s3.us-east-1.amazonaws.com/public/efile_v2_2/F9-P03-T00-MISSION-2010.CSV
public/efile_v2_2/F9-P03-T00-MISSION-2011.CSV,2026-08-11T15:24:35.000Z,"""021408fdc9e7250a1e2cc03021e9b3e0-13""",105662920,STANDARD,nccs-efile,105.7 mb,https://nccs-efile.s3.us-east-1.amazonaws.com/public/efile_v2_2/F9-P03-T00-MISSION-2011.CSV
public/efile_v2_2/F9-P03-T00-MISSION-2012.CSV,2026-08-11T15:24:35.000Z,"""bb1764348d843cba9f56fb5b41906711-15""",119863500,STANDARD,nccs-efile,119.9 mb,https://nccs-efile.s3.us-east-1.amazonaws.com/public/efile_v2_2/F9-P03-T00-MISSION-2012.CSV
public/efile_v2_2/F9-P03-T00-MISSION-2013.CSV,2026-08-11T15:24:36.000Z,"""e480d31cb74c90edf16301c760cbfe27-16""",133457428,STANDARD,nccs-efile,133.5 mb,https://nccs-efile.s3.us-east-1.amazonaws.com/public/efile_v2_2/F9-P03-T00-MISSION-2013.CSV
public/efile_v2_2/F9-P03-T00-MISSION-2014.CSV,2026-08-11T15:24:37.000Z,"""c8a24ad810f36b85aebd7f7a11110974-18""",147931563,STANDARD,nccs-efile,147.9 mb,https://nccs-efile.s3.us-east-1.amazonaws.com/public/efile_v2_2/F9-P03-T00-MISSION-2014.CSV
public/efile_v2_2/F9-P03-T00-MISSION-2015.CSV,2026-08-11T15:24:38.000Z,"""cf3494e5bb4c53a74e0b82f07d112d2a-19""",158585855,STANDARD,nccs-efile,158.6 mb,https://nccs-efile.s3.us-east-1.amazonaws.com/public/efile_v2_2/F9-P03-T00-MISSION-2015.CSV
public/efile_v2_2/F9-P03-T00-MISSION-2016.CSV,2026-08-11T15:24:39.000Z,"""84df6154bead5083cada392cc7366410-20""",165917064,STANDARD,nccs-efile,165.9 mb,https://nccs-efile.s3.us-east-1.amazonaws.com/public/efile_v2_2/F9-P03-T00-MISSION-2016.CSV
public/efile_v2_2/F9-P03-T00-MISSION-2017.CSV,2026-08-11T15:24:40.000Z,"""d89c93c0bb4bd40cb95da299deee8fc3-22""",178095762,STANDARD,nccs-efile,178.1 mb,https://nccs-efile.s3.us-east-1.amazonaws.com/public/efile_v2_2/F9-P03-T00-MISSION-2017.CSV
public/efile_v2_2/F9-P03-T00-MISSION-2018.CSV,2026-08-11T15:24:41.000Z,"""9531db85b5e3ce2c0c16814d44c3d4a1-23""",188309226,STANDARD,nccs-efile,188.3 mb,https://nccs-efile.s3.us-east-1.amazonaws.com/public/efile_v2_2/F9-P03-T00-MISSION-2018.CSV
public/efile_v2_2/F9-P03-T00-MISSION-2019.CSV,2026-08-11T15:24:42.000Z,"""29a22670731f54830286ac18e3746a03-24""",196211539,STANDARD,nccs-efile,196.2 mb,https://nccs-efile.s3.us-east-1.amazonaws.com/public/efile_v2_2/F9-P03-T00-MISSION-2019.CSV
public/efile_v2_2/F9-P03-T00-MISSION-2020.CSV,2026-08-11T15:24:43.000Z,"""7b3e5915fc1038ef439429eedf557ddd-28""",231510163,STANDARD,nccs-efile,231.5 mb,https://nccs-efile.s3.us-east-1.amazonaws.com/public/efile_v2_2/F9-P03-T00-MISSION-2020.CSV
public/efile_v2_2/F9-P03-T00-MISSION-2021.CSV,2026-08-11T15:24:44.000Z,"""9c1b2af572b6b45bdda00a81b685359a-29""",240112618,STANDARD,nccs-efile,240.1 mb,https://nccs-efile.s3.us-east-1.amazonaws.com/public/efile_v2_2/F9-P03-T00-MISSION-2021.CSV
public/efile_v2_2/F9-P03-T00-MISSION-2022.CSV,2026-08-11T17:04:35.000Z,"""dceb0d60580829902c433b3eaa84539d-30""",248151507,STANDARD,nccs-efile,248.2 mb,https://nccs-efile.s3.us-east-1.amazonaws.com/public/efile_v2_2/F9-P03-T00-MISSION-2022.CSV
public/efile_v2_2/F9-P03-T00-MISSION-2023.CSV,2026-08-11T17:04:38.000Z,"""26e54a0de1ba4c44ba48cdc40663a62e-31""",252011816,STANDARD,nccs-efile,252 mb,https://nccs-efile.s3.us-east-1.amazonaws.com/public/efile_v2_2/F9-P03-T00-MISSION-2023.CSV
public/efile_v2_2/F9-P03-T00-MISSION-2024.CSV,2026-08-11T17:04:40.000Z,"""e56f9f88393a8f124891a9974e0f6767-25""",204619885,STANDARD,nccs-efile,204.6 mb,https://nccs-efile.s3.us-east-1.amazonaws.com/public/efile_v2_2/F9-P03-T00-MISSION-2024.CSV
public/efile_v2_2/F9-P03-T00-PROGRAM-ONE-2009.CSV,2026-08-11T15:24:48.000Z,"""2f6a0c6385ba0545f782a8da2fbd1ec1-3""",23344689,STANDARD,nccs-efile,23.3 mb,https://nccs-efile.s3.us-east-1.amazonaws.com/public/efile_v2_2/F9-P03-T00-PROGRAM-ONE-2009.CSV
public/efile_v2_2/F9-P03-T00-PROGRAM-ONE-2010.CSV,2026-08-11T15:24:49.000Z,"""6399bda1ae4ab2465e5523ce670b0e3b-9""",74772139,STANDARD,nccs-efile,74.8 mb,https://nccs-efile.s3.us-east-1.amazonaws.com/public/efile_v2_2/F9-P03-T00-PROGRAM-ONE-2010.CSV
public/efile_v2_2/F9-P03-T00-PROGRAM-ONE-2011.CSV,2026-08-11T15:24:49.000Z,"""53db5ffc264f7243e94f5568a0e0bbff-12""",96337356,STANDARD,nccs-efile,96.3 mb,https://nccs-efile.s3.us-east-1.amazonaws.com/public/efile_v2_2/F9-P03-T00-PROGRAM-ONE-2011.CSV
public/efile_v2_2/F9-P03-T00-PROGRAM-ONE-2012.CSV,2026-08-11T15:24:50.000Z,"""7c8ad872d3508d0e5729541cc180567d-14""",109495899,STANDARD,nccs-efile,109.5 mb,https://nccs-efile.s3.us-east-1.amazonaws.com/public/efile_v2_2/F9-P03-T00-PROGRAM-ONE-2012.CSV
public/efile_v2_2/F9-P03-T00-PROGRAM-ONE-2013.CSV,2026-08-11T15:24:50.000Z,"""fd75518a1b0e56e8d5c5352ae733e8ce-15""",121800791,STANDARD,nccs-efile,121.8 mb,https://nccs-efile.s3.us-east-1.amazonaws.com/public/efile_v2_2/F9-P03-T00-PROGRAM-ONE-2013.CSV
public/efile_v2_2/F9-P03-T00-PROGRAM-ONE-2014.CSV,2026-08-11T15:24:51.000Z,"""09541b90a0fafae13b1080501b0c1a2b-17""",134764745,STANDARD,nccs-efile,134.8 mb,https://nccs-efile.s3.us-east-1.amazonaws.com/public/efile_v2_2/F9-P03-T00-PROGRAM-ONE-2014.CSV
public/efile_v2_2/F9-P03-T00-PROGRAM-ONE-2015.CSV,2026-08-11T15:24:52.000Z,"""ba5606828ed38216dd0e074662b56656-18""",145016413,STANDARD,nccs-efile,145 mb,https://nccs-efile.s3.us-east-1.amazonaws.com/public/efile_v2_2/F9-P03-T00-PROGRAM-ONE-2015.CSV
public/efile_v2_2/F9-P03-T00-PROGRAM-ONE-2016.CSV,2026-08-11T15:24:53.000Z,"""1fde36018d6c9ec324af0bf664e89626-19""",152382596,STANDARD,nccs-efile,152.4 mb,https://nccs-efile.s3.us-east-1.amazonaws.com/public/efile_v2_2/F9-P03-T00-PROGRAM-ONE-2016.CSV
public/efile_v2_2/F9-P03-T00-PROGRAM-ONE-2017.CSV,2026-08-11T15:24:54.000Z,"""53833e9647f7c461848867aa86725b02-20""",164132152,STANDARD,nccs-efile,164.1 mb,https://nccs-efile.s3.us-east-1.amazonaws.com/public/efile_v2_2/F9-P03-T00-PROGRAM-ONE-2017.CSV
public/efile_v2_2/F9-P03-T00-PROGRAM-ONE-2018.CSV,2026-08-11T15:24:55.000Z,"""aa91c6624b1e377f6df5364a9144fca5-21""",170093422,STANDARD,nccs-efile,170.1 mb,https://nccs-efile.s3.us-east-1.amazonaws.com/public/efile_v2_2/F9-P03-T00-PROGRAM-ONE-2018.CSV
public/efile_v2_2/F9-P03-T00-PROGRAM-ONE-2019.CSV,2026-08-11T15:24:56.000Z,"""b19cff47cf829705d89c03c9a49479e3-22""",179682909,STANDARD,nccs-efile,179.7 mb,https://nccs-efile.s3.us-east-1.amazonaws.com/public/efile_v2_2/F9-P03-T00-PROGRAM-ONE-2019.CSV
public/efile_v2_2/F9-P03-T00-PROGRAM-ONE-2020.CSV,2026-08-11T15:24:57.000Z,"""37e02e5343d75f10472da6eeeb11d84e-26""",216496091,STANDARD,nccs-efile,216.5 mb,https://nccs-efile.s3.us-east-1.amazonaws.com/public/efile_v2_2/F9-P03-T00-PROGRAM-ONE-2020.CSV
public/efile_v2_2/F9-P03-T00-PROGRAM-ONE-2021.CSV,2026-08-11T15:24:58.000Z,"""850fe72d25f6f8e3858dff8aa14e0bde-26""",209757534,STANDARD,nccs-efile,209.8 mb,https://nccs-efile.s3.us-east-1.amazonaws.com/public/efile_v2_2/F9-P03-T00-PROGRAM-ONE-2021.CSV
public/efile_v2_2/F9-P03-T00-PROGRAM-ONE-2022.CSV,2026-08-11T17:04:42.000Z,"""2b18ece4225b7de4650286c17ea195f5-26""",217787591,STANDARD,nccs-efile,217.8 mb,https://nccs-efile.s3.us-east-1.amazonaws.com/public/efile_v2_2/F9-P03-T00-PROGRAM-ONE-2022.CSV
public/efile_v2_2/F9-P03-T00-PROGRAM-ONE-2023.CSV,2026-08-11T17:04:45.000Z,"""e4f524ef360cb6c12050fde208bf74b8-27""",221870357,STANDARD,nccs-efile,221.9 mb,https://nccs-efile.s3.us-east-1.amazonaws.com/public/efile_v2_2/F9-P03-T00-PROGRAM-ONE-2023.CSV
public/efile_v2_2/F9-P03-T00-PROGRAM-ONE-2024.CSV,2026-08-11T17:04:47.000Z,"""661e12dcf94fff838954fb21de35f503-21""",169281654,STANDARD,nccs-efile,169.3 mb,https://nccs-efile.s3.us-east-1.amazonaws.com/public/efile_v2_2/F9-P03-T00-PROGRAM-ONE-2024.CSV
public/efile_v2_2/F9-P03-T00-PROGRAM-THREE-2009.CSV,2026-08-11T15:24:55.000Z,"""7e5519427f84b2ac4c46077f7c05032f""",6178917,STANDARD,nccs-efile,6.2 mb,https://nccs-efile.s3.us-east-1.amazonaws.com/public/efile_v2_2/F9-P03-T00-PROGRAM-THREE-2009.CSV
public/efile_v2_2/F9-P03-T00-PROGRAM-THREE-2010.CSV,2026-08-11T15:25:02.000Z,"""8c7c4a52a9f0764b638973064c69c5a2-3""",17433134,STANDARD,nccs-efile,17.4 mb,https://nccs-efile.s3.us-east-1.amazonaws.com/public/efile_v2_2/F9-P03-T00-PROGRAM-THREE-2010.CSV
public/efile_v2_2/F9-P03-T00-PROGRAM-THREE-2011.CSV,2026-08-11T15:25:02.000Z,"""fb2ac73328b01c6d5b67d89e40262c6a-3""",22140056,STANDARD,nccs-efile,22.1 mb,https://nccs-efile.s3.us-east-1.amazonaws.com/public/efile_v2_2/F9-P03-T00-PROGRAM-THREE-2011.CSV
public/efile_v2_2/F9-P03-T00-PROGRAM-THREE-2012.CSV,2026-08-11T15:25:02.000Z,"""eb59f7ac8a3e7de321603d92faa27199-3""",24801312,STANDARD,nccs-efile,24.8 mb,https://nccs-efile.s3.us-east-1.amazonaws.com/public/efile_v2_2/F9-P03-T00-PROGRAM-THREE-2012.CSV
public/efile_v2_2/F9-P03-T00-PROGRAM-THREE-2013.CSV,2026-08-11T15:25:02.000Z,"""4289a38a09e6509e5deceec078c4babb-4""",27074482,STANDARD,nccs-efile,27.1 mb,https://nccs-efile.s3.us-east-1.amazonaws.com/public/efile_v2_2/F9-P03-T00-PROGRAM-THREE-2013.CSV
public/efile_v2_2/F9-P03-T00-PROGRAM-THREE-2014.CSV,2026-08-11T15:25:02.000Z,"""85a3491b20393537a1adbcc6a439aac9-4""",29547279,STANDARD,nccs-efile,29.5 mb,https://nccs-efile.s3.us-east-1.amazonaws.com/public/efile_v2_2/F9-P03-T00-PROGRAM-THREE-2014.CSV
public/efile_v2_2/F9-P03-T00-PROGRAM-THREE-2015.CSV,2026-08-11T15:25:20.000Z,"""9624fd46e39e37ea7b4b476ec281ae5f-4""",31291863,STANDARD,nccs-efile,31.3 mb,https://nccs-efile.s3.us-east-1.amazonaws.com/public/efile_v2_2/F9-P03-T00-PROGRAM-THREE-2015.CSV
public/efile_v2_2/F9-P03-T00-PROGRAM-THREE-2016.CSV,2026-08-11T15:25:20.000Z,"""4e68a112bc4fc5ee6c648143dbda5aa5-4""",32859206,STANDARD,nccs-efile,32.9 mb,https://nccs-efile.s3.us-east-1.amazonaws.com/public/efile_v2_2/F9-P03-T00-PROGRAM-THREE-2016.CSV
public/efile_v2_2/F9-P03-T00-PROGRAM-THREE-2017.CSV,2026-08-11T15:25:21.000Z,"""6234d8e2feda092bb9e71e2fb874f5ee-5""",35028286,STANDARD,nccs-efile,35 mb,https://nccs-efile.s3.us-east-1.amazonaws.com/public/efile_v2_2/F9-P03-T00-PROGRAM-THREE-2017.CSV
public/efile_v2_2/F9-P03-T00-PROGRAM-THREE-2018.CSV,2026-08-11T15:25:21.000Z,"""f3edc84b3b80b52090fcc526dbc174fa-5""",35980101,STANDARD,nccs-efile,36 mb,https://nccs-efile.s3.us-east-1.amazonaws.com/public/efile_v2_2/F9-P03-T00-PROGRAM-THREE-2018.CSV
public/efile_v2_2/F9-P03-T00-PROGRAM-THREE-2019.CSV,2026-08-11T15:25:22.000Z,"""fd02c7a649a803094eaa16cb3dfedaed-5""",37860369,STANDARD,nccs-efile,37.9 mb,https://nccs-efile.s3.us-east-1.amazonaws.com/public/efile_v2_2/F9-P03-T00-PROGRAM-THREE-2019.CSV
public/efile_v2_2/F9-P03-T00-PROGRAM-THREE-2020.CSV,2026-08-11T15:25:22.000Z,"""7bf084305c67ac671e19ae74a532f126-6""",46130398,STANDARD,nccs-efile,46.1 mb,https://nccs-efile.s3.us-east-1.amazonaws.com/public/efile_v2_2/F9-P03-T00-PROGRAM-THREE-2020.CSV
public/efile_v2_2/F9-P03-T00-PROGRAM-THREE-2021.CSV,2026-08-11T15:25:22.000Z,"""eba81baca1bea6f64748c2f971a642b2-6""",44037438,STANDARD,nccs-efile,44 mb,https://nccs-efile.s3.us-east-1.amazonaws.com/public/efile_v2_2/F9-P03-T00-PROGRAM-THREE-2021.CSV
public/efile_v2_2/F9-P03-T00-PROGRAM-THREE-2022.CSV,2026-08-11T17:04:55.000Z,"""4d0e376a952a38bcc3f26e1f77ed03e5-6""",45819310,STANDARD,nccs-efile,45.8 mb,https://nccs-efile.s3.us-east-1.amazonaws.com/public/efile_v2_2/F9-P03-T00-PROGRAM-THREE-2022.CSV
public/efile_v2_2/F9-P03-T00-PROGRAM-THREE-2023.CSV,2026-08-11T17:04:56.000Z,"""89638a1c8dd08d1a407367bb8902e017-6""",46652183,STANDARD,nccs-efile,46.7 mb,https://nccs-efile.s3.us-east-1.amazonaws.com/public/efile_v2_2/F9-P03-T00-PROGRAM-THREE-2023.CSV
public/efile_v2_2/F9-P03-T00-PROGRAM-THREE-2024.CSV,2026-08-11T17:04:57.000Z,"""fe62ed273eea02ccb16fd1f1335c9886-5""",34747235,STANDARD,nccs-efile,34.7 mb,https://nccs-efile.s3.us-east-1.amazonaws.com/public/efile_v2_2/F9-P03-T00-PROGRAM-THREE-2024.CSV
public/efile_v2_2/F9-P03-T00-PROGRAM-TWO-2009.CSV,2026-08-11T15:25:22.000Z,"""7b0b6add5d6b1930ea1ed6fc9047d035""",8183028,STANDARD,nccs-efile,8.2 mb,https://nccs-efile.s3.us-east-1.amazonaws.com/public/efile_v2_2/F9-P03-T00-PROGRAM-TWO-2009.CSV
public/efile_v2_2/F9-P03-T00-PROGRAM-TWO-2010.CSV,2026-08-11T15:25:41.000Z,"""98e27aa24386a884f8da87c9162182f6-3""",24110339,STANDARD,nccs-efile,24.1 mb,https://nccs-efile.s3.us-east-1.amazonaws.com/public/efile_v2_2/F9-P03-T00-PROGRAM-TWO-2010.CSV
public/efile_v2_2/F9-P03-T00-PROGRAM-TWO-2011.CSV,2026-08-11T15:25:41.000Z,"""ed560909c768e6af2e67d941733552f7-4""",31014235,STANDARD,nccs-efile,31 mb,https://nccs-efile.s3.us-east-1.amazonaws.com/public/efile_v2_2/F9-P03-T00-PROGRAM-TWO-2011.CSV
public/efile_v2_2/F9-P03-T00-PROGRAM-TWO-2012.CSV,2026-08-11T15:25:42.000Z,"""5d9cdfe04f23d7a61eff7d6c6c8b3285-5""",34939802,STANDARD,nccs-efile,34.9 mb,https://nccs-efile.s3.us-east-1.amazonaws.com/public/efile_v2_2/F9-P03-T00-PROGRAM-TWO-2012.CSV
public/efile_v2_2/F9-P03-T00-PROGRAM-TWO-2013.CSV,2026-08-11T15:25:42.000Z,"""0ade8c64b4bcfe302ad921a7b9345487-5""",38497652,STANDARD,nccs-efile,38.5 mb,https://nccs-efile.s3.us-east-1.amazonaws.com/public/efile_v2_2/F9-P03-T00-PROGRAM-TWO-2013.CSV
public/efile_v2_2/F9-P03-T00-PROGRAM-TWO-2014.CSV,2026-08-11T15:25:42.000Z,"""dc45cade6ac9e3f4b2a7f4b3a213bd01-6""",42009124,STANDARD,nccs-efile,42 mb,https://nccs-efile.s3.us-east-1.amazonaws.com/public/efile_v2_2/F9-P03-T00-PROGRAM-TWO-2014.CSV
public/efile_v2_2/F9-P03-T00-PROGRAM-TWO-2015.CSV,2026-08-11T15:26:00.000Z,"""16564b0cfbca1440e2b21cbe20a75bbd-6""",44980472,STANDARD,nccs-efile,45 mb,https://nccs-efile.s3.us-east-1.amazonaws.com/public/efile_v2_2/F9-P03-T00-PROGRAM-TWO-2015.CSV
public/efile_v2_2/F9-P03-T00-PROGRAM-TWO-2016.CSV,2026-08-11T15:26:01.000Z,"""0a1d152db63b20a03d56a8892a78d4ff-6""",46972875,STANDARD,nccs-efile,47 mb,https://nccs-efile.s3.us-east-1.amazonaws.com/public/efile_v2_2/F9-P03-T00-PROGRAM-TWO-2016.CSV
public/efile_v2_2/F9-P03-T00-PROGRAM-TWO-2017.CSV,2026-08-11T15:26:01.000Z,"""3af39f1a96bd5aea86bd998b77989de1-6""",50241420,STANDARD,nccs-efile,50.2 mb,https://nccs-efile.s3.us-east-1.amazonaws.com/public/efile_v2_2/F9-P03-T00-PROGRAM-TWO-2017.CSV
public/efile_v2_2/F9-P03-T00-PROGRAM-TWO-2018.CSV,2026-08-11T15:26:02.000Z,"""19399f14aacd625bfd15add4f8673d2d-7""",51604888,STANDARD,nccs-efile,51.6 mb,https://nccs-efile.s3.us-east-1.amazonaws.com/public/efile_v2_2/F9-P03-T00-PROGRAM-TWO-2018.CSV
public/efile_v2_2/F9-P03-T00-PROGRAM-TWO-2019.CSV,2026-08-11T15:26:02.000Z,"""9f0b1a0bf4c9655157a7931041e8a2b9-7""",54515868,STANDARD,nccs-efile,54.5 mb,https://nccs-efile.s3.us-east-1.amazonaws.com/public/efile_v2_2/F9-P03-T00-PROGRAM-TWO-2019.CSV
public/efile_v2_2/F9-P03-T00-PROGRAM-TWO-2020.CSV,2026-08-11T15:26:03.000Z,"""a65de33db52979e48b0944b62e7bb6c4-8""",66332317,STANDARD,nccs-efile,66.3 mb,https://nccs-efile.s3.us-east-1.amazonaws.com/public/efile_v2_2/F9-P03-T00-PROGRAM-TWO-2020.CSV
public/efile_v2_2/F9-P03-T00-PROGRAM-TWO-2021.CSV,2026-08-11T15:26:04.000Z,"""ea755562025d8423243bb56def208ab3-8""",63254545,STANDARD,nccs-efile,63.3 mb,https://nccs-efile.s3.us-east-1.amazonaws.com/public/efile_v2_2/F9-P03-T00-PROGRAM-TWO-2021.CSV
public/efile_v2_2/F9-P03-T00-PROGRAM-TWO-2022.CSV,2026-08-11T17:04:57.000Z,"""e78b9ad514bca61a13ffb2b12d35a157-8""",65556873,STANDARD,nccs-efile,65.6 mb,https://nccs-efile.s3.us-east-1.amazonaws.com/public/efile_v2_2/F9-P03-T00-PROGRAM-TWO-2022.CSV
public/efile_v2_2/F9-P03-T00-PROGRAM-TWO-2023.CSV,2026-08-11T17:04:59.000Z,"""84409593bbf0fb14625c4f1949768efc-8""",66569236,STANDARD,nccs-efile,66.6 mb,https://nccs-efile.s3.us-east-1.amazonaws.com/public/efile_v2_2/F9-P03-T00-PROGRAM-TWO-2023.CSV
public/efile_v2_2/F9-P03-T00-PROGRAM-TWO-2024.CSV,2026-08-11T17:05:00.000Z,"""92499d7ee6aab3379be9378c46b854c2-6""",49747310,STANDARD,nccs-efile,49.7 mb,https://nccs-efile.s3.us-east-1.amazonaws.com/public/efile_v2_2/F9-P03-T00-PROGRAM-TWO-2024.CSV
public/efile_v2_2/F9-P03-T00-PROGRAMS-2009.CSV,2026-08-11T15:26:06.000Z,"""c3b150cdddcc9f2cc76d89021eace9ca-2""",12251446,STANDARD,nccs-efile,12.3 mb,https://nccs-efile.s3.us-east-1.amazonaws.com/public/efile_v2_2/F9-P03-T00-PROGRAMS-2009.CSV
public/efile_v2_2/F9-P03-T00-PROGRAMS-2010.CSV,2026-08-11T15:26:06.000Z,"""e6d25bd3a9f27a9d54bfce65f8cda8a7-6""",46979738,STANDARD,nccs-efile,47 mb,https://nccs-efile.s3.us-east-1.amazonaws.com/public/efile_v2_2/F9-P03-T00-PROGRAMS-2010.CSV
public/efile_v2_2/F9-P03-T00-PROGRAMS-2011.CSV,2026-08-11T15:26:07.000Z,"""35e1d07a8496ac278449e5a7aa017856-8""",60425317,STANDARD,nccs-efile,60.4 mb,https://nccs-efile.s3.us-east-1.amazonaws.com/public/efile_v2_2/F9-P03-T00-PROGRAMS-2011.CSV
public/efile_v2_2/F9-P03-T00-PROGRAMS-2012.CSV,2026-08-11T15:26:08.000Z,"""9cefcbffc253489a3d16d827db6e9cc4-9""",68252300,STANDARD,nccs-efile,68.3 mb,https://nccs-efile.s3.us-east-1.amazonaws.com/public/efile_v2_2/F9-P03-T00-PROGRAMS-2012.CSV
public/efile_v2_2/F9-P03-T00-PROGRAMS-2013.CSV,2026-08-11T15:26:08.000Z,"""6099af415219a5f8f96b94787bccda77-10""",77472647,STANDARD,nccs-efile,77.5 mb,https://nccs-efile.s3.us-east-1.amazonaws.com/public/efile_v2_2/F9-P03-T00-PROGRAMS-2013.CSV
public/efile_v2_2/F9-P03-T00-PROGRAMS-2014.CSV,2026-08-11T15:26:09.000Z,"""ddb8e2b8b78f18d44ebecec0d82ffede-11""",85561659,STANDARD,nccs-efile,85.6 mb,https://nccs-efile.s3.us-east-1.amazonaws.com/public/efile_v2_2/F9-P03-T00-PROGRAMS-2014.CSV
public/efile_v2_2/F9-P03-T00-PROGRAMS-2015.CSV,2026-08-11T15:26:10.000Z,"""08bdae311721cda1bd40b2a69a6c5240-11""",91310442,STANDARD,nccs-efile,91.3 mb,https://nccs-efile.s3.us-east-1.amazonaws.com/public/efile_v2_2/F9-P03-T00-PROGRAMS-2015.CSV
public/efile_v2_2/F9-P03-T00-PROGRAMS-2016.CSV,2026-08-11T15:26:20.000Z,"""6d770257d0fbb67631892ff3483ea131-12""",94796993,STANDARD,nccs-efile,94.8 mb,https://nccs-efile.s3.us-east-1.amazonaws.com/public/efile_v2_2/F9-P03-T00-PROGRAMS-2016.CSV
public/efile_v2_2/F9-P03-T00-PROGRAMS-2017.CSV,2026-08-11T15:26:20.000Z,"""147edbb9d2790788b60ca00274308290-13""",101290940,STANDARD,nccs-efile,101.3 mb,https://nccs-efile.s3.us-east-1.amazonaws.com/public/efile_v2_2/F9-P03-T00-PROGRAMS-2017.CSV
public/efile_v2_2/F9-P03-T00-PROGRAMS-2018.CSV,2026-08-11T15:26:21.000Z,"""a04b842961966b02618e29beb04753cc-13""",106661482,STANDARD,nccs-efile,106.7 mb,https://nccs-efile.s3.us-east-1.amazonaws.com/public/efile_v2_2/F9-P03-T00-PROGRAMS-2018.CSV
public/efile_v2_2/F9-P03-T00-PROGRAMS-2019.CSV,2026-08-11T15:26:21.000Z,"""82552bd936c34db3f30eed506afc0229-14""",110803450,STANDARD,nccs-efile,110.8 mb,https://nccs-efile.s3.us-east-1.amazonaws.com/public/efile_v2_2/F9-P03-T00-PROGRAMS-2019.CSV
public/efile_v2_2/F9-P03-T00-PROGRAMS-2020.CSV,2026-08-11T15:26:22.000Z,"""548e310b2f3e1bc24618dc24442053b5-16""",130506353,STANDARD,nccs-efile,130.5 mb,https://nccs-efile.s3.us-east-1.amazonaws.com/public/efile_v2_2/F9-P03-T00-PROGRAMS-2020.CSV
public/efile_v2_2/F9-P03-T00-PROGRAMS-2021.CSV,2026-08-11T15:26:23.000Z,"""5bd349d7d5f9e766d8a5608d8bbbfebf-17""",136013935,STANDARD,nccs-efile,136 mb,https://nccs-efile.s3.us-east-1.amazonaws.com/public/efile_v2_2/F9-P03-T00-PROGRAMS-2021.CSV
public/efile_v2_2/F9-P03-T00-PROGRAMS-2022.CSV,2026-08-11T17:04:49.000Z,"""3cf4157a121cef448e11499034c3f232-17""",140179231,STANDARD,nccs-efile,140.2 mb,https://nccs-efile.s3.us-east-1.amazonaws.com/public/efile_v2_2/F9-P03-T00-PROGRAMS-2022.CSV
public/efile_v2_2/F9-P03-T00-PROGRAMS-2023.CSV,2026-08-11T17:04:50.000Z,"""db396ad9f1af12b7dc8cec929d8141af-17""",141661380,STANDARD,nccs-efile,141.7 mb,https://nccs-efile.s3.us-east-1.amazonaws.com/public/efile_v2_2/F9-P03-T00-PROGRAMS-2023.CSV
public/efile_v2_2/F9-P03-T00-PROGRAMS-2024.CSV,2026-08-11T17:04:53.000Z,"""5ae975225e24b50f0361634e801f653c-14""",114667738,STANDARD,nccs-efile,114.7 mb,https://nccs-efile.s3.us-east-1.amazonaws.com/public/efile_v2_2/F9-P03-T00-PROGRAMS-2024.CSV
public/efile_v2_2/F9-P03-T01-PROGRAMS-OTHER-2009.CSV,2026-08-11T15:26:23.000Z,"""d36df38295b6d0283cada9c1e8ab0321""",5544947,STANDARD,nccs-efile,5.5 mb,https://nccs-efile.s3.us-east-1.amazonaws.com/public/efile_v2_2/F9-P03-T01-PROGRAMS-OTHER-2009.CSV
public/efile_v2_2/F9-P03-T01-PROGRAMS-OTHER-2010.CSV,2026-08-11T15:26:35.000Z,"""b8919dcf1892994e365b55d08565d583-2""",14663394,STANDARD,nccs-efile,14.7 mb,https://nccs-efile.s3.us-east-1.amazonaws.com/public/efile_v2_2/F9-P03-T01-PROGRAMS-OTHER-2010.CSV
public/efile_v2_2/F9-P03-T01-PROGRAMS-OTHER-2011.CSV,2026-08-11T15:26:35.000Z,"""b3f8e6454c32d93bb2d3bad44ab582f3-3""",18336454,STANDARD,nccs-efile,18.3 mb,https://nccs-efile.s3.us-east-1.amazonaws.com/public/efile_v2_2/F9-P03-T01-PROGRAMS-OTHER-2011.CSV
public/efile_v2_2/F9-P03-T01-PROGRAMS-OTHER-2012.CSV,2026-08-11T15:26:36.000Z,"""dbd353b05159a00e7cca1e4659f95af5-3""",20317084,STANDARD,nccs-efile,20.3 mb,https://nccs-efile.s3.us-east-1.amazonaws.com/public/efile_v2_2/F9-P03-T01-PROGRAMS-OTHER-2012.CSV
public/efile_v2_2/F9-P03-T01-PROGRAMS-OTHER-2013.CSV,2026-08-11T15:26:45.000Z,"""bb3903a3b87eff9fd9dabbef331caa72-3""",22017319,STANDARD,nccs-efile,22 mb,https://nccs-efile.s3.us-east-1.amazonaws.com/public/efile_v2_2/F9-P03-T01-PROGRAMS-OTHER-2013.CSV
public/efile_v2_2/F9-P03-T01-PROGRAMS-OTHER-2014.CSV,2026-08-11T15:26:45.000Z,"""7a00f9661b40a04fc918301381e71d69-3""",23801380,STANDARD,nccs-efile,23.8 mb,https://nccs-efile.s3.us-east-1.amazonaws.com/public/efile_v2_2/F9-P03-T01-PROGRAMS-OTHER-2014.CSV
public/efile_v2_2/F9-P03-T01-PROGRAMS-OTHER-2015.CSV,2026-08-11T15:26:45.000Z,"""1d2c1194e568d247770f2e3cc1284c34-4""",25231650,STANDARD,nccs-efile,25.2 mb,https://nccs-efile.s3.us-east-1.amazonaws.com/public/efile_v2_2/F9-P03-T01-PROGRAMS-OTHER-2015.CSV
public/efile_v2_2/F9-P03-T01-PROGRAMS-OTHER-2016.CSV,2026-08-11T15:26:46.000Z,"""d8f3969de22d97897a95f13fd52c5ce1-4""",25747445,STANDARD,nccs-efile,25.7 mb,https://nccs-efile.s3.us-east-1.amazonaws.com/public/efile_v2_2/F9-P03-T01-PROGRAMS-OTHER-2016.CSV
public/efile_v2_2/F9-P03-T01-PROGRAMS-OTHER-2017.CSV,2026-08-11T15:26:46.000Z,"""0076a4de2311769ca4e6e6807a2b9982-4""",27583249,STANDARD,nccs-efile,27.6 mb,https://nccs-efile.s3.us-east-1.amazonaws.com/public/efile_v2_2/F9-P03-T01-PROGRAMS-OTHER-2017.CSV
public/efile_v2_2/F9-P03-T01-PROGRAMS-OTHER-2018.CSV,2026-08-11T15:26:46.000Z,"""3f9bfd17008956b52d97628d46563500-4""",27642772,STANDARD,nccs-efile,27.6 mb,https://nccs-efile.s3.us-east-1.amazonaws.com/public/efile_v2_2/F9-P03-T01-PROGRAMS-OTHER-2018.CSV
public/efile_v2_2/F9-P03-T01-PROGRAMS-OTHER-2019.CSV,2026-08-11T15:26:47.000Z,"""a0d6b63ea7424528a78df2a84f3c7dcf-4""",28587821,STANDARD,nccs-efile,28.6 mb,https://nccs-efile.s3.us-east-1.amazonaws.com/public/efile_v2_2/F9-P03-T01-PROGRAMS-OTHER-2019.CSV
public/efile_v2_2/F9-P03-T01-PROGRAMS-OTHER-2020.CSV,2026-08-11T15:26:47.000Z,"""ea7ce3a1ea4d7386f68abe62ac83bb9f-5""",34199706,STANDARD,nccs-efile,34.2 mb,https://nccs-efile.s3.us-east-1.amazonaws.com/public/efile_v2_2/F9-P03-T01-PROGRAMS-OTHER-2020.CSV
public/efile_v2_2/F9-P03-T01-PROGRAMS-OTHER-2021.CSV,2026-08-11T15:26:48.000Z,"""a5febcdc6490a1dd86a90206e0966131-4""",31988090,STANDARD,nccs-efile,32 mb,https://nccs-efile.s3.us-east-1.amazonaws.com/public/efile_v2_2/F9-P03-T01-PROGRAMS-OTHER-2021.CSV
public/efile_v2_2/F9-P03-T01-PROGRAMS-OTHER-2022.CSV,2026-08-11T17:05:00.000Z,"""811d54d3f4f6d56ba08813e0b144eef0-4""",33177110,STANDARD,nccs-efile,33.2 mb,https://nccs-efile.s3.us-east-1.amazonaws.com/public/efile_v2_2/F9-P03-T01-PROGRAMS-OTHER-2022.CSV
public/efile_v2_2/F9-P03-T01-PROGRAMS-OTHER-2023.CSV,2026-08-11T17:05:01.000Z,"""50591da3c743dfc8b1e3a7117b0e9082-5""",33824537,STANDARD,nccs-efile,33.8 mb,https://nccs-efile.s3.us-east-1.amazonaws.com/public/efile_v2_2/F9-P03-T01-PROGRAMS-OTHER-2023.CSV
public/efile_v2_2/F9-P03-T01-PROGRAMS-OTHER-2024.CSV,2026-08-11T17:05:02.000Z,"""86eb894efd5797e1dd1459d371a9b548-4""",28388241,STANDARD,nccs-efile,28.4 mb,https://nccs-efile.s3.us-east-1.amazonaws.com/public/efile_v2_2/F9-P03-T01-PROGRAMS-OTHER-2024.CSV
public/efile_v2_2/F9-P03-T02-PROGRAMS-EZ-2009.CSV,2026-08-11T15:26:49.000Z,"""31185ab8f6eb3a085bc8611359094a46-2""",11303705,STANDARD,nccs-efile,11.3 mb,https://nccs-efile.s3.us-east-1.amazonaws.com/public/efile_v2_2/F9-P03-T02-PROGRAMS-EZ-2009.CSV
public/efile_v2_2/F9-P03-T02-PROGRAMS-EZ-2010.CSV,2026-08-11T15:26:49.000Z,"""4ec16837fdf8779ece0c2d491e2db221-6""",43209570,STANDARD,nccs-efile,43.2 mb,https://nccs-efile.s3.us-east-1.amazonaws.com/public/efile_v2_2/F9-P03-T02-PROGRAMS-EZ-2010.CSV
public/efile_v2_2/F9-P03-T02-PROGRAMS-EZ-2011.CSV,2026-08-11T15:26:49.000Z,"""ade8c1e326265ab3941d21802fcea83f-7""",55316995,STANDARD,nccs-efile,55.3 mb,https://nccs-efile.s3.us-east-1.amazonaws.com/public/efile_v2_2/F9-P03-T02-PROGRAMS-EZ-2011.CSV
public/efile_v2_2/F9-P03-T02-PROGRAMS-EZ-2012.CSV,2026-08-11T15:26:50.000Z,"""0cd2911c845458f810abd25b16022954-8""",63104194,STANDARD,nccs-efile,63.1 mb,https://nccs-efile.s3.us-east-1.amazonaws.com/public/efile_v2_2/F9-P03-T02-PROGRAMS-EZ-2012.CSV
public/efile_v2_2/F9-P03-T02-PROGRAMS-EZ-2013.CSV,2026-08-11T15:26:50.000Z,"""f5962042d757b72dbaab46f4bf35aa86-9""",70301591,STANDARD,nccs-efile,70.3 mb,https://nccs-efile.s3.us-east-1.amazonaws.com/public/efile_v2_2/F9-P03-T02-PROGRAMS-EZ-2013.CSV
public/efile_v2_2/F9-P03-T02-PROGRAMS-EZ-2014.CSV,2026-08-11T15:26:50.000Z,"""fcb8e7b46b3afd50bfab9e34145d90fb-10""",78447505,STANDARD,nccs-efile,78.4 mb,https://nccs-efile.s3.us-east-1.amazonaws.com/public/efile_v2_2/F9-P03-T02-PROGRAMS-EZ-2014.CSV
public/efile_v2_2/F9-P03-T02-PROGRAMS-EZ-2015.CSV,2026-08-11T15:26:51.000Z,"""1c9fcded897b17d4446c7e3c5414dc8c-11""",83995816,STANDARD,nccs-efile,84 mb,https://nccs-efile.s3.us-east-1.amazonaws.com/public/efile_v2_2/F9-P03-T02-PROGRAMS-EZ-2015.CSV
public/efile_v2_2/F9-P03-T02-PROGRAMS-EZ-2016.CSV,2026-08-11T15:26:51.000Z,"""6eb42202769f41b0aea2a312f28571a5-11""",87731305,STANDARD,nccs-efile,87.7 mb,https://nccs-efile.s3.us-east-1.amazonaws.com/public/efile_v2_2/F9-P03-T02-PROGRAMS-EZ-2016.CSV
public/efile_v2_2/F9-P03-T02-PROGRAMS-EZ-2017.CSV,2026-08-11T15:26:52.000Z,"""6e1b101b3fbb83edd9c37cd960ea60d1-12""",93663158,STANDARD,nccs-efile,93.7 mb,https://nccs-efile.s3.us-east-1.amazonaws.com/public/efile_v2_2/F9-P03-T02-PROGRAMS-EZ-2017.CSV
public/efile_v2_2/F9-P03-T02-PROGRAMS-EZ-2018.CSV,2026-08-11T15:26:53.000Z,"""f2c04a80a7a03cf40cce38c575a0dc4f-12""",99589115,STANDARD,nccs-efile,99.6 mb,https://nccs-efile.s3.us-east-1.amazonaws.com/public/efile_v2_2/F9-P03-T02-PROGRAMS-EZ-2018.CSV
public/efile_v2_2/F9-P03-T02-PROGRAMS-EZ-2019.CSV,2026-08-11T15:26:53.000Z,"""87ee8a71d4ef3f1324aa468f45bf5c99-13""",102951687,STANDARD,nccs-efile,103 mb,https://nccs-efile.s3.us-east-1.amazonaws.com/public/efile_v2_2/F9-P03-T02-PROGRAMS-EZ-2019.CSV
public/efile_v2_2/F9-P03-T02-PROGRAMS-EZ-2020.CSV,2026-08-11T15:26:54.000Z,"""72f4ebd8c4a3870e6f4e7594a7a3d5d8-14""",115793452,STANDARD,nccs-efile,115.8 mb,https://nccs-efile.s3.us-east-1.amazonaws.com/public/efile_v2_2/F9-P03-T02-PROGRAMS-EZ-2020.CSV
public/efile_v2_2/F9-P03-T02-PROGRAMS-EZ-2021.CSV,2026-08-11T15:26:54.000Z,"""e720072fea7c6b57e32481849b3be4a9-17""",138490863,STANDARD,nccs-efile,138.5 mb,https://nccs-efile.s3.us-east-1.amazonaws.com/public/efile_v2_2/F9-P03-T02-PROGRAMS-EZ-2021.CSV
public/efile_v2_2/F9-P03-T02-PROGRAMS-EZ-2022.CSV,2026-08-11T17:05:03.000Z,"""27efc403c1f9a063e1e55b0d984a29a2-17""",142036356,STANDARD,nccs-efile,142 mb,https://nccs-efile.s3.us-east-1.amazonaws.com/public/efile_v2_2/F9-P03-T02-PROGRAMS-EZ-2022.CSV
public/efile_v2_2/F9-P03-T02-PROGRAMS-EZ-2023.CSV,2026-08-11T17:05:05.000Z,"""543d0a234759dd9a76f9d2c4192e0802-18""",143830135,STANDARD,nccs-efile,143.8 mb,https://nccs-efile.s3.us-east-1.amazonaws.com/public/efile_v2_2/F9-P03-T02-PROGRAMS-EZ-2023.CSV
public/efile_v2_2/F9-P03-T02-PROGRAMS-EZ-2024.CSV,2026-08-11T17:05:06.000Z,"""bb2294983251eeb0c0fa485ac19b04e2-16""",126175757,STANDARD,nccs-efile,126.2 mb,https://nccs-efile.s3.us-east-1.amazonaws.com/public/efile_v2_2/F9-P03-T02-PROGRAMS-EZ-2024.CSV
public/efile_v2_2/F9-P04-T00-REQUIRED-SCHEDULES-2009.CSV,2026-08-11T15:26:57.000Z,"""e33cbf30a1cff9bda1c360d37f3db942-3""",21221264,STANDARD,nccs-efile,21.2 mb,https://nccs-efile.s3.us-east-1.amazonaws.com/public/efile_v2_2/F9-P04-T00-REQUIRED-SCHEDULES-2009.CSV
public/efile_v2_2/F9-P04-T00-REQUIRED-SCHEDULES-2010.CSV,2026-08-11T15:26:57.000Z,"""87cc483a6604b9b51065785bde20574a-11""",87919865,STANDARD,nccs-efile,87.9 mb,https://nccs-efile.s3.us-east-1.amazonaws.com/public/efile_v2_2/F9-P04-T00-REQUIRED-SCHEDULES-2010.CSV
public/efile_v2_2/F9-P04-T00-REQUIRED-SCHEDULES-2011.CSV,2026-08-11T15:26:58.000Z,"""3d3bd0a87d615bc326369fbb832941eb-14""",114910711,STANDARD,nccs-efile,114.9 mb,https://nccs-efile.s3.us-east-1.amazonaws.com/public/efile_v2_2/F9-P04-T00-REQUIRED-SCHEDULES-2011.CSV
public/efile_v2_2/F9-P04-T00-REQUIRED-SCHEDULES-2012.CSV,2026-08-11T15:26:58.000Z,"""d1464f0f8ce236564f705467c9c914fa-16""",130575873,STANDARD,nccs-efile,130.6 mb,https://nccs-efile.s3.us-east-1.amazonaws.com/public/efile_v2_2/F9-P04-T00-REQUIRED-SCHEDULES-2012.CSV
public/efile_v2_2/F9-P04-T00-REQUIRED-SCHEDULES-2013.CSV,2026-08-11T15:26:59.000Z,"""47b713e47f3b62248661b5bf707a05d5-18""",145134925,STANDARD,nccs-efile,145.1 mb,https://nccs-efile.s3.us-east-1.amazonaws.com/public/efile_v2_2/F9-P04-T00-REQUIRED-SCHEDULES-2013.CSV
public/efile_v2_2/F9-P04-T00-REQUIRED-SCHEDULES-2014.CSV,2026-08-11T15:27:00.000Z,"""5ed062222a9da13a37f66ae715bea1a3-20""",160776631,STANDARD,nccs-efile,160.8 mb,https://nccs-efile.s3.us-east-1.amazonaws.com/public/efile_v2_2/F9-P04-T00-REQUIRED-SCHEDULES-2014.CSV
public/efile_v2_2/F9-P04-T00-REQUIRED-SCHEDULES-2015.CSV,2026-08-11T15:27:01.000Z,"""caaee61f1ae18e1345a64202e44bbe56-21""",172125628,STANDARD,nccs-efile,172.1 mb,https://nccs-efile.s3.us-east-1.amazonaws.com/public/efile_v2_2/F9-P04-T00-REQUIRED-SCHEDULES-2015.CSV
public/efile_v2_2/F9-P04-T00-REQUIRED-SCHEDULES-2016.CSV,2026-08-11T15:27:02.000Z,"""9e4002d265dbdf09a302edb37c9aea0d-22""",179979267,STANDARD,nccs-efile,180 mb,https://nccs-efile.s3.us-east-1.amazonaws.com/public/efile_v2_2/F9-P04-T00-REQUIRED-SCHEDULES-2016.CSV
public/efile_v2_2/F9-P04-T00-REQUIRED-SCHEDULES-2017.CSV,2026-08-11T15:27:03.000Z,"""ddc4d57f5586542f5df46dc093b712a0-23""",192435597,STANDARD,nccs-efile,192.4 mb,https://nccs-efile.s3.us-east-1.amazonaws.com/public/efile_v2_2/F9-P04-T00-REQUIRED-SCHEDULES-2017.CSV
public/efile_v2_2/F9-P04-T00-REQUIRED-SCHEDULES-2018.CSV,2026-08-11T15:27:04.000Z,"""9c229688786d694c96ea53ceadaf5ef1-25""",202081429,STANDARD,nccs-efile,202.1 mb,https://nccs-efile.s3.us-east-1.amazonaws.com/public/efile_v2_2/F9-P04-T00-REQUIRED-SCHEDULES-2018.CSV
public/efile_v2_2/F9-P04-T00-REQUIRED-SCHEDULES-2019.CSV,2026-08-11T15:27:05.000Z,"""d6cfa557a2e7c89ced7c8a39587ffa6b-25""",209567241,STANDARD,nccs-efile,209.6 mb,https://nccs-efile.s3.us-east-1.amazonaws.com/public/efile_v2_2/F9-P04-T00-REQUIRED-SCHEDULES-2019.CSV
public/efile_v2_2/F9-P04-T00-REQUIRED-SCHEDULES-2020.CSV,2026-08-11T15:27:06.000Z,"""80f69f12682e14d2ede65c36e013d644-30""",246960493,STANDARD,nccs-efile,247 mb,https://nccs-efile.s3.us-east-1.amazonaws.com/public/efile_v2_2/F9-P04-T00-REQUIRED-SCHEDULES-2020.CSV
public/efile_v2_2/F9-P04-T00-REQUIRED-SCHEDULES-2021.CSV,2026-08-11T15:27:07.000Z,"""c5c62976aff8699feb6cd20c1f09d77b-31""",257578419,STANDARD,nccs-efile,257.6 mb,https://nccs-efile.s3.us-east-1.amazonaws.com/public/efile_v2_2/F9-P04-T00-REQUIRED-SCHEDULES-2021.CSV
public/efile_v2_2/F9-P04-T00-REQUIRED-SCHEDULES-2022.CSV,2026-08-11T17:05:08.000Z,"""4bcf592f84fdd73a9c4d2a8af5f8704c-32""",265635218,STANDARD,nccs-efile,265.6 mb,https://nccs-efile.s3.us-east-1.amazonaws.com/public/efile_v2_2/F9-P04-T00-REQUIRED-SCHEDULES-2022.CSV
public/efile_v2_2/F9-P04-T00-REQUIRED-SCHEDULES-2023.CSV,2026-08-11T17:05:11.000Z,"""11e1d45e7fd4970d121762421535d5c4-33""",268894718,STANDARD,nccs-efile,268.9 mb,https://nccs-efile.s3.us-east-1.amazonaws.com/public/efile_v2_2/F9-P04-T00-REQUIRED-SCHEDULES-2023.CSV
public/efile_v2_2/F9-P04-T00-REQUIRED-SCHEDULES-2024.CSV,2026-08-11T17:05:14.000Z,"""43d5dc07e7d5cad32b40199740f115ae-27""",218923363,STANDARD,nccs-efile,218.9 mb,https://nccs-efile.s3.us-east-1.amazonaws.com/public/efile_v2_2/F9-P04-T00-REQUIRED-SCHEDULES-2024.CSV
public/efile_v2_2/F9-P04-T00-REQUIRED-SCHEDULES-EZ-2009.CSV,2026-08-11T15:27:04.000Z,"""0651fd2fa6a7cbd9574ac50f21d16d61""",845791,STANDARD,nccs-efile,0.8 mb,https://nccs-efile.s3.us-east-1.amazonaws.com/public/efile_v2_2/F9-P04-T00-REQUIRED-SCHEDULES-EZ-2009.CSV
public/efile_v2_2/F9-P04-T00-REQUIRED-SCHEDULES-EZ-2010.CSV,2026-08-11T15:27:05.000Z,"""1dc32de278127d605a35e024772ab7b9""",3640078,STANDARD,nccs-efile,3.6 mb,https://nccs-efile.s3.us-east-1.amazonaws.com/public/efile_v2_2/F9-P04-T00-REQUIRED-SCHEDULES-EZ-2010.CSV
public/efile_v2_2/F9-P04-T00-REQUIRED-SCHEDULES-EZ-2011.CSV,2026-08-11T15:27:05.000Z,"""0ea156b513966e75f939065bf0f94b13""",4740698,STANDARD,nccs-efile,4.7 mb,https://nccs-efile.s3.us-east-1.amazonaws.com/public/efile_v2_2/F9-P04-T00-REQUIRED-SCHEDULES-EZ-2011.CSV
public/efile_v2_2/F9-P04-T00-REQUIRED-SCHEDULES-EZ-2012.CSV,2026-08-11T15:27:05.000Z,"""0c79831f98278f04e9a41354c755095a""",5160890,STANDARD,nccs-efile,5.2 mb,https://nccs-efile.s3.us-east-1.amazonaws.com/public/efile_v2_2/F9-P04-T00-REQUIRED-SCHEDULES-EZ-2012.CSV
public/efile_v2_2/F9-P04-T00-REQUIRED-SCHEDULES-EZ-2013.CSV,2026-08-11T15:27:05.000Z,"""4a25c99ada9eff31ad8239e1d4833965""",5721782,STANDARD,nccs-efile,5.7 mb,https://nccs-efile.s3.us-east-1.amazonaws.com/public/efile_v2_2/F9-P04-T00-REQUIRED-SCHEDULES-EZ-2013.CSV
public/efile_v2_2/F9-P04-T00-REQUIRED-SCHEDULES-EZ-2014.CSV,2026-08-11T15:27:06.000Z,"""66e4449d21a2a8bc2d24e0bf656f6091""",6436191,STANDARD,nccs-efile,6.4 mb,https://nccs-efile.s3.us-east-1.amazonaws.com/public/efile_v2_2/F9-P04-T00-REQUIRED-SCHEDULES-EZ-2014.CSV
public/efile_v2_2/F9-P04-T00-REQUIRED-SCHEDULES-EZ-2015.CSV,2026-08-11T15:27:06.000Z,"""2f61fcac4c1d85069a346bb8cdfec7d6""",7086818,STANDARD,nccs-efile,7.1 mb,https://nccs-efile.s3.us-east-1.amazonaws.com/public/efile_v2_2/F9-P04-T00-REQUIRED-SCHEDULES-EZ-2015.CSV
public/efile_v2_2/F9-P04-T00-REQUIRED-SCHEDULES-EZ-2016.CSV,2026-08-11T15:27:06.000Z,"""cb1047d50df39abb487ddcb2cc1f282a""",7410850,STANDARD,nccs-efile,7.4 mb,https://nccs-efile.s3.us-east-1.amazonaws.com/public/efile_v2_2/F9-P04-T00-REQUIRED-SCHEDULES-EZ-2016.CSV
public/efile_v2_2/F9-P04-T00-REQUIRED-SCHEDULES-EZ-2017.CSV,2026-08-11T15:27:06.000Z,"""ec6005161e3a72929981b0180354ddeb""",7649881,STANDARD,nccs-efile,7.6 mb,https://nccs-efile.s3.us-east-1.amazonaws.com/public/efile_v2_2/F9-P04-T00-REQUIRED-SCHEDULES-EZ-2017.CSV
public/efile_v2_2/F9-P04-T00-REQUIRED-SCHEDULES-EZ-2018.CSV,2026-08-11T15:27:07.000Z,"""c739308f2ee6e323a9fa5938d794cb2a""",8337037,STANDARD,nccs-efile,8.3 mb,https://nccs-efile.s3.us-east-1.amazonaws.com/public/efile_v2_2/F9-P04-T00-REQUIRED-SCHEDULES-EZ-2018.CSV
public/efile_v2_2/F9-P04-T00-REQUIRED-SCHEDULES-EZ-2019.CSV,2026-08-11T15:27:07.000Z,"""29b15307e2a0c7d0e33650b08f7e9971""",2097277,STANDARD,nccs-efile,2.1 mb,https://nccs-efile.s3.us-east-1.amazonaws.com/public/efile_v2_2/F9-P04-T00-REQUIRED-SCHEDULES-EZ-2019.CSV
public/efile_v2_2/F9-P04-T00-REQUIRED-SCHEDULES-EZ-2020.CSV,2026-08-11T15:27:07.000Z,"""e51667adbafc60fa028a8520fb445dde""",2445891,STANDARD,nccs-efile,2.4 mb,https://nccs-efile.s3.us-east-1.amazonaws.com/public/efile_v2_2/F9-P04-T00-REQUIRED-SCHEDULES-EZ-2020.CSV
public/efile_v2_2/F9-P04-T00-REQUIRED-SCHEDULES-EZ-2021.CSV,2026-08-11T15:27:07.000Z,"""e7f0fbc210c8e6b18f86e279427046c4""",2612614,STANDARD,nccs-efile,2.6 mb,https://nccs-efile.s3.us-east-1.amazonaws.com/public/efile_v2_2/F9-P04-T00-REQUIRED-SCHEDULES-EZ-2021.CSV
public/efile_v2_2/F9-P04-T00-REQUIRED-SCHEDULES-EZ-2022.CSV,2026-08-11T17:05:16.000Z,"""63e31bb2acfb0940c6b8242bcb1d838e""",2762657,STANDARD,nccs-efile,2.8 mb,https://nccs-efile.s3.us-east-1.amazonaws.com/public/efile_v2_2/F9-P04-T00-REQUIRED-SCHEDULES-EZ-2022.CSV
public/efile_v2_2/F9-P04-T00-REQUIRED-SCHEDULES-EZ-2023.CSV,2026-08-11T17:05:16.000Z,"""62421b6af51a3d5c843846da9e1dd6ac""",3267733,STANDARD,nccs-efile,3.3 mb,https://nccs-efile.s3.us-east-1.amazonaws.com/public/efile_v2_2/F9-P04-T00-REQUIRED-SCHEDULES-EZ-2023.CSV
public/efile_v2_2/F9-P04-T00-REQUIRED-SCHEDULES-EZ-2024.CSV,2026-08-11T17:05:16.000Z,"""5dde455dc142e4ee88ce7f4efc956ccc""",2705241,STANDARD,nccs-efile,2.7 mb,https://nccs-efile.s3.us-east-1.amazonaws.com/public/efile_v2_2/F9-P04-T00-REQUIRED-SCHEDULES-EZ-2024.CSV
public/efile_v2_2/F9-P05-T00-OTHER-IRS-FILING-2009.CSV,2026-08-11T15:27:12.000Z,"""e4d632d4a302b4b1bfc11b78bd1ce598-3""",19177073,STANDARD,nccs-efile,19.2 mb,https://nccs-efile.s3.us-east-1.amazonaws.com/public/efile_v2_2/F9-P05-T00-OTHER-IRS-FILING-2009.CSV
public/efile_v2_2/F9-P05-T00-OTHER-IRS-FILING-2010.CSV,2026-08-11T15:27:12.000Z,"""e78d500cd14b6b4a60ed768f349d1a8a-10""",76563012,STANDARD,nccs-efile,76.6 mb,https://nccs-efile.s3.us-east-1.amazonaws.com/public/efile_v2_2/F9-P05-T00-OTHER-IRS-FILING-2010.CSV
public/efile_v2_2/F9-P05-T00-OTHER-IRS-FILING-2011.CSV,2026-08-11T15:27:12.000Z,"""29aad568e910472db7e0f73a185d9ccf-12""",99309677,STANDARD,nccs-efile,99.3 mb,https://nccs-efile.s3.us-east-1.amazonaws.com/public/efile_v2_2/F9-P05-T00-OTHER-IRS-FILING-2011.CSV
public/efile_v2_2/F9-P05-T00-OTHER-IRS-FILING-2012.CSV,2026-08-11T15:27:13.000Z,"""b3f5707c2f61be46360f360243807253-14""",111991968,STANDARD,nccs-efile,112 mb,https://nccs-efile.s3.us-east-1.amazonaws.com/public/efile_v2_2/F9-P05-T00-OTHER-IRS-FILING-2012.CSV
public/efile_v2_2/F9-P05-T00-OTHER-IRS-FILING-2013.CSV,2026-08-11T15:27:13.000Z,"""8c6c3b68482290d3f51d7ea4697e2b0d-15""",124131960,STANDARD,nccs-efile,124.1 mb,https://nccs-efile.s3.us-east-1.amazonaws.com/public/efile_v2_2/F9-P05-T00-OTHER-IRS-FILING-2013.CSV
public/efile_v2_2/F9-P05-T00-OTHER-IRS-FILING-2014.CSV,2026-08-11T15:27:14.000Z,"""a4f716c9cd32013aa6daff06c661a683-17""",137112973,STANDARD,nccs-efile,137.1 mb,https://nccs-efile.s3.us-east-1.amazonaws.com/public/efile_v2_2/F9-P05-T00-OTHER-IRS-FILING-2014.CSV
public/efile_v2_2/F9-P05-T00-OTHER-IRS-FILING-2015.CSV,2026-08-11T15:27:15.000Z,"""209b1e71c99ae456a6b7233f9349c3e6-18""",146589017,STANDARD,nccs-efile,146.6 mb,https://nccs-efile.s3.us-east-1.amazonaws.com/public/efile_v2_2/F9-P05-T00-OTHER-IRS-FILING-2015.CSV
public/efile_v2_2/F9-P05-T00-OTHER-IRS-FILING-2016.CSV,2026-08-11T15:27:16.000Z,"""a35e07461f41331359c8eebcc8efbbab-19""",153023709,STANDARD,nccs-efile,153 mb,https://nccs-efile.s3.us-east-1.amazonaws.com/public/efile_v2_2/F9-P05-T00-OTHER-IRS-FILING-2016.CSV
public/efile_v2_2/F9-P05-T00-OTHER-IRS-FILING-2017.CSV,2026-08-11T15:27:17.000Z,"""2c1b98e44cf53a2280b45a158fe0ebff-20""",163573482,STANDARD,nccs-efile,163.6 mb,https://nccs-efile.s3.us-east-1.amazonaws.com/public/efile_v2_2/F9-P05-T00-OTHER-IRS-FILING-2017.CSV
public/efile_v2_2/F9-P05-T00-OTHER-IRS-FILING-2018.CSV,2026-08-11T15:27:18.000Z,"""9bfe32c29ca2d3c998ebce54f8ad2439-21""",174682861,STANDARD,nccs-efile,174.7 mb,https://nccs-efile.s3.us-east-1.amazonaws.com/public/efile_v2_2/F9-P05-T00-OTHER-IRS-FILING-2018.CSV
public/efile_v2_2/F9-P05-T00-OTHER-IRS-FILING-2019.CSV,2026-08-11T15:27:18.000Z,"""67ce3e1fc0ce0344cfdd593679624094-22""",180374395,STANDARD,nccs-efile,180.4 mb,https://nccs-efile.s3.us-east-1.amazonaws.com/public/efile_v2_2/F9-P05-T00-OTHER-IRS-FILING-2019.CSV
public/efile_v2_2/F9-P05-T00-OTHER-IRS-FILING-2020.CSV,2026-08-11T15:27:19.000Z,"""1feb00381b7123ee0352d8ab0d3e27e0-26""",211852887,STANDARD,nccs-efile,211.9 mb,https://nccs-efile.s3.us-east-1.amazonaws.com/public/efile_v2_2/F9-P05-T00-OTHER-IRS-FILING-2020.CSV
public/efile_v2_2/F9-P05-T00-OTHER-IRS-FILING-2021.CSV,2026-08-11T15:27:21.000Z,"""42664ef600611cceedbcdfe9e7cd9543-27""",222848769,STANDARD,nccs-efile,222.8 mb,https://nccs-efile.s3.us-east-1.amazonaws.com/public/efile_v2_2/F9-P05-T00-OTHER-IRS-FILING-2021.CSV
public/efile_v2_2/F9-P05-T00-OTHER-IRS-FILING-2022.CSV,2026-08-11T17:05:17.000Z,"""9c21d465c7464782923d71bf24749178-28""",229132532,STANDARD,nccs-efile,229.1 mb,https://nccs-efile.s3.us-east-1.amazonaws.com/public/efile_v2_2/F9-P05-T00-OTHER-IRS-FILING-2022.CSV
public/efile_v2_2/F9-P05-T00-OTHER-IRS-FILING-2023.CSV,2026-08-11T17:05:19.000Z,"""c49892fcb782f07696daac586fee9186-28""",231447526,STANDARD,nccs-efile,231.4 mb,https://nccs-efile.s3.us-east-1.amazonaws.com/public/efile_v2_2/F9-P05-T00-OTHER-IRS-FILING-2023.CSV
public/efile_v2_2/F9-P05-T00-OTHER-IRS-FILING-2024.CSV,2026-08-11T17:05:22.000Z,"""da53a1fc9052b815e0b1eb1c518c019c-23""",188066723,STANDARD,nccs-efile,188.1 mb,https://nccs-efile.s3.us-east-1.amazonaws.com/public/efile_v2_2/F9-P05-T00-OTHER-IRS-FILING-2024.CSV
public/efile_v2_2/F9-P06-T00-GOVERNANCE-2009.CSV,2026-08-11T15:27:25.000Z,"""eb829e90468392cd08f63f866493eea8-3""",21449674,STANDARD,nccs-efile,21.4 mb,https://nccs-efile.s3.us-east-1.amazonaws.com/public/efile_v2_2/F9-P06-T00-GOVERNANCE-2009.CSV
public/efile_v2_2/F9-P06-T00-GOVERNANCE-2010.CSV,2026-08-11T15:27:25.000Z,"""2ea6aa754ff34967182c94129c7e9261-10""",83047399,STANDARD,nccs-efile,83 mb,https://nccs-efile.s3.us-east-1.amazonaws.com/public/efile_v2_2/F9-P06-T00-GOVERNANCE-2010.CSV
public/efile_v2_2/F9-P06-T00-GOVERNANCE-2011.CSV,2026-08-11T15:27:25.000Z,"""8f1129dbbadcc2a529ac91b7030930eb-13""",107903113,STANDARD,nccs-efile,107.9 mb,https://nccs-efile.s3.us-east-1.amazonaws.com/public/efile_v2_2/F9-P06-T00-GOVERNANCE-2011.CSV
public/efile_v2_2/F9-P06-T00-GOVERNANCE-2012.CSV,2026-08-11T15:27:26.000Z,"""da824046bb04f2e55dcf667e7a12aa25-15""",122120830,STANDARD,nccs-efile,122.1 mb,https://nccs-efile.s3.us-east-1.amazonaws.com/public/efile_v2_2/F9-P06-T00-GOVERNANCE-2012.CSV
public/efile_v2_2/F9-P06-T00-GOVERNANCE-2013.CSV,2026-08-11T15:27:26.000Z,"""c5fd477ebb89304c2219aa9a10c61cad-17""",136390468,STANDARD,nccs-efile,136.4 mb,https://nccs-efile.s3.us-east-1.amazonaws.com/public/efile_v2_2/F9-P06-T00-GOVERNANCE-2013.CSV
public/efile_v2_2/F9-P06-T00-GOVERNANCE-2014.CSV,2026-08-11T15:27:27.000Z,"""9fb94eb43b1c69ffa681c92ba766c475-18""",150781877,STANDARD,nccs-efile,150.8 mb,https://nccs-efile.s3.us-east-1.amazonaws.com/public/efile_v2_2/F9-P06-T00-GOVERNANCE-2014.CSV
public/efile_v2_2/F9-P06-T00-GOVERNANCE-2015.CSV,2026-08-11T15:27:28.000Z,"""dd63b6e001027e20e146aab05c1d3685-20""",161291097,STANDARD,nccs-efile,161.3 mb,https://nccs-efile.s3.us-east-1.amazonaws.com/public/efile_v2_2/F9-P06-T00-GOVERNANCE-2015.CSV
public/efile_v2_2/F9-P06-T00-GOVERNANCE-2016.CSV,2026-08-11T15:27:29.000Z,"""ef61b8b1325aeb472975cba627792d29-21""",168482154,STANDARD,nccs-efile,168.5 mb,https://nccs-efile.s3.us-east-1.amazonaws.com/public/efile_v2_2/F9-P06-T00-GOVERNANCE-2016.CSV
public/efile_v2_2/F9-P06-T00-GOVERNANCE-2017.CSV,2026-08-11T15:27:30.000Z,"""816ed6819c3e669bf118a2ecc2a5ca92-22""",180282294,STANDARD,nccs-efile,180.3 mb,https://nccs-efile.s3.us-east-1.amazonaws.com/public/efile_v2_2/F9-P06-T00-GOVERNANCE-2017.CSV
public/efile_v2_2/F9-P06-T00-GOVERNANCE-2018.CSV,2026-08-11T15:27:31.000Z,"""583f02316ba86111cf261b6abfb87322-23""",189194470,STANDARD,nccs-efile,189.2 mb,https://nccs-efile.s3.us-east-1.amazonaws.com/public/efile_v2_2/F9-P06-T00-GOVERNANCE-2018.CSV
public/efile_v2_2/F9-P06-T00-GOVERNANCE-2019.CSV,2026-08-11T15:27:32.000Z,"""38d7fb8e9698c5e9a76f6203854900de-24""",196401292,STANDARD,nccs-efile,196.4 mb,https://nccs-efile.s3.us-east-1.amazonaws.com/public/efile_v2_2/F9-P06-T00-GOVERNANCE-2019.CSV
public/efile_v2_2/F9-P06-T00-GOVERNANCE-2020.CSV,2026-08-11T15:27:33.000Z,"""1fa71becaf7400255fee8f0e7674cdde-28""",231558970,STANDARD,nccs-efile,231.6 mb,https://nccs-efile.s3.us-east-1.amazonaws.com/public/efile_v2_2/F9-P06-T00-GOVERNANCE-2020.CSV
public/efile_v2_2/F9-P06-T00-GOVERNANCE-2021.CSV,2026-08-11T15:27:34.000Z,"""14f922fece2a25299527e36b38aed481-29""",241691801,STANDARD,nccs-efile,241.7 mb,https://nccs-efile.s3.us-east-1.amazonaws.com/public/efile_v2_2/F9-P06-T00-GOVERNANCE-2021.CSV
public/efile_v2_2/F9-P06-T00-GOVERNANCE-2022.CSV,2026-08-11T17:05:24.000Z,"""45747a21884434fc52bbe612c7694bfb-30""",248868469,STANDARD,nccs-efile,248.9 mb,https://nccs-efile.s3.us-east-1.amazonaws.com/public/efile_v2_2/F9-P06-T00-GOVERNANCE-2022.CSV
public/efile_v2_2/F9-P06-T00-GOVERNANCE-2023.CSV,2026-08-11T17:05:27.000Z,"""3dec7aac124b9292e088b29f201ca62b-30""",251568016,STANDARD,nccs-efile,251.6 mb,https://nccs-efile.s3.us-east-1.amazonaws.com/public/efile_v2_2/F9-P06-T00-GOVERNANCE-2023.CSV
public/efile_v2_2/F9-P06-T00-GOVERNANCE-2024.CSV,2026-08-11T17:05:30.000Z,"""b70272319ab023661e37f9b742832fda-25""",204430446,STANDARD,nccs-efile,204.4 mb,https://nccs-efile.s3.us-east-1.amazonaws.com/public/efile_v2_2/F9-P06-T00-GOVERNANCE-2024.CSV
public/efile_v2_2/F9-P06-T00-GOVERNANCE-EZ-2009.CSV,2026-08-11T15:27:31.000Z,"""529d00399a3472c9dcb7c536fd79ec3e""",4578373,STANDARD,nccs-efile,4.6 mb,https://nccs-efile.s3.us-east-1.amazonaws.com/public/efile_v2_2/F9-P06-T00-GOVERNANCE-EZ-2009.CSV
public/efile_v2_2/F9-P06-T00-GOVERNANCE-EZ-2010.CSV,2026-08-11T15:27:38.000Z,"""1acdfd6f574dd9ade80303fc2158b7f6-3""",18721712,STANDARD,nccs-efile,18.7 mb,https://nccs-efile.s3.us-east-1.amazonaws.com/public/efile_v2_2/F9-P06-T00-GOVERNANCE-EZ-2010.CSV
public/efile_v2_2/F9-P06-T00-GOVERNANCE-EZ-2011.CSV,2026-08-11T15:27:39.000Z,"""1908f880e26484e27d56f77ad6835c23-3""",24270876,STANDARD,nccs-efile,24.3 mb,https://nccs-efile.s3.us-east-1.amazonaws.com/public/efile_v2_2/F9-P06-T00-GOVERNANCE-EZ-2011.CSV
public/efile_v2_2/F9-P06-T00-GOVERNANCE-EZ-2012.CSV,2026-08-11T15:27:39.000Z,"""b6e63cdc39ce28c30bf1a9b261331ecc-4""",27746526,STANDARD,nccs-efile,27.7 mb,https://nccs-efile.s3.us-east-1.amazonaws.com/public/efile_v2_2/F9-P06-T00-GOVERNANCE-EZ-2012.CSV
public/efile_v2_2/F9-P06-T00-GOVERNANCE-EZ-2013.CSV,2026-08-11T15:27:39.000Z,"""4656e9dfd82c95ce35635206566b8956-4""",30882290,STANDARD,nccs-efile,30.9 mb,https://nccs-efile.s3.us-east-1.amazonaws.com/public/efile_v2_2/F9-P06-T00-GOVERNANCE-EZ-2013.CSV
public/efile_v2_2/F9-P06-T00-GOVERNANCE-EZ-2014.CSV,2026-08-11T15:27:39.000Z,"""6fc9fe37b1016fb49b541efd9f2fbb09-5""",34437174,STANDARD,nccs-efile,34.4 mb,https://nccs-efile.s3.us-east-1.amazonaws.com/public/efile_v2_2/F9-P06-T00-GOVERNANCE-EZ-2014.CSV
public/efile_v2_2/F9-P06-T00-GOVERNANCE-EZ-2015.CSV,2026-08-11T15:27:39.000Z,"""bb156e39db79813f925eabb63cbe589f-5""",36923857,STANDARD,nccs-efile,36.9 mb,https://nccs-efile.s3.us-east-1.amazonaws.com/public/efile_v2_2/F9-P06-T00-GOVERNANCE-EZ-2015.CSV
public/efile_v2_2/F9-P06-T00-GOVERNANCE-EZ-2016.CSV,2026-08-11T15:27:40.000Z,"""c59d9532ef29e2018cbe4606cd1cb09c-5""",38561677,STANDARD,nccs-efile,38.6 mb,https://nccs-efile.s3.us-east-1.amazonaws.com/public/efile_v2_2/F9-P06-T00-GOVERNANCE-EZ-2016.CSV
public/efile_v2_2/F9-P06-T00-GOVERNANCE-EZ-2017.CSV,2026-08-11T15:27:40.000Z,"""5e88becdb0ee74d2cd1cfc90c5a7a7ae-5""",41093314,STANDARD,nccs-efile,41.1 mb,https://nccs-efile.s3.us-east-1.amazonaws.com/public/efile_v2_2/F9-P06-T00-GOVERNANCE-EZ-2017.CSV
public/efile_v2_2/F9-P06-T00-GOVERNANCE-EZ-2018.CSV,2026-08-11T15:27:40.000Z,"""ace57d3b859141b938a738df6a205ac3-6""",44083890,STANDARD,nccs-efile,44.1 mb,https://nccs-efile.s3.us-east-1.amazonaws.com/public/efile_v2_2/F9-P06-T00-GOVERNANCE-EZ-2018.CSV
public/efile_v2_2/F9-P06-T00-GOVERNANCE-EZ-2019.CSV,2026-08-11T15:27:41.000Z,"""75e41f85dbb54b2bf5e228068f4491d0-6""",44864979,STANDARD,nccs-efile,44.9 mb,https://nccs-efile.s3.us-east-1.amazonaws.com/public/efile_v2_2/F9-P06-T00-GOVERNANCE-EZ-2019.CSV
public/efile_v2_2/F9-P06-T00-GOVERNANCE-EZ-2020.CSV,2026-08-11T15:27:41.000Z,"""99f7e233ba68fafe98a83bbe36d2fb64-7""",50473179,STANDARD,nccs-efile,50.5 mb,https://nccs-efile.s3.us-east-1.amazonaws.com/public/efile_v2_2/F9-P06-T00-GOVERNANCE-EZ-2020.CSV
public/efile_v2_2/F9-P06-T00-GOVERNANCE-EZ-2021.CSV,2026-08-11T15:27:41.000Z,"""2ef25ca70e4fe5c9b0e56bd83086c127-8""",59401921,STANDARD,nccs-efile,59.4 mb,https://nccs-efile.s3.us-east-1.amazonaws.com/public/efile_v2_2/F9-P06-T00-GOVERNANCE-EZ-2021.CSV
public/efile_v2_2/F9-P06-T00-GOVERNANCE-EZ-2022.CSV,2026-08-11T17:05:33.000Z,"""2e40c07dce784bad06b80d2aa1cb8bef-8""",60367056,STANDARD,nccs-efile,60.4 mb,https://nccs-efile.s3.us-east-1.amazonaws.com/public/efile_v2_2/F9-P06-T00-GOVERNANCE-EZ-2022.CSV
public/efile_v2_2/F9-P06-T00-GOVERNANCE-EZ-2023.CSV,2026-08-11T17:05:33.000Z,"""12638b17689d183d1324dcf08a1838de-8""",60387087,STANDARD,nccs-efile,60.4 mb,https://nccs-efile.s3.us-east-1.amazonaws.com/public/efile_v2_2/F9-P06-T00-GOVERNANCE-EZ-2023.CSV
public/efile_v2_2/F9-P06-T00-GOVERNANCE-EZ-2024.CSV,2026-08-11T17:05:34.000Z,"""d74b69ae0e18b526d87a9f369201ec5f-7""",52278226,STANDARD,nccs-efile,52.3 mb,https://nccs-efile.s3.us-east-1.amazonaws.com/public/efile_v2_2/F9-P06-T00-GOVERNANCE-EZ-2024.CSV
public/efile_v2_2/F9-P07-T00-DIR-TRUST-KEY-2009.CSV,2026-08-11T15:27:42.000Z,"""a13e934e518f698c6bab3f2fc6dd3949-2""",10131148,STANDARD,nccs-efile,10.1 mb,https://nccs-efile.s3.us-east-1.amazonaws.com/public/efile_v2_2/F9-P07-T00-DIR-TRUST-KEY-2009.CSV
public/efile_v2_2/F9-P07-T00-DIR-TRUST-KEY-2010.CSV,2026-08-11T15:27:42.000Z,"""754b3ea540204fcdee89a05ca01a152f-7""",51779040,STANDARD,nccs-efile,51.8 mb,https://nccs-efile.s3.us-east-1.amazonaws.com/public/efile_v2_2/F9-P07-T00-DIR-TRUST-KEY-2010.CSV
public/efile_v2_2/F9-P07-T00-DIR-TRUST-KEY-2011.CSV,2026-08-11T15:27:43.000Z,"""d171bf7348925accb8fbbd820ce85db3-9""",67339290,STANDARD,nccs-efile,67.3 mb,https://nccs-efile.s3.us-east-1.amazonaws.com/public/efile_v2_2/F9-P07-T00-DIR-TRUST-KEY-2011.CSV
public/efile_v2_2/F9-P07-T00-DIR-TRUST-KEY-2012.CSV,2026-08-11T15:27:43.000Z,"""3336b8ee99796aa2bf2221af20ca9a76-10""",75759633,STANDARD,nccs-efile,75.8 mb,https://nccs-efile.s3.us-east-1.amazonaws.com/public/efile_v2_2/F9-P07-T00-DIR-TRUST-KEY-2012.CSV
public/efile_v2_2/F9-P07-T00-DIR-TRUST-KEY-2013.CSV,2026-08-11T15:27:44.000Z,"""c26f19cfb1a9121fd896b0dd1f3c4d54-11""",84040322,STANDARD,nccs-efile,84 mb,https://nccs-efile.s3.us-east-1.amazonaws.com/public/efile_v2_2/F9-P07-T00-DIR-TRUST-KEY-2013.CSV
public/efile_v2_2/F9-P07-T00-DIR-TRUST-KEY-2014.CSV,2026-08-11T15:27:44.000Z,"""97cf6c6ac067e9d65013c3fe054130ec-12""",92879945,STANDARD,nccs-efile,92.9 mb,https://nccs-efile.s3.us-east-1.amazonaws.com/public/efile_v2_2/F9-P07-T00-DIR-TRUST-KEY-2014.CSV
public/efile_v2_2/F9-P07-T00-DIR-TRUST-KEY-2015.CSV,2026-08-11T15:27:45.000Z,"""25bd7d0b8cfe6deee3404c271399cc44-12""",99665167,STANDARD,nccs-efile,99.7 mb,https://nccs-efile.s3.us-east-1.amazonaws.com/public/efile_v2_2/F9-P07-T00-DIR-TRUST-KEY-2015.CSV
public/efile_v2_2/F9-P07-T00-DIR-TRUST-KEY-2016.CSV,2026-08-11T15:27:45.000Z,"""407394a4ffad8f680f327ddf6e3e77e3-13""",104234027,STANDARD,nccs-efile,104.2 mb,https://nccs-efile.s3.us-east-1.amazonaws.com/public/efile_v2_2/F9-P07-T00-DIR-TRUST-KEY-2016.CSV
public/efile_v2_2/F9-P07-T00-DIR-TRUST-KEY-2017.CSV,2026-08-11T15:27:46.000Z,"""356ca7b13a39077923b3925aa2d9df11-14""",115202543,STANDARD,nccs-efile,115.2 mb,https://nccs-efile.s3.us-east-1.amazonaws.com/public/efile_v2_2/F9-P07-T00-DIR-TRUST-KEY-2017.CSV
public/efile_v2_2/F9-P07-T00-DIR-TRUST-KEY-2018.CSV,2026-08-11T15:27:47.000Z,"""0f4127c7a65d3f49b0d45c90b80e0c93-15""",120883058,STANDARD,nccs-efile,120.9 mb,https://nccs-efile.s3.us-east-1.amazonaws.com/public/efile_v2_2/F9-P07-T00-DIR-TRUST-KEY-2018.CSV
public/efile_v2_2/F9-P07-T00-DIR-TRUST-KEY-2019.CSV,2026-08-11T15:27:47.000Z,"""785a660e49331417becbce78f03f5193-15""",125539853,STANDARD,nccs-efile,125.5 mb,https://nccs-efile.s3.us-east-1.amazonaws.com/public/efile_v2_2/F9-P07-T00-DIR-TRUST-KEY-2019.CSV
public/efile_v2_2/F9-P07-T00-DIR-TRUST-KEY-2020.CSV,2026-08-11T15:27:48.000Z,"""075e916c6e81f208baf1d5a4fbb27c2d-18""",147707539,STANDARD,nccs-efile,147.7 mb,https://nccs-efile.s3.us-east-1.amazonaws.com/public/efile_v2_2/F9-P07-T00-DIR-TRUST-KEY-2020.CSV
public/efile_v2_2/F9-P07-T00-DIR-TRUST-KEY-2021.CSV,2026-08-11T15:27:49.000Z,"""ad6ee097d2b14ff51147e412931f29ff-19""",153177162,STANDARD,nccs-efile,153.2 mb,https://nccs-efile.s3.us-east-1.amazonaws.com/public/efile_v2_2/F9-P07-T00-DIR-TRUST-KEY-2021.CSV
public/efile_v2_2/F9-P07-T00-DIR-TRUST-KEY-2022.CSV,2026-08-11T17:05:35.000Z,"""f14e5eca353fcdb8ce4f86a22a2f242b-19""",157804422,STANDARD,nccs-efile,157.8 mb,https://nccs-efile.s3.us-east-1.amazonaws.com/public/efile_v2_2/F9-P07-T00-DIR-TRUST-KEY-2022.CSV
public/efile_v2_2/F9-P07-T00-DIR-TRUST-KEY-2023.CSV,2026-08-11T17:05:37.000Z,"""a5fdc8ef1dedbe32ce2d2b127d707ed7-19""",158101473,STANDARD,nccs-efile,158.1 mb,https://nccs-efile.s3.us-east-1.amazonaws.com/public/efile_v2_2/F9-P07-T00-DIR-TRUST-KEY-2023.CSV
public/efile_v2_2/F9-P07-T00-DIR-TRUST-KEY-2024.CSV,2026-08-11T17:05:39.000Z,"""45215b44ecf16aa8273f048bdee93319-16""",128285602,STANDARD,nccs-efile,128.3 mb,https://nccs-efile.s3.us-east-1.amazonaws.com/public/efile_v2_2/F9-P07-T00-DIR-TRUST-KEY-2024.CSV
public/efile_v2_2/F9-P07-T01-COMPENSATION-2009.CSV,2026-08-11T15:27:52.000Z,"""262670036c8064bec33397ae3abb27f9-31""",258059580,STANDARD,nccs-efile,258.1 mb,https://nccs-efile.s3.us-east-1.amazonaws.com/public/efile_v2_2/F9-P07-T01-COMPENSATION-2009.CSV
public/efile_v2_2/F9-P07-T01-COMPENSATION-2010.CSV,2026-08-11T15:27:53.000Z,"""8ed38fd85705fa62171117721aa3fbc6-91""",762931215,STANDARD,nccs-efile,762.9 mb,https://nccs-efile.s3.us-east-1.amazonaws.com/public/efile_v2_2/F9-P07-T01-COMPENSATION-2010.CSV
public/efile_v2_2/F9-P07-T01-COMPENSATION-2011.CSV,2026-08-11T15:27:57.000Z,"""a769dbe751f7af14b71c1d48478fba8e-116""",965919916,STANDARD,nccs-efile,965.9 mb,https://nccs-efile.s3.us-east-1.amazonaws.com/public/efile_v2_2/F9-P07-T01-COMPENSATION-2011.CSV
public/efile_v2_2/F9-P07-T01-COMPENSATION-2012.CSV,2026-08-11T15:28:02.000Z,"""9749a65bbfd019bc23a9d79efcbc7530-122""",1017587709,STANDARD,nccs-efile,1017.6 mb,https://nccs-efile.s3.us-east-1.amazonaws.com/public/efile_v2_2/F9-P07-T01-COMPENSATION-2012.CSV
public/efile_v2_2/F9-P07-T01-COMPENSATION-2013.CSV,2026-08-11T15:28:07.000Z,"""6552ecf045678e457ba4c6ef4a78402d-133""",1109205182,STANDARD,nccs-efile,1109.2 mb,https://nccs-efile.s3.us-east-1.amazonaws.com/public/efile_v2_2/F9-P07-T01-COMPENSATION-2013.CSV
public/efile_v2_2/F9-P07-T01-COMPENSATION-2014.CSV,2026-08-11T15:28:12.000Z,"""289b561fa66c075160c34c28d4f2bbc8-144""",1205475786,STANDARD,nccs-efile,1205.5 mb,https://nccs-efile.s3.us-east-1.amazonaws.com/public/efile_v2_2/F9-P07-T01-COMPENSATION-2014.CSV
public/efile_v2_2/F9-P07-T01-COMPENSATION-2015.CSV,2026-08-11T15:28:18.000Z,"""545de9928b034f3b14ca39a977ea3f6b-152""",1272100232,STANDARD,nccs-efile,1272.1 mb,https://nccs-efile.s3.us-east-1.amazonaws.com/public/efile_v2_2/F9-P07-T01-COMPENSATION-2015.CSV
public/efile_v2_2/F9-P07-T01-COMPENSATION-2016.CSV,2026-08-11T15:28:25.000Z,"""bb46fe778f6fa1fa76913861516c56cd-157""",1314807559,STANDARD,nccs-efile,1314.8 mb,https://nccs-efile.s3.us-east-1.amazonaws.com/public/efile_v2_2/F9-P07-T01-COMPENSATION-2016.CSV
public/efile_v2_2/F9-P07-T01-COMPENSATION-2017.CSV,2026-08-11T15:28:31.000Z,"""230007917fdb3a30340667a79cf44aba-167""",1400778180,STANDARD,nccs-efile,1400.8 mb,https://nccs-efile.s3.us-east-1.amazonaws.com/public/efile_v2_2/F9-P07-T01-COMPENSATION-2017.CSV
public/efile_v2_2/F9-P07-T01-COMPENSATION-2018.CSV,2026-08-11T15:28:38.000Z,"""b7794444086ee2bb8a896e31541c3ee2-171""",1433986423,STANDARD,nccs-efile,1434 mb,https://nccs-efile.s3.us-east-1.amazonaws.com/public/efile_v2_2/F9-P07-T01-COMPENSATION-2018.CSV
public/efile_v2_2/F9-P07-T01-COMPENSATION-2019.CSV,2026-08-11T15:28:45.000Z,"""bf1270b8c276f5fe3985ba1cdbf0ad19-177""",1481721069,STANDARD,nccs-efile,1481.7 mb,https://nccs-efile.s3.us-east-1.amazonaws.com/public/efile_v2_2/F9-P07-T01-COMPENSATION-2019.CSV
public/efile_v2_2/F9-P07-T01-COMPENSATION-2020.CSV,2026-08-11T15:28:53.000Z,"""7b43a987e0c6256c6141d25f8a1c7f08-206""",1725731310,STANDARD,nccs-efile,1725.7 mb,https://nccs-efile.s3.us-east-1.amazonaws.com/public/efile_v2_2/F9-P07-T01-COMPENSATION-2020.CSV
public/efile_v2_2/F9-P07-T01-COMPENSATION-2021.CSV,2026-08-11T15:29:02.000Z,"""f43032ef509dfdeac39377182f441910-206""",1721615087,STANDARD,nccs-efile,1721.6 mb,https://nccs-efile.s3.us-east-1.amazonaws.com/public/efile_v2_2/F9-P07-T01-COMPENSATION-2021.CSV
public/efile_v2_2/F9-P07-T01-COMPENSATION-2022.CSV,2026-08-11T17:05:44.000Z,"""f9ac1a03ae094dac92b0424824ed920b-210""",1754936061,STANDARD,nccs-efile,1754.9 mb,https://nccs-efile.s3.us-east-1.amazonaws.com/public/efile_v2_2/F9-P07-T01-COMPENSATION-2022.CSV
public/efile_v2_2/F9-P07-T01-COMPENSATION-2023.CSV,2026-08-11T17:06:03.000Z,"""8b6d54c83e4f43a235f1d82df28d51b4-211""",1762134966,STANDARD,nccs-efile,1762.1 mb,https://nccs-efile.s3.us-east-1.amazonaws.com/public/efile_v2_2/F9-P07-T01-COMPENSATION-2023.CSV
public/efile_v2_2/F9-P07-T01-COMPENSATION-2024.CSV,2026-08-11T17:06:22.000Z,"""22000780313179705a9bbc9378dc4932-160""",1340108316,STANDARD,nccs-efile,1340.1 mb,https://nccs-efile.s3.us-east-1.amazonaws.com/public/efile_v2_2/F9-P07-T01-COMPENSATION-2024.CSV
public/efile_v2_2/F9-P07-T01-COMPENSATION-HCE-EZ-2009.CSV,2026-08-11T15:28:39.000Z,"""023200f185fc952e1ef1d6fcd8d4ffe4""",3952923,STANDARD,nccs-efile,4 mb,https://nccs-efile.s3.us-east-1.amazonaws.com/public/efile_v2_2/F9-P07-T01-COMPENSATION-HCE-EZ-2009.CSV
public/efile_v2_2/F9-P07-T01-COMPENSATION-HCE-EZ-2010.CSV,2026-08-11T15:29:30.000Z,"""8504be995d9322e932ac70b780ae608e-2""",14312572,STANDARD,nccs-efile,14.3 mb,https://nccs-efile.s3.us-east-1.amazonaws.com/public/efile_v2_2/F9-P07-T01-COMPENSATION-HCE-EZ-2010.CSV
public/efile_v2_2/F9-P07-T01-COMPENSATION-HCE-EZ-2011.CSV,2026-08-11T15:29:30.000Z,"""dffb73bc33885c1c1c4b41123a39a3f2-3""",21127478,STANDARD,nccs-efile,21.1 mb,https://nccs-efile.s3.us-east-1.amazonaws.com/public/efile_v2_2/F9-P07-T01-COMPENSATION-HCE-EZ-2011.CSV
public/efile_v2_2/F9-P07-T01-COMPENSATION-HCE-EZ-2012.CSV,2026-08-11T15:29:30.000Z,"""f3e65d3366194230cb9916a040a31a17-3""",22779898,STANDARD,nccs-efile,22.8 mb,https://nccs-efile.s3.us-east-1.amazonaws.com/public/efile_v2_2/F9-P07-T01-COMPENSATION-HCE-EZ-2012.CSV
public/efile_v2_2/F9-P07-T01-COMPENSATION-HCE-EZ-2013.CSV,2026-08-11T15:29:31.000Z,"""f4df3b91c3eda96948c2f441e58ed2c9-4""",25315780,STANDARD,nccs-efile,25.3 mb,https://nccs-efile.s3.us-east-1.amazonaws.com/public/efile_v2_2/F9-P07-T01-COMPENSATION-HCE-EZ-2013.CSV
public/efile_v2_2/F9-P07-T01-COMPENSATION-HCE-EZ-2014.CSV,2026-08-11T15:29:31.000Z,"""8cb459c60b7866bd43ebcb7a98e1822c-4""",28421058,STANDARD,nccs-efile,28.4 mb,https://nccs-efile.s3.us-east-1.amazonaws.com/public/efile_v2_2/F9-P07-T01-COMPENSATION-HCE-EZ-2014.CSV
public/efile_v2_2/F9-P07-T01-COMPENSATION-HCE-EZ-2015.CSV,2026-08-11T15:29:31.000Z,"""8a58cc7bb73c0a6b4dd8ec1b9df0a9bb-4""",30621563,STANDARD,nccs-efile,30.6 mb,https://nccs-efile.s3.us-east-1.amazonaws.com/public/efile_v2_2/F9-P07-T01-COMPENSATION-HCE-EZ-2015.CSV
public/efile_v2_2/F9-P07-T01-COMPENSATION-HCE-EZ-2016.CSV,2026-08-11T15:29:31.000Z,"""43074fdcc552c7a5cdf4449ed24cdd78-4""",32074029,STANDARD,nccs-efile,32.1 mb,https://nccs-efile.s3.us-east-1.amazonaws.com/public/efile_v2_2/F9-P07-T01-COMPENSATION-HCE-EZ-2016.CSV
public/efile_v2_2/F9-P07-T01-COMPENSATION-HCE-EZ-2017.CSV,2026-08-11T15:29:32.000Z,"""6b0bc1d989e7dcbee94c670388066f0b-5""",34343815,STANDARD,nccs-efile,34.3 mb,https://nccs-efile.s3.us-east-1.amazonaws.com/public/efile_v2_2/F9-P07-T01-COMPENSATION-HCE-EZ-2017.CSV
public/efile_v2_2/F9-P07-T01-COMPENSATION-HCE-EZ-2018.CSV,2026-08-11T15:29:32.000Z,"""54bed784de43e38f05402bf9cdc8d432-5""",37167823,STANDARD,nccs-efile,37.2 mb,https://nccs-efile.s3.us-east-1.amazonaws.com/public/efile_v2_2/F9-P07-T01-COMPENSATION-HCE-EZ-2018.CSV
public/efile_v2_2/F9-P07-T01-COMPENSATION-HCE-EZ-2019.CSV,2026-08-11T15:29:32.000Z,"""26141bf5141ccdb7bd2c6ae625657343-5""",37697471,STANDARD,nccs-efile,37.7 mb,https://nccs-efile.s3.us-east-1.amazonaws.com/public/efile_v2_2/F9-P07-T01-COMPENSATION-HCE-EZ-2019.CSV
public/efile_v2_2/F9-P07-T01-COMPENSATION-HCE-EZ-2020.CSV,2026-08-11T15:29:33.000Z,"""195f6fc560d4012603510c1fcd5cf521-6""",42065463,STANDARD,nccs-efile,42.1 mb,https://nccs-efile.s3.us-east-1.amazonaws.com/public/efile_v2_2/F9-P07-T01-COMPENSATION-HCE-EZ-2020.CSV
public/efile_v2_2/F9-P07-T01-COMPENSATION-HCE-EZ-2021.CSV,2026-08-11T15:29:33.000Z,"""7e43337d877b65dfecbb649b7c7f529b-6""",50119931,STANDARD,nccs-efile,50.1 mb,https://nccs-efile.s3.us-east-1.amazonaws.com/public/efile_v2_2/F9-P07-T01-COMPENSATION-HCE-EZ-2021.CSV
public/efile_v2_2/F9-P07-T01-COMPENSATION-HCE-EZ-2022.CSV,2026-08-11T17:06:37.000Z,"""922724354e864e0f351828efda6c45a9-7""",51197577,STANDARD,nccs-efile,51.2 mb,https://nccs-efile.s3.us-east-1.amazonaws.com/public/efile_v2_2/F9-P07-T01-COMPENSATION-HCE-EZ-2022.CSV
public/efile_v2_2/F9-P07-T01-COMPENSATION-HCE-EZ-2023.CSV,2026-08-11T17:06:38.000Z,"""93908d2746353eac0252388bd8886a43-7""",51452222,STANDARD,nccs-efile,51.5 mb,https://nccs-efile.s3.us-east-1.amazonaws.com/public/efile_v2_2/F9-P07-T01-COMPENSATION-HCE-EZ-2023.CSV
public/efile_v2_2/F9-P07-T01-COMPENSATION-HCE-EZ-2024.CSV,2026-08-11T17:06:38.000Z,"""492dfa8fbf07afee1bab56143ba85276-6""",44930347,STANDARD,nccs-efile,44.9 mb,https://nccs-efile.s3.us-east-1.amazonaws.com/public/efile_v2_2/F9-P07-T01-COMPENSATION-HCE-EZ-2024.CSV
public/efile_v2_2/F9-P07-T02-CONTRACTORS-2009.CSV,2026-08-11T15:29:34.000Z,"""e0ecb7da2e77bf1931ed45741aaf18a4-2""",15597812,STANDARD,nccs-efile,15.6 mb,https://nccs-efile.s3.us-east-1.amazonaws.com/public/efile_v2_2/F9-P07-T02-CONTRACTORS-2009.CSV
public/efile_v2_2/F9-P07-T02-CONTRACTORS-2010.CSV,2026-08-11T15:29:34.000Z,"""9b9b0471aa0be9faf73be00b3fc918bf-5""",37674494,STANDARD,nccs-efile,37.7 mb,https://nccs-efile.s3.us-east-1.amazonaws.com/public/efile_v2_2/F9-P07-T02-CONTRACTORS-2010.CSV
public/efile_v2_2/F9-P07-T02-CONTRACTORS-2011.CSV,2026-08-11T15:29:35.000Z,"""a3ce5ec41014c93a3710a78d3d557589-6""",47404616,STANDARD,nccs-efile,47.4 mb,https://nccs-efile.s3.us-east-1.amazonaws.com/public/efile_v2_2/F9-P07-T02-CONTRACTORS-2011.CSV
public/efile_v2_2/F9-P07-T02-CONTRACTORS-2012.CSV,2026-08-11T15:29:35.000Z,"""10081617428fc343179388c4576f561f-7""",51732458,STANDARD,nccs-efile,51.7 mb,https://nccs-efile.s3.us-east-1.amazonaws.com/public/efile_v2_2/F9-P07-T02-CONTRACTORS-2012.CSV
public/efile_v2_2/F9-P07-T02-CONTRACTORS-2013.CSV,2026-08-11T15:29:36.000Z,"""a5ee69e3fd0977c3b75eec158710e3b9-7""",55893112,STANDARD,nccs-efile,55.9 mb,https://nccs-efile.s3.us-east-1.amazonaws.com/public/efile_v2_2/F9-P07-T02-CONTRACTORS-2013.CSV
public/efile_v2_2/F9-P07-T02-CONTRACTORS-2014.CSV,2026-08-11T15:29:36.000Z,"""ef390418f9c3fb4a26fdb8d510e9baba-8""",60991463,STANDARD,nccs-efile,61 mb,https://nccs-efile.s3.us-east-1.amazonaws.com/public/efile_v2_2/F9-P07-T02-CONTRACTORS-2014.CSV
public/efile_v2_2/F9-P07-T02-CONTRACTORS-2015.CSV,2026-08-11T15:29:36.000Z,"""26a220c4e6b0621f2f6d7f18ea721862-8""",65034825,STANDARD,nccs-efile,65 mb,https://nccs-efile.s3.us-east-1.amazonaws.com/public/efile_v2_2/F9-P07-T02-CONTRACTORS-2015.CSV
public/efile_v2_2/F9-P07-T02-CONTRACTORS-2016.CSV,2026-08-11T15:29:37.000Z,"""5deb6c69e3d0a6904d966d7e3f22497f-9""",67929026,STANDARD,nccs-efile,67.9 mb,https://nccs-efile.s3.us-east-1.amazonaws.com/public/efile_v2_2/F9-P07-T02-CONTRACTORS-2016.CSV
public/efile_v2_2/F9-P07-T02-CONTRACTORS-2017.CSV,2026-08-11T15:29:37.000Z,"""dfc68af10d178d1701aeccd80146f71b-9""",73514427,STANDARD,nccs-efile,73.5 mb,https://nccs-efile.s3.us-east-1.amazonaws.com/public/efile_v2_2/F9-P07-T02-CONTRACTORS-2017.CSV
public/efile_v2_2/F9-P07-T02-CONTRACTORS-2018.CSV,2026-08-11T15:29:38.000Z,"""0557536df1e2f605eec86d0c0d2d8c48-10""",76904559,STANDARD,nccs-efile,76.9 mb,https://nccs-efile.s3.us-east-1.amazonaws.com/public/efile_v2_2/F9-P07-T02-CONTRACTORS-2018.CSV
public/efile_v2_2/F9-P07-T02-CONTRACTORS-2019.CSV,2026-08-11T15:29:38.000Z,"""d1b63d53856f7c79b27bb36e0a21ef7f-10""",79465760,STANDARD,nccs-efile,79.5 mb,https://nccs-efile.s3.us-east-1.amazonaws.com/public/efile_v2_2/F9-P07-T02-CONTRACTORS-2019.CSV
public/efile_v2_2/F9-P07-T02-CONTRACTORS-2020.CSV,2026-08-11T15:29:39.000Z,"""dad472e4ab2ddb18f21760bbcd6c8c67-11""",88391897,STANDARD,nccs-efile,88.4 mb,https://nccs-efile.s3.us-east-1.amazonaws.com/public/efile_v2_2/F9-P07-T02-CONTRACTORS-2020.CSV
public/efile_v2_2/F9-P07-T02-CONTRACTORS-2021.CSV,2026-08-11T15:29:39.000Z,"""e7db7aae1113b4a6a63a28e2518083c9-12""",95846765,STANDARD,nccs-efile,95.8 mb,https://nccs-efile.s3.us-east-1.amazonaws.com/public/efile_v2_2/F9-P07-T02-CONTRACTORS-2021.CSV
public/efile_v2_2/F9-P07-T02-CONTRACTORS-2022.CSV,2026-08-11T17:06:39.000Z,"""247ba4d4a01247e2ba837ff4bd669562-12""",100638463,STANDARD,nccs-efile,100.6 mb,https://nccs-efile.s3.us-east-1.amazonaws.com/public/efile_v2_2/F9-P07-T02-CONTRACTORS-2022.CSV
public/efile_v2_2/F9-P07-T02-CONTRACTORS-2023.CSV,2026-08-11T17:06:41.000Z,"""22e64f864f99fd9877aa79881332ccdd-13""",103210118,STANDARD,nccs-efile,103.2 mb,https://nccs-efile.s3.us-east-1.amazonaws.com/public/efile_v2_2/F9-P07-T02-CONTRACTORS-2023.CSV
public/efile_v2_2/F9-P07-T02-CONTRACTORS-2024.CSV,2026-08-11T17:06:42.000Z,"""1f8100a49d3484880f0c0025ba50e903-10""",79632069,STANDARD,nccs-efile,79.6 mb,https://nccs-efile.s3.us-east-1.amazonaws.com/public/efile_v2_2/F9-P07-T02-CONTRACTORS-2024.CSV
public/efile_v2_2/F9-P08-T00-REVENUE-2009.CSV,2026-08-11T15:29:41.000Z,"""9c30f2d51d16d8520aa26e6bda49f604-4""",25382935,STANDARD,nccs-efile,25.4 mb,https://nccs-efile.s3.us-east-1.amazonaws.com/public/efile_v2_2/F9-P08-T00-REVENUE-2009.CSV
public/efile_v2_2/F9-P08-T00-REVENUE-2010.CSV,2026-08-11T15:29:41.000Z,"""f4e5ec598621248ffa0c3f48b4fb0d73-12""",93436575,STANDARD,nccs-efile,93.4 mb,https://nccs-efile.s3.us-east-1.amazonaws.com/public/efile_v2_2/F9-P08-T00-REVENUE-2010.CSV
public/efile_v2_2/F9-P08-T00-REVENUE-2011.CSV,2026-08-11T15:29:42.000Z,"""aea11feccfa2bd972c99eb885818788c-15""",120865004,STANDARD,nccs-efile,120.9 mb,https://nccs-efile.s3.us-east-1.amazonaws.com/public/efile_v2_2/F9-P08-T00-REVENUE-2011.CSV
public/efile_v2_2/F9-P08-T00-REVENUE-2012.CSV,2026-08-11T15:29:43.000Z,"""d4576e12d161f22bfc670e363f0cd35b-17""",137368798,STANDARD,nccs-efile,137.4 mb,https://nccs-efile.s3.us-east-1.amazonaws.com/public/efile_v2_2/F9-P08-T00-REVENUE-2012.CSV
public/efile_v2_2/F9-P08-T00-REVENUE-2013.CSV,2026-08-11T15:29:44.000Z,"""96f9882b91cfa5d901ad1089dff78b35-19""",151716232,STANDARD,nccs-efile,151.7 mb,https://nccs-efile.s3.us-east-1.amazonaws.com/public/efile_v2_2/F9-P08-T00-REVENUE-2013.CSV
public/efile_v2_2/F9-P08-T00-REVENUE-2014.CSV,2026-08-11T15:29:45.000Z,"""713425f8792a9e0541548560fb09e474-20""",166811049,STANDARD,nccs-efile,166.8 mb,https://nccs-efile.s3.us-east-1.amazonaws.com/public/efile_v2_2/F9-P08-T00-REVENUE-2014.CSV
public/efile_v2_2/F9-P08-T00-REVENUE-2015.CSV,2026-08-11T15:29:46.000Z,"""062162d12472186bcb55a9c1116bf0d0-22""",177809907,STANDARD,nccs-efile,177.8 mb,https://nccs-efile.s3.us-east-1.amazonaws.com/public/efile_v2_2/F9-P08-T00-REVENUE-2015.CSV
public/efile_v2_2/F9-P08-T00-REVENUE-2016.CSV,2026-08-11T15:29:47.000Z,"""8feff4f809a2a76fb014f4eed88781fa-23""",185154627,STANDARD,nccs-efile,185.2 mb,https://nccs-efile.s3.us-east-1.amazonaws.com/public/efile_v2_2/F9-P08-T00-REVENUE-2016.CSV
public/efile_v2_2/F9-P08-T00-REVENUE-2017.CSV,2026-08-11T15:29:48.000Z,"""69661689cc62e14d7ffd52349131d599-24""",197929758,STANDARD,nccs-efile,197.9 mb,https://nccs-efile.s3.us-east-1.amazonaws.com/public/efile_v2_2/F9-P08-T00-REVENUE-2017.CSV
public/efile_v2_2/F9-P08-T00-REVENUE-2018.CSV,2026-08-11T15:29:49.000Z,"""dcb40f728ed53107e7587f1a673d7419-25""",206544191,STANDARD,nccs-efile,206.5 mb,https://nccs-efile.s3.us-east-1.amazonaws.com/public/efile_v2_2/F9-P08-T00-REVENUE-2018.CSV
public/efile_v2_2/F9-P08-T00-REVENUE-2019.CSV,2026-08-11T15:29:50.000Z,"""0f142f66a95a1c4cd1e39aec2d727578-26""",214030231,STANDARD,nccs-efile,214 mb,https://nccs-efile.s3.us-east-1.amazonaws.com/public/efile_v2_2/F9-P08-T00-REVENUE-2019.CSV
public/efile_v2_2/F9-P08-T00-REVENUE-2020.CSV,2026-08-11T15:29:51.000Z,"""90966cc443a882021d9c66592d8ca2b7-30""",251651895,STANDARD,nccs-efile,251.7 mb,https://nccs-efile.s3.us-east-1.amazonaws.com/public/efile_v2_2/F9-P08-T00-REVENUE-2020.CSV
public/efile_v2_2/F9-P08-T00-REVENUE-2021.CSV,2026-08-11T15:29:53.000Z,"""8dccddc215421b67f583c0964f13de85-32""",260909968,STANDARD,nccs-efile,260.9 mb,https://nccs-efile.s3.us-east-1.amazonaws.com/public/efile_v2_2/F9-P08-T00-REVENUE-2021.CSV
public/efile_v2_2/F9-P08-T00-REVENUE-2022.CSV,2026-08-11T17:06:43.000Z,"""3cd0b638db46255a49221eb7a982371f-33""",268651366,STANDARD,nccs-efile,268.7 mb,https://nccs-efile.s3.us-east-1.amazonaws.com/public/efile_v2_2/F9-P08-T00-REVENUE-2022.CSV
public/efile_v2_2/F9-P08-T00-REVENUE-2023.CSV,2026-08-11T17:06:46.000Z,"""5419c0e0ab24537ac224873880f6e4e5-33""",272177654,STANDARD,nccs-efile,272.2 mb,https://nccs-efile.s3.us-east-1.amazonaws.com/public/efile_v2_2/F9-P08-T00-REVENUE-2023.CSV
public/efile_v2_2/F9-P08-T00-REVENUE-2024.CSV,2026-08-11T17:06:49.000Z,"""822e89c284f5ebae28c3f19c8ada7152-27""",219593251,STANDARD,nccs-efile,219.6 mb,https://nccs-efile.s3.us-east-1.amazonaws.com/public/efile_v2_2/F9-P08-T00-REVENUE-2024.CSV
public/efile_v2_2/F9-P08-T01-REVENUE-PROGRAMS-2009.CSV,2026-08-11T15:29:57.000Z,"""2140d5a141667eb2b331941bc20c1efb-4""",27783992,STANDARD,nccs-efile,27.8 mb,https://nccs-efile.s3.us-east-1.amazonaws.com/public/efile_v2_2/F9-P08-T01-REVENUE-PROGRAMS-2009.CSV
public/efile_v2_2/F9-P08-T01-REVENUE-PROGRAMS-2010.CSV,2026-08-11T15:29:58.000Z,"""df7dd25b36059411e6be14c6d06696f8-11""",91009470,STANDARD,nccs-efile,91 mb,https://nccs-efile.s3.us-east-1.amazonaws.com/public/efile_v2_2/F9-P08-T01-REVENUE-PROGRAMS-2010.CSV
public/efile_v2_2/F9-P08-T01-REVENUE-PROGRAMS-2011.CSV,2026-08-11T15:29:58.000Z,"""c44342eb5f570a6c41696aa2e762db8e-15""",117918588,STANDARD,nccs-efile,117.9 mb,https://nccs-efile.s3.us-east-1.amazonaws.com/public/efile_v2_2/F9-P08-T01-REVENUE-PROGRAMS-2011.CSV
public/efile_v2_2/F9-P08-T01-REVENUE-PROGRAMS-2012.CSV,2026-08-11T15:29:59.000Z,"""70f3c5351bcc5f018af048c04b5b6dea-16""",132070401,STANDARD,nccs-efile,132.1 mb,https://nccs-efile.s3.us-east-1.amazonaws.com/public/efile_v2_2/F9-P08-T01-REVENUE-PROGRAMS-2012.CSV
public/efile_v2_2/F9-P08-T01-REVENUE-PROGRAMS-2013.CSV,2026-08-11T15:30:00.000Z,"""1f3ffe0afd3a5b346b1a0d18b2f04b8b-12""",99085509,STANDARD,nccs-efile,99.1 mb,https://nccs-efile.s3.us-east-1.amazonaws.com/public/efile_v2_2/F9-P08-T01-REVENUE-PROGRAMS-2013.CSV
public/efile_v2_2/F9-P08-T01-REVENUE-PROGRAMS-2014.CSV,2026-08-11T15:30:00.000Z,"""90c10559ff451c75de98bc8f8713e15f-13""",106887530,STANDARD,nccs-efile,106.9 mb,https://nccs-efile.s3.us-east-1.amazonaws.com/public/efile_v2_2/F9-P08-T01-REVENUE-PROGRAMS-2014.CSV
public/efile_v2_2/F9-P08-T01-REVENUE-PROGRAMS-2015.CSV,2026-08-11T15:30:01.000Z,"""8cac6cb7d600e462736e96be4c740b96-14""",113519118,STANDARD,nccs-efile,113.5 mb,https://nccs-efile.s3.us-east-1.amazonaws.com/public/efile_v2_2/F9-P08-T01-REVENUE-PROGRAMS-2015.CSV
public/efile_v2_2/F9-P08-T01-REVENUE-PROGRAMS-2016.CSV,2026-08-11T15:30:01.000Z,"""5195c1abe32280a2ba1f94bc1db8c195-15""",117493357,STANDARD,nccs-efile,117.5 mb,https://nccs-efile.s3.us-east-1.amazonaws.com/public/efile_v2_2/F9-P08-T01-REVENUE-PROGRAMS-2016.CSV
public/efile_v2_2/F9-P08-T01-REVENUE-PROGRAMS-2017.CSV,2026-08-11T15:30:02.000Z,"""09837cd3efce2431a637815cec9e750c-15""",124950565,STANDARD,nccs-efile,125 mb,https://nccs-efile.s3.us-east-1.amazonaws.com/public/efile_v2_2/F9-P08-T01-REVENUE-PROGRAMS-2017.CSV
public/efile_v2_2/F9-P08-T01-REVENUE-PROGRAMS-2018.CSV,2026-08-11T15:30:03.000Z,"""5b88104c7b41f1ae9d058d9f2c8b890e-16""",127408380,STANDARD,nccs-efile,127.4 mb,https://nccs-efile.s3.us-east-1.amazonaws.com/public/efile_v2_2/F9-P08-T01-REVENUE-PROGRAMS-2018.CSV
public/efile_v2_2/F9-P08-T01-REVENUE-PROGRAMS-2019.CSV,2026-08-11T15:30:04.000Z,"""52cf8d003ee576dfa434929a1152d323-16""",130088940,STANDARD,nccs-efile,130.1 mb,https://nccs-efile.s3.us-east-1.amazonaws.com/public/efile_v2_2/F9-P08-T01-REVENUE-PROGRAMS-2019.CSV
public/efile_v2_2/F9-P08-T01-REVENUE-PROGRAMS-2020.CSV,2026-08-11T15:30:05.000Z,"""c693b01c9d4aaba3ef1d91776bfc80b3-18""",149806400,STANDARD,nccs-efile,149.8 mb,https://nccs-efile.s3.us-east-1.amazonaws.com/public/efile_v2_2/F9-P08-T01-REVENUE-PROGRAMS-2020.CSV
public/efile_v2_2/F9-P08-T01-REVENUE-PROGRAMS-2021.CSV,2026-08-11T15:30:05.000Z,"""cc592049a2731a2f7db5eb21aed1354c-18""",146427989,STANDARD,nccs-efile,146.4 mb,https://nccs-efile.s3.us-east-1.amazonaws.com/public/efile_v2_2/F9-P08-T01-REVENUE-PROGRAMS-2021.CSV
public/efile_v2_2/F9-P08-T01-REVENUE-PROGRAMS-2022.CSV,2026-08-11T17:06:52.000Z,"""3cd990dc023ed9d07d54f95c25a370e4-19""",152054677,STANDARD,nccs-efile,152.1 mb,https://nccs-efile.s3.us-east-1.amazonaws.com/public/efile_v2_2/F9-P08-T01-REVENUE-PROGRAMS-2022.CSV
public/efile_v2_2/F9-P08-T01-REVENUE-PROGRAMS-2023.CSV,2026-08-11T17:06:53.000Z,"""b2314d0ac50176caca4f98196483fa72-19""",154194317,STANDARD,nccs-efile,154.2 mb,https://nccs-efile.s3.us-east-1.amazonaws.com/public/efile_v2_2/F9-P08-T01-REVENUE-PROGRAMS-2023.CSV
public/efile_v2_2/F9-P08-T01-REVENUE-PROGRAMS-2024.CSV,2026-08-11T17:06:55.000Z,"""d228c5ee00f0c82afddb57d488706abe-14""",116158100,STANDARD,nccs-efile,116.2 mb,https://nccs-efile.s3.us-east-1.amazonaws.com/public/efile_v2_2/F9-P08-T01-REVENUE-PROGRAMS-2024.CSV
public/efile_v2_2/F9-P08-T02-REVENUE-MISC-2009.CSV,2026-08-11T15:30:08.000Z,"""740eac381de8b695ccbb26972ede0ce1-2""",8911626,STANDARD,nccs-efile,8.9 mb,https://nccs-efile.s3.us-east-1.amazonaws.com/public/efile_v2_2/F9-P08-T02-REVENUE-MISC-2009.CSV
public/efile_v2_2/F9-P08-T02-REVENUE-MISC-2010.CSV,2026-08-11T15:30:08.000Z,"""2203ef309b7359895fa39c245b4efe51-4""",26065743,STANDARD,nccs-efile,26.1 mb,https://nccs-efile.s3.us-east-1.amazonaws.com/public/efile_v2_2/F9-P08-T02-REVENUE-MISC-2010.CSV
public/efile_v2_2/F9-P08-T02-REVENUE-MISC-2011.CSV,2026-08-11T15:30:08.000Z,"""d755720c1c9e710d25d0eba9116a4548-4""",31929331,STANDARD,nccs-efile,31.9 mb,https://nccs-efile.s3.us-east-1.amazonaws.com/public/efile_v2_2/F9-P08-T02-REVENUE-MISC-2011.CSV
public/efile_v2_2/F9-P08-T02-REVENUE-MISC-2012.CSV,2026-08-11T15:30:09.000Z,"""39d0b9964ab5274e388c18f2fc19e891-5""",35841295,STANDARD,nccs-efile,35.8 mb,https://nccs-efile.s3.us-east-1.amazonaws.com/public/efile_v2_2/F9-P08-T02-REVENUE-MISC-2012.CSV
public/efile_v2_2/F9-P08-T02-REVENUE-MISC-2013.CSV,2026-08-11T15:30:09.000Z,"""5b46fc42258673b89dc4ed65d75a6e51-5""",38490480,STANDARD,nccs-efile,38.5 mb,https://nccs-efile.s3.us-east-1.amazonaws.com/public/efile_v2_2/F9-P08-T02-REVENUE-MISC-2013.CSV
public/efile_v2_2/F9-P08-T02-REVENUE-MISC-2014.CSV,2026-08-11T15:30:09.000Z,"""85539bdaf654ad79df8f5bc16c660aae-5""",40861206,STANDARD,nccs-efile,40.9 mb,https://nccs-efile.s3.us-east-1.amazonaws.com/public/efile_v2_2/F9-P08-T02-REVENUE-MISC-2014.CSV
public/efile_v2_2/F9-P08-T02-REVENUE-MISC-2015.CSV,2026-08-11T15:30:10.000Z,"""5c96ea953c462cbb488ce460faea8ced-6""",42743013,STANDARD,nccs-efile,42.7 mb,https://nccs-efile.s3.us-east-1.amazonaws.com/public/efile_v2_2/F9-P08-T02-REVENUE-MISC-2015.CSV
public/efile_v2_2/F9-P08-T02-REVENUE-MISC-2016.CSV,2026-08-11T15:30:10.000Z,"""492bce4945bff25eb2b477261bb47bdb-6""",43640313,STANDARD,nccs-efile,43.6 mb,https://nccs-efile.s3.us-east-1.amazonaws.com/public/efile_v2_2/F9-P08-T02-REVENUE-MISC-2016.CSV
public/efile_v2_2/F9-P08-T02-REVENUE-MISC-2017.CSV,2026-08-11T15:30:10.000Z,"""e1b3eb01407d948b21e78a49627421ff-6""",46511728,STANDARD,nccs-efile,46.5 mb,https://nccs-efile.s3.us-east-1.amazonaws.com/public/efile_v2_2/F9-P08-T02-REVENUE-MISC-2017.CSV
public/efile_v2_2/F9-P08-T02-REVENUE-MISC-2018.CSV,2026-08-11T15:30:10.000Z,"""f77a6ecb1bb398863649afcb7695a6b6-6""",46772814,STANDARD,nccs-efile,46.8 mb,https://nccs-efile.s3.us-east-1.amazonaws.com/public/efile_v2_2/F9-P08-T02-REVENUE-MISC-2018.CSV
public/efile_v2_2/F9-P08-T02-REVENUE-MISC-2019.CSV,2026-08-11T15:30:11.000Z,"""ffd7089442a833ae4f40b87bca88c20b-6""",48758055,STANDARD,nccs-efile,48.8 mb,https://nccs-efile.s3.us-east-1.amazonaws.com/public/efile_v2_2/F9-P08-T02-REVENUE-MISC-2019.CSV
public/efile_v2_2/F9-P08-T02-REVENUE-MISC-2020.CSV,2026-08-11T15:30:11.000Z,"""28b2268ad3eec3ff646b1d8201e26d95-8""",61202882,STANDARD,nccs-efile,61.2 mb,https://nccs-efile.s3.us-east-1.amazonaws.com/public/efile_v2_2/F9-P08-T02-REVENUE-MISC-2020.CSV
public/efile_v2_2/F9-P08-T02-REVENUE-MISC-2021.CSV,2026-08-11T15:30:12.000Z,"""513ba873fe7a95bdf809b0800fc26376-7""",58569967,STANDARD,nccs-efile,58.6 mb,https://nccs-efile.s3.us-east-1.amazonaws.com/public/efile_v2_2/F9-P08-T02-REVENUE-MISC-2021.CSV
public/efile_v2_2/F9-P08-T02-REVENUE-MISC-2022.CSV,2026-08-11T17:06:56.000Z,"""3bdf994a609bbabd8842c6b83ba206ce-8""",58868981,STANDARD,nccs-efile,58.9 mb,https://nccs-efile.s3.us-east-1.amazonaws.com/public/efile_v2_2/F9-P08-T02-REVENUE-MISC-2022.CSV
public/efile_v2_2/F9-P08-T02-REVENUE-MISC-2023.CSV,2026-08-11T17:06:57.000Z,"""9ab7b68dfc51299ada5ca99a3b1b7c83-8""",59627619,STANDARD,nccs-efile,59.6 mb,https://nccs-efile.s3.us-east-1.amazonaws.com/public/efile_v2_2/F9-P08-T02-REVENUE-MISC-2023.CSV
public/efile_v2_2/F9-P08-T02-REVENUE-MISC-2024.CSV,2026-08-11T17:06:58.000Z,"""f7ed5562b4c6b305aa18ad5f817fd57a-6""",44666567,STANDARD,nccs-efile,44.7 mb,https://nccs-efile.s3.us-east-1.amazonaws.com/public/efile_v2_2/F9-P08-T02-REVENUE-MISC-2024.CSV
public/efile_v2_2/F9-P09-T00-EXPENSES-2009.CSV,2026-08-11T15:30:13.000Z,"""9c3a58ede5e36787d0307f6632f6da1d-4""",31556754,STANDARD,nccs-efile,31.6 mb,https://nccs-efile.s3.us-east-1.amazonaws.com/public/efile_v2_2/F9-P09-T00-EXPENSES-2009.CSV
public/efile_v2_2/F9-P09-T00-EXPENSES-2010.CSV,2026-08-11T15:30:13.000Z,"""afd9ce81526b23505e2dd32089f18d2e-14""",114865746,STANDARD,nccs-efile,114.9 mb,https://nccs-efile.s3.us-east-1.amazonaws.com/public/efile_v2_2/F9-P09-T00-EXPENSES-2010.CSV
public/efile_v2_2/F9-P09-T00-EXPENSES-2011.CSV,2026-08-11T15:30:14.000Z,"""29bb6ceec776cb5dd623afe09687f8be-18""",148013095,STANDARD,nccs-efile,148 mb,https://nccs-efile.s3.us-east-1.amazonaws.com/public/efile_v2_2/F9-P09-T00-EXPENSES-2011.CSV
public/efile_v2_2/F9-P09-T00-EXPENSES-2012.CSV,2026-08-11T15:30:14.000Z,"""79a21931f5d962b9edeb9a7e225e5626-20""",166538585,STANDARD,nccs-efile,166.5 mb,https://nccs-efile.s3.us-east-1.amazonaws.com/public/efile_v2_2/F9-P09-T00-EXPENSES-2012.CSV
public/efile_v2_2/F9-P09-T00-EXPENSES-2013.CSV,2026-08-11T15:30:15.000Z,"""fa0a7c21901e294ecabc1cb5f45e2fd3-22""",183898230,STANDARD,nccs-efile,183.9 mb,https://nccs-efile.s3.us-east-1.amazonaws.com/public/efile_v2_2/F9-P09-T00-EXPENSES-2013.CSV
public/efile_v2_2/F9-P09-T00-EXPENSES-2014.CSV,2026-08-11T15:30:16.000Z,"""11d0df0d68710229566839d602954e3f-25""",201767624,STANDARD,nccs-efile,201.8 mb,https://nccs-efile.s3.us-east-1.amazonaws.com/public/efile_v2_2/F9-P09-T00-EXPENSES-2014.CSV
public/efile_v2_2/F9-P09-T00-EXPENSES-2015.CSV,2026-08-11T15:30:18.000Z,"""a4da4ef1c16e722fca4f32dc7db621f8-26""",214965084,STANDARD,nccs-efile,215 mb,https://nccs-efile.s3.us-east-1.amazonaws.com/public/efile_v2_2/F9-P09-T00-EXPENSES-2015.CSV
public/efile_v2_2/F9-P09-T00-EXPENSES-2016.CSV,2026-08-11T15:30:19.000Z,"""b2d7657a8cb52c4243dbe82aee81a01c-27""",223470599,STANDARD,nccs-efile,223.5 mb,https://nccs-efile.s3.us-east-1.amazonaws.com/public/efile_v2_2/F9-P09-T00-EXPENSES-2016.CSV
public/efile_v2_2/F9-P09-T00-EXPENSES-2017.CSV,2026-08-11T15:30:20.000Z,"""e699926c4e566da31092f4de856fbab0-29""",238764978,STANDARD,nccs-efile,238.8 mb,https://nccs-efile.s3.us-east-1.amazonaws.com/public/efile_v2_2/F9-P09-T00-EXPENSES-2017.CSV
public/efile_v2_2/F9-P09-T00-EXPENSES-2018.CSV,2026-08-11T15:30:21.000Z,"""f3e452746b022db1484e1376ed1377d2-30""",248708501,STANDARD,nccs-efile,248.7 mb,https://nccs-efile.s3.us-east-1.amazonaws.com/public/efile_v2_2/F9-P09-T00-EXPENSES-2018.CSV
public/efile_v2_2/F9-P09-T00-EXPENSES-2019.CSV,2026-08-11T15:30:23.000Z,"""c79d3da110602bf8001cc50d01b7c57c-31""",258467690,STANDARD,nccs-efile,258.5 mb,https://nccs-efile.s3.us-east-1.amazonaws.com/public/efile_v2_2/F9-P09-T00-EXPENSES-2019.CSV
public/efile_v2_2/F9-P09-T00-EXPENSES-2020.CSV,2026-08-11T15:30:24.000Z,"""24fec0aa7cdc81305427dfc3e2e77a42-37""",304867481,STANDARD,nccs-efile,304.9 mb,https://nccs-efile.s3.us-east-1.amazonaws.com/public/efile_v2_2/F9-P09-T00-EXPENSES-2020.CSV
public/efile_v2_2/F9-P09-T00-EXPENSES-2021.CSV,2026-08-11T15:30:26.000Z,"""f493be0f3691ec0d76691e8ad7b97485-38""",314584267,STANDARD,nccs-efile,314.6 mb,https://nccs-efile.s3.us-east-1.amazonaws.com/public/efile_v2_2/F9-P09-T00-EXPENSES-2021.CSV
public/efile_v2_2/F9-P09-T00-EXPENSES-2022.CSV,2026-08-11T17:06:58.000Z,"""31798c06eade4d72775aafb4c113c924-39""",324661033,STANDARD,nccs-efile,324.7 mb,https://nccs-efile.s3.us-east-1.amazonaws.com/public/efile_v2_2/F9-P09-T00-EXPENSES-2022.CSV
public/efile_v2_2/F9-P09-T00-EXPENSES-2023.CSV,2026-08-11T17:07:02.000Z,"""7ea458852ea849b1e37102346569236e-40""",328075502,STANDARD,nccs-efile,328.1 mb,https://nccs-efile.s3.us-east-1.amazonaws.com/public/efile_v2_2/F9-P09-T00-EXPENSES-2023.CSV
public/efile_v2_2/F9-P09-T00-EXPENSES-2024.CSV,2026-08-11T17:07:05.000Z,"""0b9c0739194d66154b977dc02d1e3283-32""",262064186,STANDARD,nccs-efile,262.1 mb,https://nccs-efile.s3.us-east-1.amazonaws.com/public/efile_v2_2/F9-P09-T00-EXPENSES-2024.CSV
public/efile_v2_2/F9-P09-T01-EXPENSES-OTHER-2009.CSV,2026-08-11T15:30:32.000Z,"""3f220eec68f22905fc49ad5b58ad504a-7""",52464241,STANDARD,nccs-efile,52.5 mb,https://nccs-efile.s3.us-east-1.amazonaws.com/public/efile_v2_2/F9-P09-T01-EXPENSES-OTHER-2009.CSV
public/efile_v2_2/F9-P09-T01-EXPENSES-OTHER-2010.CSV,2026-08-11T15:30:33.000Z,"""9ff3936f271a25ce6bbd7dba04f86ced-23""",191569170,STANDARD,nccs-efile,191.6 mb,https://nccs-efile.s3.us-east-1.amazonaws.com/public/efile_v2_2/F9-P09-T01-EXPENSES-OTHER-2010.CSV
public/efile_v2_2/F9-P09-T01-EXPENSES-OTHER-2011.CSV,2026-08-11T15:30:34.000Z,"""2c0af6a193cad5b8032324038342abf1-27""",219039622,STANDARD,nccs-efile,219 mb,https://nccs-efile.s3.us-east-1.amazonaws.com/public/efile_v2_2/F9-P09-T01-EXPENSES-OTHER-2011.CSV
public/efile_v2_2/F9-P09-T01-EXPENSES-OTHER-2012.CSV,2026-08-11T15:30:35.000Z,"""8da07c88138f57bbf0f665a3ce6464dc-29""",238722324,STANDARD,nccs-efile,238.7 mb,https://nccs-efile.s3.us-east-1.amazonaws.com/public/efile_v2_2/F9-P09-T01-EXPENSES-OTHER-2012.CSV
public/efile_v2_2/F9-P09-T01-EXPENSES-OTHER-2013.CSV,2026-08-11T15:30:36.000Z,"""8d39aec74baa17121fe61621c658e670-25""",204988881,STANDARD,nccs-efile,205 mb,https://nccs-efile.s3.us-east-1.amazonaws.com/public/efile_v2_2/F9-P09-T01-EXPENSES-OTHER-2013.CSV
public/efile_v2_2/F9-P09-T01-EXPENSES-OTHER-2014.CSV,2026-08-11T15:31:35.000Z,"""f13eaba2bce948cf04378f5cdbf84559-27""",223759440,STANDARD,nccs-efile,223.8 mb,https://nccs-efile.s3.us-east-1.amazonaws.com/public/efile_v2_2/F9-P09-T01-EXPENSES-OTHER-2014.CSV
public/efile_v2_2/F9-P09-T01-EXPENSES-OTHER-2015.CSV,2026-08-11T15:31:40.000Z,"""43ad341cb6ef3b9a0036e8195b8d300a-29""",237556251,STANDARD,nccs-efile,237.6 mb,https://nccs-efile.s3.us-east-1.amazonaws.com/public/efile_v2_2/F9-P09-T01-EXPENSES-OTHER-2015.CSV
public/efile_v2_2/F9-P09-T01-EXPENSES-OTHER-2016.CSV,2026-08-11T15:31:41.000Z,"""fc2344404ce785f7c999074a6589ac51-30""",246862871,STANDARD,nccs-efile,246.9 mb,https://nccs-efile.s3.us-east-1.amazonaws.com/public/efile_v2_2/F9-P09-T01-EXPENSES-OTHER-2016.CSV
public/efile_v2_2/F9-P09-T01-EXPENSES-OTHER-2017.CSV,2026-08-11T15:31:43.000Z,"""b5682cbe67e549fc41f0a6d79ffd87fe-32""",263106352,STANDARD,nccs-efile,263.1 mb,https://nccs-efile.s3.us-east-1.amazonaws.com/public/efile_v2_2/F9-P09-T01-EXPENSES-OTHER-2017.CSV
public/efile_v2_2/F9-P09-T01-EXPENSES-OTHER-2018.CSV,2026-08-11T15:31:44.000Z,"""1d3684ea50ed02cfef7bea09eb709728-33""",270602476,STANDARD,nccs-efile,270.6 mb,https://nccs-efile.s3.us-east-1.amazonaws.com/public/efile_v2_2/F9-P09-T01-EXPENSES-OTHER-2018.CSV
public/efile_v2_2/F9-P09-T01-EXPENSES-OTHER-2019.CSV,2026-08-11T15:31:46.000Z,"""174d9df1bee2ee8a1208a2abe09ec611-34""",280337559,STANDARD,nccs-efile,280.3 mb,https://nccs-efile.s3.us-east-1.amazonaws.com/public/efile_v2_2/F9-P09-T01-EXPENSES-OTHER-2019.CSV
public/efile_v2_2/F9-P09-T01-EXPENSES-OTHER-2020.CSV,2026-08-11T15:31:47.000Z,"""71f4a84ec6f7b6b6b41bdf976bc87182-40""",332699527,STANDARD,nccs-efile,332.7 mb,https://nccs-efile.s3.us-east-1.amazonaws.com/public/efile_v2_2/F9-P09-T01-EXPENSES-OTHER-2020.CSV
public/efile_v2_2/F9-P09-T01-EXPENSES-OTHER-2021.CSV,2026-08-11T15:31:49.000Z,"""10cf6b07fc71da78897cd70f2ec47552-39""",323807099,STANDARD,nccs-efile,323.8 mb,https://nccs-efile.s3.us-east-1.amazonaws.com/public/efile_v2_2/F9-P09-T01-EXPENSES-OTHER-2021.CSV
public/efile_v2_2/F9-P09-T01-EXPENSES-OTHER-2022.CSV,2026-08-11T17:07:08.000Z,"""bcccf86dc221014f498e3880955ee55c-41""",336192854,STANDARD,nccs-efile,336.2 mb,https://nccs-efile.s3.us-east-1.amazonaws.com/public/efile_v2_2/F9-P09-T01-EXPENSES-OTHER-2022.CSV
public/efile_v2_2/F9-P09-T01-EXPENSES-OTHER-2023.CSV,2026-08-11T17:07:12.000Z,"""8707db2b987f55a8a400a9fbca4c8456-41""",340765892,STANDARD,nccs-efile,340.8 mb,https://nccs-efile.s3.us-east-1.amazonaws.com/public/efile_v2_2/F9-P09-T01-EXPENSES-OTHER-2023.CSV
public/efile_v2_2/F9-P09-T01-EXPENSES-OTHER-2024.CSV,2026-08-11T17:07:15.000Z,"""7d921d44e3959e22bed52c04db834315-32""",263387376,STANDARD,nccs-efile,263.4 mb,https://nccs-efile.s3.us-east-1.amazonaws.com/public/efile_v2_2/F9-P09-T01-EXPENSES-OTHER-2024.CSV
public/efile_v2_2/F9-P10-T00-BALANCE-SHEET-2009.CSV,2026-08-11T15:31:55.000Z,"""0ac038fb898009e34bfc417daee2ecb2-4""",28768129,STANDARD,nccs-efile,28.8 mb,https://nccs-efile.s3.us-east-1.amazonaws.com/public/efile_v2_2/F9-P10-T00-BALANCE-SHEET-2009.CSV
public/efile_v2_2/F9-P10-T00-BALANCE-SHEET-2010.CSV,2026-08-11T15:31:55.000Z,"""330d9bb340cf0a4942a1283410e2749b-13""",106898400,STANDARD,nccs-efile,106.9 mb,https://nccs-efile.s3.us-east-1.amazonaws.com/public/efile_v2_2/F9-P10-T00-BALANCE-SHEET-2010.CSV
public/efile_v2_2/F9-P10-T00-BALANCE-SHEET-2011.CSV,2026-08-11T15:31:56.000Z,"""32668012f016fdb1d429e79b947dbb56-17""",137847750,STANDARD,nccs-efile,137.8 mb,https://nccs-efile.s3.us-east-1.amazonaws.com/public/efile_v2_2/F9-P10-T00-BALANCE-SHEET-2011.CSV
public/efile_v2_2/F9-P10-T00-BALANCE-SHEET-2012.CSV,2026-08-11T15:31:57.000Z,"""73562a90b3091a5f0022ba23ae696667-19""",155721603,STANDARD,nccs-efile,155.7 mb,https://nccs-efile.s3.us-east-1.amazonaws.com/public/efile_v2_2/F9-P10-T00-BALANCE-SHEET-2012.CSV
public/efile_v2_2/F9-P10-T00-BALANCE-SHEET-2013.CSV,2026-08-11T15:31:58.000Z,"""a91bfeada814bcdb370fd7d0ae2f8394-21""",172323071,STANDARD,nccs-efile,172.3 mb,https://nccs-efile.s3.us-east-1.amazonaws.com/public/efile_v2_2/F9-P10-T00-BALANCE-SHEET-2013.CSV
public/efile_v2_2/F9-P10-T00-BALANCE-SHEET-2014.CSV,2026-08-11T15:31:59.000Z,"""96c12ebe87b1ba3bec376ccada178888-23""",190003426,STANDARD,nccs-efile,190 mb,https://nccs-efile.s3.us-east-1.amazonaws.com/public/efile_v2_2/F9-P10-T00-BALANCE-SHEET-2014.CSV
public/efile_v2_2/F9-P10-T00-BALANCE-SHEET-2015.CSV,2026-08-11T15:32:00.000Z,"""45f85b578d36962471eebaa583cd5f41-25""",202979313,STANDARD,nccs-efile,203 mb,https://nccs-efile.s3.us-east-1.amazonaws.com/public/efile_v2_2/F9-P10-T00-BALANCE-SHEET-2015.CSV
public/efile_v2_2/F9-P10-T00-BALANCE-SHEET-2016.CSV,2026-08-11T15:32:01.000Z,"""28a2c34490ce0b6b3e389924129726ff-26""",211840721,STANDARD,nccs-efile,211.8 mb,https://nccs-efile.s3.us-east-1.amazonaws.com/public/efile_v2_2/F9-P10-T00-BALANCE-SHEET-2016.CSV
public/efile_v2_2/F9-P10-T00-BALANCE-SHEET-2017.CSV,2026-08-11T15:32:02.000Z,"""5f4171fd682e588da1492c0baeabebaf-28""",226698439,STANDARD,nccs-efile,226.7 mb,https://nccs-efile.s3.us-east-1.amazonaws.com/public/efile_v2_2/F9-P10-T00-BALANCE-SHEET-2017.CSV
public/efile_v2_2/F9-P10-T00-BALANCE-SHEET-2018.CSV,2026-08-11T15:32:04.000Z,"""3434fe6228be2bc26f0c7364533f42f0-29""",237332445,STANDARD,nccs-efile,237.3 mb,https://nccs-efile.s3.us-east-1.amazonaws.com/public/efile_v2_2/F9-P10-T00-BALANCE-SHEET-2018.CSV
public/efile_v2_2/F9-P10-T00-BALANCE-SHEET-2019.CSV,2026-08-11T15:32:05.000Z,"""b3d5979089ac153bab8c3f7a2233dea4-30""",243881147,STANDARD,nccs-efile,243.9 mb,https://nccs-efile.s3.us-east-1.amazonaws.com/public/efile_v2_2/F9-P10-T00-BALANCE-SHEET-2019.CSV
public/efile_v2_2/F9-P10-T00-BALANCE-SHEET-2020.CSV,2026-08-11T15:32:06.000Z,"""c0e72ca6465cfbf554fa104a32b5021d-35""",287935438,STANDARD,nccs-efile,287.9 mb,https://nccs-efile.s3.us-east-1.amazonaws.com/public/efile_v2_2/F9-P10-T00-BALANCE-SHEET-2020.CSV
public/efile_v2_2/F9-P10-T00-BALANCE-SHEET-2021.CSV,2026-08-11T15:32:08.000Z,"""ca21ee4b580eb9f5a3945a5e8fce5cf0-36""",298829061,STANDARD,nccs-efile,298.8 mb,https://nccs-efile.s3.us-east-1.amazonaws.com/public/efile_v2_2/F9-P10-T00-BALANCE-SHEET-2021.CSV
public/efile_v2_2/F9-P10-T00-BALANCE-SHEET-2022.CSV,2026-08-11T17:07:19.000Z,"""a325c01c3b4b6c2cbfd35f12f5085026-37""",307450506,STANDARD,nccs-efile,307.5 mb,https://nccs-efile.s3.us-east-1.amazonaws.com/public/efile_v2_2/F9-P10-T00-BALANCE-SHEET-2022.CSV
public/efile_v2_2/F9-P10-T00-BALANCE-SHEET-2023.CSV,2026-08-11T17:07:22.000Z,"""ddf90960596081c15351d7552ff37671-38""",310707805,STANDARD,nccs-efile,310.7 mb,https://nccs-efile.s3.us-east-1.amazonaws.com/public/efile_v2_2/F9-P10-T00-BALANCE-SHEET-2023.CSV
public/efile_v2_2/F9-P10-T00-BALANCE-SHEET-2024.CSV,2026-08-11T17:07:25.000Z,"""c276309fc3bd00868c60c8e0998928e5-30""",250435429,STANDARD,nccs-efile,250.4 mb,https://nccs-efile.s3.us-east-1.amazonaws.com/public/efile_v2_2/F9-P10-T00-BALANCE-SHEET-2024.CSV
public/efile_v2_2/F9-P11-T00-ASSETS-2009.CSV,2026-08-11T15:32:04.000Z,"""f5e42d2b381ef5d4b6331a9e977932bc""",1077704,STANDARD,nccs-efile,1.1 mb,https://nccs-efile.s3.us-east-1.amazonaws.com/public/efile_v2_2/F9-P11-T00-ASSETS-2009.CSV
public/efile_v2_2/F9-P11-T00-ASSETS-2010.CSV,2026-08-11T15:32:14.000Z,"""1ccded8b5f1191013519e413fd77ac2b-5""",41707427,STANDARD,nccs-efile,41.7 mb,https://nccs-efile.s3.us-east-1.amazonaws.com/public/efile_v2_2/F9-P11-T00-ASSETS-2010.CSV
public/efile_v2_2/F9-P11-T00-ASSETS-2011.CSV,2026-08-11T15:32:14.000Z,"""111e58f0d67baf03f40e6f0eb3e04b2d-7""",53535853,STANDARD,nccs-efile,53.5 mb,https://nccs-efile.s3.us-east-1.amazonaws.com/public/efile_v2_2/F9-P11-T00-ASSETS-2011.CSV
public/efile_v2_2/F9-P11-T00-ASSETS-2012.CSV,2026-08-11T15:32:15.000Z,"""ccac3335bcb5e440df5dfa4643a5dc39-8""",62595681,STANDARD,nccs-efile,62.6 mb,https://nccs-efile.s3.us-east-1.amazonaws.com/public/efile_v2_2/F9-P11-T00-ASSETS-2012.CSV
public/efile_v2_2/F9-P11-T00-ASSETS-2013.CSV,2026-08-11T15:32:15.000Z,"""6ab981cc7ff0ac83984a3753aaca1d61-9""",69005384,STANDARD,nccs-efile,69 mb,https://nccs-efile.s3.us-east-1.amazonaws.com/public/efile_v2_2/F9-P11-T00-ASSETS-2013.CSV
public/efile_v2_2/F9-P11-T00-ASSETS-2014.CSV,2026-08-11T15:32:16.000Z,"""d6dc74939c378d94c542584252437421-10""",75742580,STANDARD,nccs-efile,75.7 mb,https://nccs-efile.s3.us-east-1.amazonaws.com/public/efile_v2_2/F9-P11-T00-ASSETS-2014.CSV
public/efile_v2_2/F9-P11-T00-ASSETS-2015.CSV,2026-08-11T15:32:16.000Z,"""374a1d9a57e86da934eb512665c278cf-10""",80858203,STANDARD,nccs-efile,80.9 mb,https://nccs-efile.s3.us-east-1.amazonaws.com/public/efile_v2_2/F9-P11-T00-ASSETS-2015.CSV
public/efile_v2_2/F9-P11-T00-ASSETS-2016.CSV,2026-08-11T15:32:17.000Z,"""e26ca40b5bac5afa1b0ca2c432f66b39-11""",84258415,STANDARD,nccs-efile,84.3 mb,https://nccs-efile.s3.us-east-1.amazonaws.com/public/efile_v2_2/F9-P11-T00-ASSETS-2016.CSV
public/efile_v2_2/F9-P11-T00-ASSETS-2017.CSV,2026-08-11T15:32:17.000Z,"""4559548e1909334261e311524f8c86a9-11""",90316423,STANDARD,nccs-efile,90.3 mb,https://nccs-efile.s3.us-east-1.amazonaws.com/public/efile_v2_2/F9-P11-T00-ASSETS-2017.CSV
public/efile_v2_2/F9-P11-T00-ASSETS-2018.CSV,2026-08-11T15:32:18.000Z,"""245881af0d1818738912b937dab01d87-12""",93912956,STANDARD,nccs-efile,93.9 mb,https://nccs-efile.s3.us-east-1.amazonaws.com/public/efile_v2_2/F9-P11-T00-ASSETS-2018.CSV
public/efile_v2_2/F9-P11-T00-ASSETS-2019.CSV,2026-08-11T15:32:18.000Z,"""b604ee84c1aedebf4aaa8b64678a96c7-12""",98446126,STANDARD,nccs-efile,98.4 mb,https://nccs-efile.s3.us-east-1.amazonaws.com/public/efile_v2_2/F9-P11-T00-ASSETS-2019.CSV
public/efile_v2_2/F9-P11-T00-ASSETS-2020.CSV,2026-08-11T15:32:19.000Z,"""dda7f9dd318b8cd954d82917720476a9-15""",118533004,STANDARD,nccs-efile,118.5 mb,https://nccs-efile.s3.us-east-1.amazonaws.com/public/efile_v2_2/F9-P11-T00-ASSETS-2020.CSV
public/efile_v2_2/F9-P11-T00-ASSETS-2021.CSV,2026-08-11T15:32:20.000Z,"""6c16cb109fb9d026f56df2d1d78fa23c-15""",121605804,STANDARD,nccs-efile,121.6 mb,https://nccs-efile.s3.us-east-1.amazonaws.com/public/efile_v2_2/F9-P11-T00-ASSETS-2021.CSV
public/efile_v2_2/F9-P11-T00-ASSETS-2022.CSV,2026-08-11T17:07:28.000Z,"""aaab19e00dce1127401c0a89a1147380-15""",125327091,STANDARD,nccs-efile,125.3 mb,https://nccs-efile.s3.us-east-1.amazonaws.com/public/efile_v2_2/F9-P11-T00-ASSETS-2022.CSV
public/efile_v2_2/F9-P11-T00-ASSETS-2023.CSV,2026-08-11T17:07:29.000Z,"""da00b5ad213ab9fb51ed234ecb33c8f8-16""",126739127,STANDARD,nccs-efile,126.7 mb,https://nccs-efile.s3.us-east-1.amazonaws.com/public/efile_v2_2/F9-P11-T00-ASSETS-2023.CSV
public/efile_v2_2/F9-P11-T00-ASSETS-2024.CSV,2026-08-11T17:07:30.000Z,"""893ffd09a6591eb52500472bce6997ec-13""",101084046,STANDARD,nccs-efile,101.1 mb,https://nccs-efile.s3.us-east-1.amazonaws.com/public/efile_v2_2/F9-P11-T00-ASSETS-2024.CSV
public/efile_v2_2/F9-P12-T00-FINANCIAL-REPORTING-2009.CSV,2026-08-11T15:32:22.000Z,"""0389a06357dcf3fa20609e0620554049-2""",14861295,STANDARD,nccs-efile,14.9 mb,https://nccs-efile.s3.us-east-1.amazonaws.com/public/efile_v2_2/F9-P12-T00-FINANCIAL-REPORTING-2009.CSV
public/efile_v2_2/F9-P12-T00-FINANCIAL-REPORTING-2010.CSV,2026-08-11T15:32:22.000Z,"""c80b253ff3eab9a4c2f27ed511f18f14-7""",57461751,STANDARD,nccs-efile,57.5 mb,https://nccs-efile.s3.us-east-1.amazonaws.com/public/efile_v2_2/F9-P12-T00-FINANCIAL-REPORTING-2010.CSV
public/efile_v2_2/F9-P12-T00-FINANCIAL-REPORTING-2011.CSV,2026-08-11T15:32:23.000Z,"""915565d8c5efad82ca76e8952113f397-9""",74500779,STANDARD,nccs-efile,74.5 mb,https://nccs-efile.s3.us-east-1.amazonaws.com/public/efile_v2_2/F9-P12-T00-FINANCIAL-REPORTING-2011.CSV
public/efile_v2_2/F9-P12-T00-FINANCIAL-REPORTING-2012.CSV,2026-08-11T15:32:23.000Z,"""429b4602e9d44387b407cb91b799241d-11""",86680422,STANDARD,nccs-efile,86.7 mb,https://nccs-efile.s3.us-east-1.amazonaws.com/public/efile_v2_2/F9-P12-T00-FINANCIAL-REPORTING-2012.CSV
public/efile_v2_2/F9-P12-T00-FINANCIAL-REPORTING-2013.CSV,2026-08-11T15:32:24.000Z,"""fe7c6727d0daeee69c5a65ff2ed40b0e-12""",96107260,STANDARD,nccs-efile,96.1 mb,https://nccs-efile.s3.us-east-1.amazonaws.com/public/efile_v2_2/F9-P12-T00-FINANCIAL-REPORTING-2013.CSV
public/efile_v2_2/F9-P12-T00-FINANCIAL-REPORTING-2014.CSV,2026-08-11T15:32:24.000Z,"""645ab62b0b586ea8a23a073f00bbb83e-13""",106145804,STANDARD,nccs-efile,106.1 mb,https://nccs-efile.s3.us-east-1.amazonaws.com/public/efile_v2_2/F9-P12-T00-FINANCIAL-REPORTING-2014.CSV
public/efile_v2_2/F9-P12-T00-FINANCIAL-REPORTING-2015.CSV,2026-08-11T15:32:25.000Z,"""63e36484dc9acffda35afb83112915b1-14""",113496788,STANDARD,nccs-efile,113.5 mb,https://nccs-efile.s3.us-east-1.amazonaws.com/public/efile_v2_2/F9-P12-T00-FINANCIAL-REPORTING-2015.CSV
public/efile_v2_2/F9-P12-T00-FINANCIAL-REPORTING-2016.CSV,2026-08-11T15:32:25.000Z,"""881283dfc81268054e75ce3116351d03-15""",118500565,STANDARD,nccs-efile,118.5 mb,https://nccs-efile.s3.us-east-1.amazonaws.com/public/efile_v2_2/F9-P12-T00-FINANCIAL-REPORTING-2016.CSV
public/efile_v2_2/F9-P12-T00-FINANCIAL-REPORTING-2017.CSV,2026-08-11T15:32:26.000Z,"""eae2c6bcc617db057f83eb9158215010-16""",126789318,STANDARD,nccs-efile,126.8 mb,https://nccs-efile.s3.us-east-1.amazonaws.com/public/efile_v2_2/F9-P12-T00-FINANCIAL-REPORTING-2017.CSV
public/efile_v2_2/F9-P12-T00-FINANCIAL-REPORTING-2018.CSV,2026-08-11T15:32:27.000Z,"""246654a0afc63d95524c5c08341612d5-16""",133032420,STANDARD,nccs-efile,133 mb,https://nccs-efile.s3.us-east-1.amazonaws.com/public/efile_v2_2/F9-P12-T00-FINANCIAL-REPORTING-2018.CSV
public/efile_v2_2/F9-P12-T00-FINANCIAL-REPORTING-2019.CSV,2026-08-11T15:32:28.000Z,"""e5d79a68808e1418173b5ab33a78b58f-17""",138147835,STANDARD,nccs-efile,138.1 mb,https://nccs-efile.s3.us-east-1.amazonaws.com/public/efile_v2_2/F9-P12-T00-FINANCIAL-REPORTING-2019.CSV
public/efile_v2_2/F9-P12-T00-FINANCIAL-REPORTING-2020.CSV,2026-08-11T15:32:29.000Z,"""c671f5a4f007251bb7c8099f81714e7d-20""",162905606,STANDARD,nccs-efile,162.9 mb,https://nccs-efile.s3.us-east-1.amazonaws.com/public/efile_v2_2/F9-P12-T00-FINANCIAL-REPORTING-2020.CSV
public/efile_v2_2/F9-P12-T00-FINANCIAL-REPORTING-2021.CSV,2026-08-11T15:32:30.000Z,"""fb175bf333a872be841a8949bb31077a-21""",170164614,STANDARD,nccs-efile,170.2 mb,https://nccs-efile.s3.us-east-1.amazonaws.com/public/efile_v2_2/F9-P12-T00-FINANCIAL-REPORTING-2021.CSV
public/efile_v2_2/F9-P12-T00-FINANCIAL-REPORTING-2022.CSV,2026-08-11T17:07:31.000Z,"""d4d0d8488036430daade0eb04b051501-21""",175115404,STANDARD,nccs-efile,175.1 mb,https://nccs-efile.s3.us-east-1.amazonaws.com/public/efile_v2_2/F9-P12-T00-FINANCIAL-REPORTING-2022.CSV
public/efile_v2_2/F9-P12-T00-FINANCIAL-REPORTING-2023.CSV,2026-08-11T17:07:33.000Z,"""7dec50d85d40a085da12d0933ccc022b-22""",176918108,STANDARD,nccs-efile,176.9 mb,https://nccs-efile.s3.us-east-1.amazonaws.com/public/efile_v2_2/F9-P12-T00-FINANCIAL-REPORTING-2023.CSV
public/efile_v2_2/F9-P12-T00-FINANCIAL-REPORTING-2024.CSV,2026-08-11T17:07:35.000Z,"""cb2747a315b40b33be7774ec8ff36431-18""",143693818,STANDARD,nccs-efile,143.7 mb,https://nccs-efile.s3.us-east-1.amazonaws.com/public/efile_v2_2/F9-P12-T00-FINANCIAL-REPORTING-2024.CSV
public/efile_v2_2/SA-P00-T00-HEADER-2009.CSV,2026-08-11T15:32:28.000Z,"""3d7ef0e5f87c14399cb32e5b0790f039""",207,STANDARD,nccs-efile,0 mb,https://nccs-efile.s3.us-east-1.amazonaws.com/public/efile_v2_2/SA-P00-T00-HEADER-2009.CSV
public/efile_v2_2/SA-P00-T00-HEADER-2010.CSV,2026-08-11T15:32:28.000Z,"""3d7ef0e5f87c14399cb32e5b0790f039""",207,STANDARD,nccs-efile,0 mb,https://nccs-efile.s3.us-east-1.amazonaws.com/public/efile_v2_2/SA-P00-T00-HEADER-2010.CSV
public/efile_v2_2/SA-P00-T00-HEADER-2011.CSV,2026-08-11T15:32:28.000Z,"""3d7ef0e5f87c14399cb32e5b0790f039""",207,STANDARD,nccs-efile,0 mb,https://nccs-efile.s3.us-east-1.amazonaws.com/public/efile_v2_2/SA-P00-T00-HEADER-2011.CSV
public/efile_v2_2/SA-P00-T00-HEADER-2012.CSV,2026-08-11T15:32:29.000Z,"""3d7ef0e5f87c14399cb32e5b0790f039""",207,STANDARD,nccs-efile,0 mb,https://nccs-efile.s3.us-east-1.amazonaws.com/public/efile_v2_2/SA-P00-T00-HEADER-2012.CSV
public/efile_v2_2/SA-P00-T00-HEADER-2013.CSV,2026-08-11T15:32:29.000Z,"""3d7ef0e5f87c14399cb32e5b0790f039""",207,STANDARD,nccs-efile,0 mb,https://nccs-efile.s3.us-east-1.amazonaws.com/public/efile_v2_2/SA-P00-T00-HEADER-2013.CSV
public/efile_v2_2/SA-P00-T00-HEADER-2014.CSV,2026-08-11T15:32:29.000Z,"""3d7ef0e5f87c14399cb32e5b0790f039""",207,STANDARD,nccs-efile,0 mb,https://nccs-efile.s3.us-east-1.amazonaws.com/public/efile_v2_2/SA-P00-T00-HEADER-2014.CSV
public/efile_v2_2/SA-P00-T00-HEADER-2015.CSV,2026-08-11T15:32:29.000Z,"""3d7ef0e5f87c14399cb32e5b0790f039""",207,STANDARD,nccs-efile,0 mb,https://nccs-efile.s3.us-east-1.amazonaws.com/public/efile_v2_2/SA-P00-T00-HEADER-2015.CSV
public/efile_v2_2/SA-P00-T00-HEADER-2016.CSV,2026-08-11T15:32:29.000Z,"""3d7ef0e5f87c14399cb32e5b0790f039""",207,STANDARD,nccs-efile,0 mb,https://nccs-efile.s3.us-east-1.amazonaws.com/public/efile_v2_2/SA-P00-T00-HEADER-2016.CSV
public/efile_v2_2/SA-P00-T00-HEADER-2017.CSV,2026-08-11T15:32:29.000Z,"""3d7ef0e5f87c14399cb32e5b0790f039""",207,STANDARD,nccs-efile,0 mb,https://nccs-efile.s3.us-east-1.amazonaws.com/public/efile_v2_2/SA-P00-T00-HEADER-2017.CSV
public/efile_v2_2/SA-P00-T00-HEADER-2018.CSV,2026-08-11T15:32:29.000Z,"""3d7ef0e5f87c14399cb32e5b0790f039""",207,STANDARD,nccs-efile,0 mb,https://nccs-efile.s3.us-east-1.amazonaws.com/public/efile_v2_2/SA-P00-T00-HEADER-2018.CSV
public/efile_v2_2/SA-P00-T00-HEADER-2019.CSV,2026-08-11T15:32:30.000Z,"""3d7ef0e5f87c14399cb32e5b0790f039""",207,STANDARD,nccs-efile,0 mb,https://nccs-efile.s3.us-east-1.amazonaws.com/public/efile_v2_2/SA-P00-T00-HEADER-2019.CSV
public/efile_v2_2/SA-P00-T00-HEADER-2020.CSV,2026-08-11T15:32:30.000Z,"""3d7ef0e5f87c14399cb32e5b0790f039""",207,STANDARD,nccs-efile,0 mb,https://nccs-efile.s3.us-east-1.amazonaws.com/public/efile_v2_2/SA-P00-T00-HEADER-2020.CSV
public/efile_v2_2/SA-P00-T00-HEADER-2021.CSV,2026-08-11T15:32:30.000Z,"""3d7ef0e5f87c14399cb32e5b0790f039""",207,STANDARD,nccs-efile,0 mb,https://nccs-efile.s3.us-east-1.amazonaws.com/public/efile_v2_2/SA-P00-T00-HEADER-2021.CSV
public/efile_v2_2/SA-P00-T00-HEADER-2022.CSV,2026-08-11T17:07:37.000Z,"""3d7ef0e5f87c14399cb32e5b0790f039""",207,STANDARD,nccs-efile,0 mb,https://nccs-efile.s3.us-east-1.amazonaws.com/public/efile_v2_2/SA-P00-T00-HEADER-2022.CSV
public/efile_v2_2/SA-P00-T00-HEADER-2023.CSV,2026-08-11T17:07:37.000Z,"""3d7ef0e5f87c14399cb32e5b0790f039""",207,STANDARD,nccs-efile,0 mb,https://nccs-efile.s3.us-east-1.amazonaws.com/public/efile_v2_2/SA-P00-T00-HEADER-2023.CSV
public/efile_v2_2/SA-P00-T00-HEADER-2024.CSV,2026-08-11T17:07:37.000Z,"""3d7ef0e5f87c14399cb32e5b0790f039""",207,STANDARD,nccs-efile,0 mb,https://nccs-efile.s3.us-east-1.amazonaws.com/public/efile_v2_2/SA-P00-T00-HEADER-2024.CSV
public/efile_v2_2/SA-P01-T00-PUBLIC-CHARITY-STATUS-2009.CSV,2026-08-11T15:32:33.000Z,"""87a92c7216267d7bf255da4b4123bb19-2""",13862179,STANDARD,nccs-efile,13.9 mb,https://nccs-efile.s3.us-east-1.amazonaws.com/public/efile_v2_2/SA-P01-T00-PUBLIC-CHARITY-STATUS-2009.CSV
public/efile_v2_2/SA-P01-T00-PUBLIC-CHARITY-STATUS-2010.CSV,2026-08-11T15:32:33.000Z,"""72b5fc8f161653ec5c6b39e47f454172-6""",48859833,STANDARD,nccs-efile,48.9 mb,https://nccs-efile.s3.us-east-1.amazonaws.com/public/efile_v2_2/SA-P01-T00-PUBLIC-CHARITY-STATUS-2010.CSV
public/efile_v2_2/SA-P01-T00-PUBLIC-CHARITY-STATUS-2011.CSV,2026-08-11T15:32:33.000Z,"""ed5630b030e86d9f9213af6a77d174f9-8""",63388441,STANDARD,nccs-efile,63.4 mb,https://nccs-efile.s3.us-east-1.amazonaws.com/public/efile_v2_2/SA-P01-T00-PUBLIC-CHARITY-STATUS-2011.CSV
public/efile_v2_2/SA-P01-T00-PUBLIC-CHARITY-STATUS-2012.CSV,2026-08-11T15:32:34.000Z,"""48a662741b7e3bf670124d97292abf9a-9""",71739472,STANDARD,nccs-efile,71.7 mb,https://nccs-efile.s3.us-east-1.amazonaws.com/public/efile_v2_2/SA-P01-T00-PUBLIC-CHARITY-STATUS-2012.CSV
public/efile_v2_2/SA-P01-T00-PUBLIC-CHARITY-STATUS-2013.CSV,2026-08-11T15:32:34.000Z,"""2652676145645918952ac66f9acd597c-10""",79669679,STANDARD,nccs-efile,79.7 mb,https://nccs-efile.s3.us-east-1.amazonaws.com/public/efile_v2_2/SA-P01-T00-PUBLIC-CHARITY-STATUS-2013.CSV
public/efile_v2_2/SA-P01-T00-PUBLIC-CHARITY-STATUS-2014.CSV,2026-08-11T15:32:35.000Z,"""04205930fb1fd306375caf4a02b6b3af-11""",85869358,STANDARD,nccs-efile,85.9 mb,https://nccs-efile.s3.us-east-1.amazonaws.com/public/efile_v2_2/SA-P01-T00-PUBLIC-CHARITY-STATUS-2014.CSV
public/efile_v2_2/SA-P01-T00-PUBLIC-CHARITY-STATUS-2015.CSV,2026-08-11T15:32:35.000Z,"""81758d27e43b50c90b2e36923205fd92-11""",92155484,STANDARD,nccs-efile,92.2 mb,https://nccs-efile.s3.us-east-1.amazonaws.com/public/efile_v2_2/SA-P01-T00-PUBLIC-CHARITY-STATUS-2015.CSV
public/efile_v2_2/SA-P01-T00-PUBLIC-CHARITY-STATUS-2016.CSV,2026-08-11T15:32:36.000Z,"""0c28a435f4d0b7a7b9d9570a6fee4cbb-12""",96476543,STANDARD,nccs-efile,96.5 mb,https://nccs-efile.s3.us-east-1.amazonaws.com/public/efile_v2_2/SA-P01-T00-PUBLIC-CHARITY-STATUS-2016.CSV
public/efile_v2_2/SA-P01-T00-PUBLIC-CHARITY-STATUS-2017.CSV,2026-08-11T15:32:37.000Z,"""a0a01d6eda9b7c36a095757078b0d365-13""",103816966,STANDARD,nccs-efile,103.8 mb,https://nccs-efile.s3.us-east-1.amazonaws.com/public/efile_v2_2/SA-P01-T00-PUBLIC-CHARITY-STATUS-2017.CSV
public/efile_v2_2/SA-P01-T00-PUBLIC-CHARITY-STATUS-2018.CSV,2026-08-11T15:32:37.000Z,"""71a4edea84ff682e77519de1b8e20030-14""",109076703,STANDARD,nccs-efile,109.1 mb,https://nccs-efile.s3.us-east-1.amazonaws.com/public/efile_v2_2/SA-P01-T00-PUBLIC-CHARITY-STATUS-2018.CSV
public/efile_v2_2/SA-P01-T00-PUBLIC-CHARITY-STATUS-2019.CSV,2026-08-11T15:32:38.000Z,"""3161928159014c44e6a2cd0dcf952e98-14""",113893092,STANDARD,nccs-efile,113.9 mb,https://nccs-efile.s3.us-east-1.amazonaws.com/public/efile_v2_2/SA-P01-T00-PUBLIC-CHARITY-STATUS-2019.CSV
public/efile_v2_2/SA-P01-T00-PUBLIC-CHARITY-STATUS-2020.CSV,2026-08-11T15:32:38.000Z,"""5f92dbd5b121982b6f9079d29e87863a-17""",134583576,STANDARD,nccs-efile,134.6 mb,https://nccs-efile.s3.us-east-1.amazonaws.com/public/efile_v2_2/SA-P01-T00-PUBLIC-CHARITY-STATUS-2020.CSV
public/efile_v2_2/SA-P01-T00-PUBLIC-CHARITY-STATUS-2021.CSV,2026-08-11T15:32:39.000Z,"""8bd5d145dd8acfcf5bd6763288695970-17""",139871753,STANDARD,nccs-efile,139.9 mb,https://nccs-efile.s3.us-east-1.amazonaws.com/public/efile_v2_2/SA-P01-T00-PUBLIC-CHARITY-STATUS-2021.CSV
public/efile_v2_2/SA-P01-T00-PUBLIC-CHARITY-STATUS-2022.CSV,2026-08-11T17:07:37.000Z,"""d70341403099a76578aac2bb240684eb-18""",144970711,STANDARD,nccs-efile,145 mb,https://nccs-efile.s3.us-east-1.amazonaws.com/public/efile_v2_2/SA-P01-T00-PUBLIC-CHARITY-STATUS-2022.CSV
public/efile_v2_2/SA-P01-T00-PUBLIC-CHARITY-STATUS-2023.CSV,2026-08-11T17:07:39.000Z,"""952c455fad81fb7f41bd9c0ad7f87552-18""",147204136,STANDARD,nccs-efile,147.2 mb,https://nccs-efile.s3.us-east-1.amazonaws.com/public/efile_v2_2/SA-P01-T00-PUBLIC-CHARITY-STATUS-2023.CSV
public/efile_v2_2/SA-P01-T00-PUBLIC-CHARITY-STATUS-2024.CSV,2026-08-11T17:07:40.000Z,"""e94522a3f5cd1608fa2462c8950f4815-15""",118931597,STANDARD,nccs-efile,118.9 mb,https://nccs-efile.s3.us-east-1.amazonaws.com/public/efile_v2_2/SA-P01-T00-PUBLIC-CHARITY-STATUS-2024.CSV
public/efile_v2_2/SA-P01-T01-PUBLIC-CHARITY-STATUS-2009.CSV,2026-08-11T15:32:38.000Z,"""e9c9c8f837f6c6266f9c289a78f8c2d0""",2571055,STANDARD,nccs-efile,2.6 mb,https://nccs-efile.s3.us-east-1.amazonaws.com/public/efile_v2_2/SA-P01-T01-PUBLIC-CHARITY-STATUS-2009.CSV
public/efile_v2_2/SA-P01-T01-PUBLIC-CHARITY-STATUS-2010.CSV,2026-08-11T15:32:38.000Z,"""d56761d3733866d92cae3e380fdf6b44""",7216711,STANDARD,nccs-efile,7.2 mb,https://nccs-efile.s3.us-east-1.amazonaws.com/public/efile_v2_2/SA-P01-T01-PUBLIC-CHARITY-STATUS-2010.CSV
public/efile_v2_2/SA-P01-T01-PUBLIC-CHARITY-STATUS-2011.CSV,2026-08-11T15:32:42.000Z,"""3fb967f869477de402c5c9343b937ace-2""",8592622,STANDARD,nccs-efile,8.6 mb,https://nccs-efile.s3.us-east-1.amazonaws.com/public/efile_v2_2/SA-P01-T01-PUBLIC-CHARITY-STATUS-2011.CSV
public/efile_v2_2/SA-P01-T01-PUBLIC-CHARITY-STATUS-2012.CSV,2026-08-11T15:32:42.000Z,"""46abc7e52c3574b1f433c037869b87cd-2""",9727559,STANDARD,nccs-efile,9.7 mb,https://nccs-efile.s3.us-east-1.amazonaws.com/public/efile_v2_2/SA-P01-T01-PUBLIC-CHARITY-STATUS-2012.CSV
public/efile_v2_2/SA-P01-T01-PUBLIC-CHARITY-STATUS-2013.CSV,2026-08-11T15:32:43.000Z,"""e4bb4103d5108cc46f12de69a58125b8-4""",27291866,STANDARD,nccs-efile,27.3 mb,https://nccs-efile.s3.us-east-1.amazonaws.com/public/efile_v2_2/SA-P01-T01-PUBLIC-CHARITY-STATUS-2013.CSV
public/efile_v2_2/SA-P01-T01-PUBLIC-CHARITY-STATUS-2014.CSV,2026-08-11T15:32:43.000Z,"""c4c25c80953894768b4d1a9f2b9bbb5c-2""",10551162,STANDARD,nccs-efile,10.6 mb,https://nccs-efile.s3.us-east-1.amazonaws.com/public/efile_v2_2/SA-P01-T01-PUBLIC-CHARITY-STATUS-2014.CSV
public/efile_v2_2/SA-P01-T01-PUBLIC-CHARITY-STATUS-2015.CSV,2026-08-11T15:32:43.000Z,"""76d274765c31c95816701dc3ee0ebc30-2""",12004791,STANDARD,nccs-efile,12 mb,https://nccs-efile.s3.us-east-1.amazonaws.com/public/efile_v2_2/SA-P01-T01-PUBLIC-CHARITY-STATUS-2015.CSV
public/efile_v2_2/SA-P01-T01-PUBLIC-CHARITY-STATUS-2016.CSV,2026-08-11T15:32:43.000Z,"""563310aa095810e57b8c7c2bbad47fac-2""",12575503,STANDARD,nccs-efile,12.6 mb,https://nccs-efile.s3.us-east-1.amazonaws.com/public/efile_v2_2/SA-P01-T01-PUBLIC-CHARITY-STATUS-2016.CSV
public/efile_v2_2/SA-P01-T01-PUBLIC-CHARITY-STATUS-2017.CSV,2026-08-11T15:32:43.000Z,"""f6e42d36421a851e278ae3a14856da61-2""",13403803,STANDARD,nccs-efile,13.4 mb,https://nccs-efile.s3.us-east-1.amazonaws.com/public/efile_v2_2/SA-P01-T01-PUBLIC-CHARITY-STATUS-2017.CSV
public/efile_v2_2/SA-P01-T01-PUBLIC-CHARITY-STATUS-2018.CSV,2026-08-11T15:32:43.000Z,"""074d8a3119cf3166a5ddab66fb8a5019-3""",22548483,STANDARD,nccs-efile,22.5 mb,https://nccs-efile.s3.us-east-1.amazonaws.com/public/efile_v2_2/SA-P01-T01-PUBLIC-CHARITY-STATUS-2018.CSV
public/efile_v2_2/SA-P01-T01-PUBLIC-CHARITY-STATUS-2019.CSV,2026-08-11T15:32:43.000Z,"""b11cecdfea304ea899d21d9567d4591b-3""",23643533,STANDARD,nccs-efile,23.6 mb,https://nccs-efile.s3.us-east-1.amazonaws.com/public/efile_v2_2/SA-P01-T01-PUBLIC-CHARITY-STATUS-2019.CSV
public/efile_v2_2/SA-P01-T01-PUBLIC-CHARITY-STATUS-2020.CSV,2026-08-11T15:32:44.000Z,"""19ef2b9dc73471a172ca53cb63103e53-4""",27678393,STANDARD,nccs-efile,27.7 mb,https://nccs-efile.s3.us-east-1.amazonaws.com/public/efile_v2_2/SA-P01-T01-PUBLIC-CHARITY-STATUS-2020.CSV
public/efile_v2_2/SA-P01-T01-PUBLIC-CHARITY-STATUS-2021.CSV,2026-08-11T15:32:44.000Z,"""9ec625577d9df8e4a4d5e290ea7ed5e3-4""",28247260,STANDARD,nccs-efile,28.2 mb,https://nccs-efile.s3.us-east-1.amazonaws.com/public/efile_v2_2/SA-P01-T01-PUBLIC-CHARITY-STATUS-2021.CSV
public/efile_v2_2/SA-P01-T01-PUBLIC-CHARITY-STATUS-2022.CSV,2026-08-11T17:07:41.000Z,"""c3c6d98b8dbad54b99c870206ec7a7d5-4""",28559657,STANDARD,nccs-efile,28.6 mb,https://nccs-efile.s3.us-east-1.amazonaws.com/public/efile_v2_2/SA-P01-T01-PUBLIC-CHARITY-STATUS-2022.CSV
public/efile_v2_2/SA-P01-T01-PUBLIC-CHARITY-STATUS-2023.CSV,2026-08-11T17:07:42.000Z,"""a85834f82904e85461a88620e927ab6a-4""",28491039,STANDARD,nccs-efile,28.5 mb,https://nccs-efile.s3.us-east-1.amazonaws.com/public/efile_v2_2/SA-P01-T01-PUBLIC-CHARITY-STATUS-2023.CSV
public/efile_v2_2/SA-P01-T01-PUBLIC-CHARITY-STATUS-2024.CSV,2026-08-11T17:07:42.000Z,"""6bf2f2855dc9866a27ee670789846e44-3""",20848984,STANDARD,nccs-efile,20.8 mb,https://nccs-efile.s3.us-east-1.amazonaws.com/public/efile_v2_2/SA-P01-T01-PUBLIC-CHARITY-STATUS-2024.CSV
public/efile_v2_2/SA-P02-T00-SUPPORT_SCHEDULE_170-2009.CSV,2026-08-11T15:32:45.000Z,"""12d2311ea5976c5419f3d30d8ff99615-2""",9112834,STANDARD,nccs-efile,9.1 mb,https://nccs-efile.s3.us-east-1.amazonaws.com/public/efile_v2_2/SA-P02-T00-SUPPORT_SCHEDULE_170-2009.CSV
public/efile_v2_2/SA-P02-T00-SUPPORT_SCHEDULE_170-2010.CSV,2026-08-11T15:32:45.000Z,"""f1faacf7238090f5c473e364d125f7c4-5""",35050458,STANDARD,nccs-efile,35.1 mb,https://nccs-efile.s3.us-east-1.amazonaws.com/public/efile_v2_2/SA-P02-T00-SUPPORT_SCHEDULE_170-2010.CSV
public/efile_v2_2/SA-P02-T00-SUPPORT_SCHEDULE_170-2011.CSV,2026-08-11T15:32:45.000Z,"""c2e2af95fc315b264f05103824c3e0c5-6""",45728347,STANDARD,nccs-efile,45.7 mb,https://nccs-efile.s3.us-east-1.amazonaws.com/public/efile_v2_2/SA-P02-T00-SUPPORT_SCHEDULE_170-2011.CSV
public/efile_v2_2/SA-P02-T00-SUPPORT_SCHEDULE_170-2012.CSV,2026-08-11T15:32:45.000Z,"""f4c27cc513a37f8cbe763ee33346c0fd-7""",51831803,STANDARD,nccs-efile,51.8 mb,https://nccs-efile.s3.us-east-1.amazonaws.com/public/efile_v2_2/SA-P02-T00-SUPPORT_SCHEDULE_170-2012.CSV
public/efile_v2_2/SA-P02-T00-SUPPORT_SCHEDULE_170-2013.CSV,2026-08-11T15:32:46.000Z,"""746d7057498f9c9574e481055b8496c1-7""",57177580,STANDARD,nccs-efile,57.2 mb,https://nccs-efile.s3.us-east-1.amazonaws.com/public/efile_v2_2/SA-P02-T00-SUPPORT_SCHEDULE_170-2013.CSV
public/efile_v2_2/SA-P02-T00-SUPPORT_SCHEDULE_170-2014.CSV,2026-08-11T15:32:46.000Z,"""c703bb25d362f79a05e33846384ace57-8""",63578927,STANDARD,nccs-efile,63.6 mb,https://nccs-efile.s3.us-east-1.amazonaws.com/public/efile_v2_2/SA-P02-T00-SUPPORT_SCHEDULE_170-2014.CSV
public/efile_v2_2/SA-P02-T00-SUPPORT_SCHEDULE_170-2015.CSV,2026-08-11T15:32:47.000Z,"""896fa87f937a19191fde7e5cc1f3d234-9""",68066090,STANDARD,nccs-efile,68.1 mb,https://nccs-efile.s3.us-east-1.amazonaws.com/public/efile_v2_2/SA-P02-T00-SUPPORT_SCHEDULE_170-2015.CSV
public/efile_v2_2/SA-P02-T00-SUPPORT_SCHEDULE_170-2016.CSV,2026-08-11T15:32:47.000Z,"""43553b2d6550ac2aae277fbc081c1179-9""",71321719,STANDARD,nccs-efile,71.3 mb,https://nccs-efile.s3.us-east-1.amazonaws.com/public/efile_v2_2/SA-P02-T00-SUPPORT_SCHEDULE_170-2016.CSV
public/efile_v2_2/SA-P02-T00-SUPPORT_SCHEDULE_170-2017.CSV,2026-08-11T15:32:47.000Z,"""25560d5428dc569591af4cd7d565f45b-10""",76519006,STANDARD,nccs-efile,76.5 mb,https://nccs-efile.s3.us-east-1.amazonaws.com/public/efile_v2_2/SA-P02-T00-SUPPORT_SCHEDULE_170-2017.CSV
public/efile_v2_2/SA-P02-T00-SUPPORT_SCHEDULE_170-2018.CSV,2026-08-11T15:32:48.000Z,"""ea39bda163d73c84a5ff47d2be24e434-10""",80058660,STANDARD,nccs-efile,80.1 mb,https://nccs-efile.s3.us-east-1.amazonaws.com/public/efile_v2_2/SA-P02-T00-SUPPORT_SCHEDULE_170-2018.CSV
public/efile_v2_2/SA-P02-T00-SUPPORT_SCHEDULE_170-2019.CSV,2026-08-11T15:32:48.000Z,"""f9c414686f8e8226b5fd14ff1c68e156-10""",83447719,STANDARD,nccs-efile,83.4 mb,https://nccs-efile.s3.us-east-1.amazonaws.com/public/efile_v2_2/SA-P02-T00-SUPPORT_SCHEDULE_170-2019.CSV
public/efile_v2_2/SA-P02-T00-SUPPORT_SCHEDULE_170-2020.CSV,2026-08-11T15:32:49.000Z,"""a10298a30dabb57b8748e3b2d2f75c22-12""",97625202,STANDARD,nccs-efile,97.6 mb,https://nccs-efile.s3.us-east-1.amazonaws.com/public/efile_v2_2/SA-P02-T00-SUPPORT_SCHEDULE_170-2020.CSV
public/efile_v2_2/SA-P02-T00-SUPPORT_SCHEDULE_170-2021.CSV,2026-08-11T15:32:50.000Z,"""6f7ddff56ac68e199d44ced838256581-12""",99684802,STANDARD,nccs-efile,99.7 mb,https://nccs-efile.s3.us-east-1.amazonaws.com/public/efile_v2_2/SA-P02-T00-SUPPORT_SCHEDULE_170-2021.CSV
public/efile_v2_2/SA-P02-T00-SUPPORT_SCHEDULE_170-2022.CSV,2026-08-11T17:07:42.000Z,"""67cf872743690859325dadffa22f2321-12""",100117707,STANDARD,nccs-efile,100.1 mb,https://nccs-efile.s3.us-east-1.amazonaws.com/public/efile_v2_2/SA-P02-T00-SUPPORT_SCHEDULE_170-2022.CSV
public/efile_v2_2/SA-P02-T00-SUPPORT_SCHEDULE_170-2023.CSV,2026-08-11T17:07:43.000Z,"""1fe888e41e0703efccf50b4c92b0f53f-13""",101554321,STANDARD,nccs-efile,101.6 mb,https://nccs-efile.s3.us-east-1.amazonaws.com/public/efile_v2_2/SA-P02-T00-SUPPORT_SCHEDULE_170-2023.CSV
public/efile_v2_2/SA-P02-T00-SUPPORT_SCHEDULE_170-2024.CSV,2026-08-11T17:07:44.000Z,"""017e23421f96a8e1eaabdc451b5f3aee-10""",81829830,STANDARD,nccs-efile,81.8 mb,https://nccs-efile.s3.us-east-1.amazonaws.com/public/efile_v2_2/SA-P02-T00-SUPPORT_SCHEDULE_170-2024.CSV
public/efile_v2_2/SA-P03-T00-SUPPORT_SCHEDULE_509-2009.CSV,2026-08-11T15:32:52.000Z,"""7bae5e0b510a3c93e43353cdb83de57d-2""",10533085,STANDARD,nccs-efile,10.5 mb,https://nccs-efile.s3.us-east-1.amazonaws.com/public/efile_v2_2/SA-P03-T00-SUPPORT_SCHEDULE_509-2009.CSV
public/efile_v2_2/SA-P03-T00-SUPPORT_SCHEDULE_509-2010.CSV,2026-08-11T15:32:52.000Z,"""ce4ae27218f7bb54df37f85f5509cb40-6""",44988186,STANDARD,nccs-efile,45 mb,https://nccs-efile.s3.us-east-1.amazonaws.com/public/efile_v2_2/SA-P03-T00-SUPPORT_SCHEDULE_509-2010.CSV
public/efile_v2_2/SA-P03-T00-SUPPORT_SCHEDULE_509-2011.CSV,2026-08-11T15:32:52.000Z,"""058cc3b181e8c4170ef08141fd36230a-8""",58722360,STANDARD,nccs-efile,58.7 mb,https://nccs-efile.s3.us-east-1.amazonaws.com/public/efile_v2_2/SA-P03-T00-SUPPORT_SCHEDULE_509-2011.CSV
public/efile_v2_2/SA-P03-T00-SUPPORT_SCHEDULE_509-2012.CSV,2026-08-11T15:32:53.000Z,"""d792a6787d4472a027ab61ada4df73b9-8""",66738731,STANDARD,nccs-efile,66.7 mb,https://nccs-efile.s3.us-east-1.amazonaws.com/public/efile_v2_2/SA-P03-T00-SUPPORT_SCHEDULE_509-2012.CSV
public/efile_v2_2/SA-P03-T00-SUPPORT_SCHEDULE_509-2013.CSV,2026-08-11T15:32:53.000Z,"""438876cec562dd3af17168e5dc6f5037-9""",74557384,STANDARD,nccs-efile,74.6 mb,https://nccs-efile.s3.us-east-1.amazonaws.com/public/efile_v2_2/SA-P03-T00-SUPPORT_SCHEDULE_509-2013.CSV
public/efile_v2_2/SA-P03-T00-SUPPORT_SCHEDULE_509-2014.CSV,2026-08-11T15:32:54.000Z,"""ad27307c6f2c863529511ce596f64f79-10""",83229156,STANDARD,nccs-efile,83.2 mb,https://nccs-efile.s3.us-east-1.amazonaws.com/public/efile_v2_2/SA-P03-T00-SUPPORT_SCHEDULE_509-2014.CSV
public/efile_v2_2/SA-P03-T00-SUPPORT_SCHEDULE_509-2015.CSV,2026-08-11T15:32:54.000Z,"""117bb36df670bc0f75ca6654333f2572-11""",90101916,STANDARD,nccs-efile,90.1 mb,https://nccs-efile.s3.us-east-1.amazonaws.com/public/efile_v2_2/SA-P03-T00-SUPPORT_SCHEDULE_509-2015.CSV
public/efile_v2_2/SA-P03-T00-SUPPORT_SCHEDULE_509-2016.CSV,2026-08-11T15:32:55.000Z,"""3e131f9f604d0fa4ff147fa5716cdd2e-12""",94220110,STANDARD,nccs-efile,94.2 mb,https://nccs-efile.s3.us-east-1.amazonaws.com/public/efile_v2_2/SA-P03-T00-SUPPORT_SCHEDULE_509-2016.CSV
public/efile_v2_2/SA-P03-T00-SUPPORT_SCHEDULE_509-2017.CSV,2026-08-11T15:32:55.000Z,"""88c78db66d3962449c888515d7aa2a64-13""",101291217,STANDARD,nccs-efile,101.3 mb,https://nccs-efile.s3.us-east-1.amazonaws.com/public/efile_v2_2/SA-P03-T00-SUPPORT_SCHEDULE_509-2017.CSV
public/efile_v2_2/SA-P03-T00-SUPPORT_SCHEDULE_509-2018.CSV,2026-08-11T15:32:56.000Z,"""0cb4deb9dc251018a6e2aeb3a087b6a7-13""",107437161,STANDARD,nccs-efile,107.4 mb,https://nccs-efile.s3.us-east-1.amazonaws.com/public/efile_v2_2/SA-P03-T00-SUPPORT_SCHEDULE_509-2018.CSV
public/efile_v2_2/SA-P03-T00-SUPPORT_SCHEDULE_509-2019.CSV,2026-08-11T15:32:56.000Z,"""9439755ead36150b1b93f28b0534d8fc-14""",111372673,STANDARD,nccs-efile,111.4 mb,https://nccs-efile.s3.us-east-1.amazonaws.com/public/efile_v2_2/SA-P03-T00-SUPPORT_SCHEDULE_509-2019.CSV
public/efile_v2_2/SA-P03-T00-SUPPORT_SCHEDULE_509-2020.CSV,2026-08-11T15:32:57.000Z,"""9dd55b5158de7428323143088aa0ee36-15""",125200025,STANDARD,nccs-efile,125.2 mb,https://nccs-efile.s3.us-east-1.amazonaws.com/public/efile_v2_2/SA-P03-T00-SUPPORT_SCHEDULE_509-2020.CSV
public/efile_v2_2/SA-P03-T00-SUPPORT_SCHEDULE_509-2021.CSV,2026-08-11T15:32:58.000Z,"""84a9ed1306f31ac55b5d782ab5006d06-16""",132703853,STANDARD,nccs-efile,132.7 mb,https://nccs-efile.s3.us-east-1.amazonaws.com/public/efile_v2_2/SA-P03-T00-SUPPORT_SCHEDULE_509-2021.CSV
public/efile_v2_2/SA-P03-T00-SUPPORT_SCHEDULE_509-2022.CSV,2026-08-11T17:07:45.000Z,"""d5defe9502e92bb3d994ab5843e07375-17""",137669725,STANDARD,nccs-efile,137.7 mb,https://nccs-efile.s3.us-east-1.amazonaws.com/public/efile_v2_2/SA-P03-T00-SUPPORT_SCHEDULE_509-2022.CSV
public/efile_v2_2/SA-P03-T00-SUPPORT_SCHEDULE_509-2023.CSV,2026-08-11T17:07:47.000Z,"""d200fd4a1c26d297e3e4fdb1cfc389de-17""",139904297,STANDARD,nccs-efile,139.9 mb,https://nccs-efile.s3.us-east-1.amazonaws.com/public/efile_v2_2/SA-P03-T00-SUPPORT_SCHEDULE_509-2023.CSV
public/efile_v2_2/SA-P03-T00-SUPPORT_SCHEDULE_509-2024.CSV,2026-08-11T17:07:48.000Z,"""0af72d117f5b5a1027dd715241e6966c-14""",116526400,STANDARD,nccs-efile,116.5 mb,https://nccs-efile.s3.us-east-1.amazonaws.com/public/efile_v2_2/SA-P03-T00-SUPPORT_SCHEDULE_509-2024.CSV
public/efile_v2_2/SA-P04-T00-SUPPORT-ORGS-2009.CSV,2026-08-11T15:32:56.000Z,"""3d7ef0e5f87c14399cb32e5b0790f039""",207,STANDARD,nccs-efile,0 mb,https://nccs-efile.s3.us-east-1.amazonaws.com/public/efile_v2_2/SA-P04-T00-SUPPORT-ORGS-2009.CSV
public/efile_v2_2/SA-P04-T00-SUPPORT-ORGS-2010.CSV,2026-08-11T15:32:57.000Z,"""3d7ef0e5f87c14399cb32e5b0790f039""",207,STANDARD,nccs-efile,0 mb,https://nccs-efile.s3.us-east-1.amazonaws.com/public/efile_v2_2/SA-P04-T00-SUPPORT-ORGS-2010.CSV
public/efile_v2_2/SA-P04-T00-SUPPORT-ORGS-2011.CSV,2026-08-11T15:32:57.000Z,"""3d7ef0e5f87c14399cb32e5b0790f039""",207,STANDARD,nccs-efile,0 mb,https://nccs-efile.s3.us-east-1.amazonaws.com/public/efile_v2_2/SA-P04-T00-SUPPORT-ORGS-2011.CSV
public/efile_v2_2/SA-P04-T00-SUPPORT-ORGS-2012.CSV,2026-08-11T15:32:57.000Z,"""3d7ef0e5f87c14399cb32e5b0790f039""",207,STANDARD,nccs-efile,0 mb,https://nccs-efile.s3.us-east-1.amazonaws.com/public/efile_v2_2/SA-P04-T00-SUPPORT-ORGS-2012.CSV
public/efile_v2_2/SA-P04-T00-SUPPORT-ORGS-2013.CSV,2026-08-11T15:32:57.000Z,"""3d7ef0e5f87c14399cb32e5b0790f039""",207,STANDARD,nccs-efile,0 mb,https://nccs-efile.s3.us-east-1.amazonaws.com/public/efile_v2_2/SA-P04-T00-SUPPORT-ORGS-2013.CSV
public/efile_v2_2/SA-P04-T00-SUPPORT-ORGS-2014.CSV,2026-08-11T15:32:57.000Z,"""c83dcc3319dfd6d79051e3357c387381""",6381244,STANDARD,nccs-efile,6.4 mb,https://nccs-efile.s3.us-east-1.amazonaws.com/public/efile_v2_2/SA-P04-T00-SUPPORT-ORGS-2014.CSV
public/efile_v2_2/SA-P04-T00-SUPPORT-ORGS-2015.CSV,2026-08-11T15:32:58.000Z,"""236708c78043193a43a7a2d844387688""",6536413,STANDARD,nccs-efile,6.5 mb,https://nccs-efile.s3.us-east-1.amazonaws.com/public/efile_v2_2/SA-P04-T00-SUPPORT-ORGS-2015.CSV
public/efile_v2_2/SA-P04-T00-SUPPORT-ORGS-2016.CSV,2026-08-11T15:32:58.000Z,"""f233e7610bbd8ee79d65f215a6eb4409""",6772893,STANDARD,nccs-efile,6.8 mb,https://nccs-efile.s3.us-east-1.amazonaws.com/public/efile_v2_2/SA-P04-T00-SUPPORT-ORGS-2016.CSV
public/efile_v2_2/SA-P04-T00-SUPPORT-ORGS-2017.CSV,2026-08-11T15:32:58.000Z,"""cf7352314f2ef010890f36e1a0fa93ef""",7161046,STANDARD,nccs-efile,7.2 mb,https://nccs-efile.s3.us-east-1.amazonaws.com/public/efile_v2_2/SA-P04-T00-SUPPORT-ORGS-2017.CSV
public/efile_v2_2/SA-P04-T00-SUPPORT-ORGS-2018.CSV,2026-08-11T15:32:58.000Z,"""3fc13a129fb40828521db7f52504e991""",7316492,STANDARD,nccs-efile,7.3 mb,https://nccs-efile.s3.us-east-1.amazonaws.com/public/efile_v2_2/SA-P04-T00-SUPPORT-ORGS-2018.CSV
public/efile_v2_2/SA-P04-T00-SUPPORT-ORGS-2019.CSV,2026-08-11T15:32:58.000Z,"""dc671373aeb7185a4c0f00aacaa97838""",7750818,STANDARD,nccs-efile,7.8 mb,https://nccs-efile.s3.us-east-1.amazonaws.com/public/efile_v2_2/SA-P04-T00-SUPPORT-ORGS-2019.CSV
public/efile_v2_2/SA-P04-T00-SUPPORT-ORGS-2020.CSV,2026-08-11T15:33:00.000Z,"""b6c54b4d31abc3b38d3ba1e28f93a004-2""",9251567,STANDARD,nccs-efile,9.3 mb,https://nccs-efile.s3.us-east-1.amazonaws.com/public/efile_v2_2/SA-P04-T00-SUPPORT-ORGS-2020.CSV
public/efile_v2_2/SA-P04-T00-SUPPORT-ORGS-2021.CSV,2026-08-11T15:33:01.000Z,"""f9bcc9bcba9ddaac5b497b92579fcd3d-2""",9171553,STANDARD,nccs-efile,9.2 mb,https://nccs-efile.s3.us-east-1.amazonaws.com/public/efile_v2_2/SA-P04-T00-SUPPORT-ORGS-2021.CSV
public/efile_v2_2/SA-P04-T00-SUPPORT-ORGS-2022.CSV,2026-08-11T17:07:49.000Z,"""8a0d679df76f5dc3a50c9eec5e24578a-2""",9269095,STANDARD,nccs-efile,9.3 mb,https://nccs-efile.s3.us-east-1.amazonaws.com/public/efile_v2_2/SA-P04-T00-SUPPORT-ORGS-2022.CSV
public/efile_v2_2/SA-P04-T00-SUPPORT-ORGS-2023.CSV,2026-08-11T17:07:49.000Z,"""d896b9506ade05a282f0a44a8d07787a-2""",9166788,STANDARD,nccs-efile,9.2 mb,https://nccs-efile.s3.us-east-1.amazonaws.com/public/efile_v2_2/SA-P04-T00-SUPPORT-ORGS-2023.CSV
public/efile_v2_2/SA-P04-T00-SUPPORT-ORGS-2024.CSV,2026-08-11T17:07:50.000Z,"""11277ae79cfab2e365fd9c9ce81c1084""",6565385,STANDARD,nccs-efile,6.6 mb,https://nccs-efile.s3.us-east-1.amazonaws.com/public/efile_v2_2/SA-P04-T00-SUPPORT-ORGS-2024.CSV
public/efile_v2_2/SA-P05-T00-SUPPORT-ORGS-2009.CSV,2026-08-11T15:32:59.000Z,"""3d7ef0e5f87c14399cb32e5b0790f039""",207,STANDARD,nccs-efile,0 mb,https://nccs-efile.s3.us-east-1.amazonaws.com/public/efile_v2_2/SA-P05-T00-SUPPORT-ORGS-2009.CSV
public/efile_v2_2/SA-P05-T00-SUPPORT-ORGS-2010.CSV,2026-08-11T15:33:00.000Z,"""3d7ef0e5f87c14399cb32e5b0790f039""",207,STANDARD,nccs-efile,0 mb,https://nccs-efile.s3.us-east-1.amazonaws.com/public/efile_v2_2/SA-P05-T00-SUPPORT-ORGS-2010.CSV
public/efile_v2_2/SA-P05-T00-SUPPORT-ORGS-2011.CSV,2026-08-11T15:33:00.000Z,"""3d7ef0e5f87c14399cb32e5b0790f039""",207,STANDARD,nccs-efile,0 mb,https://nccs-efile.s3.us-east-1.amazonaws.com/public/efile_v2_2/SA-P05-T00-SUPPORT-ORGS-2011.CSV
public/efile_v2_2/SA-P05-T00-SUPPORT-ORGS-2012.CSV,2026-08-11T15:33:00.000Z,"""3d7ef0e5f87c14399cb32e5b0790f039""",207,STANDARD,nccs-efile,0 mb,https://nccs-efile.s3.us-east-1.amazonaws.com/public/efile_v2_2/SA-P05-T00-SUPPORT-ORGS-2012.CSV
public/efile_v2_2/SA-P05-T00-SUPPORT-ORGS-2013.CSV,2026-08-11T15:33:00.000Z,"""3d7ef0e5f87c14399cb32e5b0790f039""",207,STANDARD,nccs-efile,0 mb,https://nccs-efile.s3.us-east-1.amazonaws.com/public/efile_v2_2/SA-P05-T00-SUPPORT-ORGS-2013.CSV
public/efile_v2_2/SA-P05-T00-SUPPORT-ORGS-2014.CSV,2026-08-11T15:33:00.000Z,"""fc6bfd8eadf7852fd046adbfb3a650c4""",1393868,STANDARD,nccs-efile,1.4 mb,https://nccs-efile.s3.us-east-1.amazonaws.com/public/efile_v2_2/SA-P05-T00-SUPPORT-ORGS-2014.CSV
public/efile_v2_2/SA-P05-T00-SUPPORT-ORGS-2015.CSV,2026-08-11T15:33:00.000Z,"""0e886d90bf40598b68b00fc29582d445""",1084794,STANDARD,nccs-efile,1.1 mb,https://nccs-efile.s3.us-east-1.amazonaws.com/public/efile_v2_2/SA-P05-T00-SUPPORT-ORGS-2015.CSV
public/efile_v2_2/SA-P05-T00-SUPPORT-ORGS-2016.CSV,2026-08-11T15:33:00.000Z,"""0f3f697dadb75ab67057ac95aea4f28f""",1164222,STANDARD,nccs-efile,1.2 mb,https://nccs-efile.s3.us-east-1.amazonaws.com/public/efile_v2_2/SA-P05-T00-SUPPORT-ORGS-2016.CSV
public/efile_v2_2/SA-P05-T00-SUPPORT-ORGS-2017.CSV,2026-08-11T15:33:00.000Z,"""0845d2c2294ec3c5e67b3b5d3353e5ab""",1508425,STANDARD,nccs-efile,1.5 mb,https://nccs-efile.s3.us-east-1.amazonaws.com/public/efile_v2_2/SA-P05-T00-SUPPORT-ORGS-2017.CSV
public/efile_v2_2/SA-P05-T00-SUPPORT-ORGS-2018.CSV,2026-08-11T15:33:01.000Z,"""b035a5fae2e1402262ee19e843bcdc51""",1541523,STANDARD,nccs-efile,1.5 mb,https://nccs-efile.s3.us-east-1.amazonaws.com/public/efile_v2_2/SA-P05-T00-SUPPORT-ORGS-2018.CSV
public/efile_v2_2/SA-P05-T00-SUPPORT-ORGS-2019.CSV,2026-08-11T15:33:01.000Z,"""4903843d031f30e4239cc7170f7856e0""",2031526,STANDARD,nccs-efile,2 mb,https://nccs-efile.s3.us-east-1.amazonaws.com/public/efile_v2_2/SA-P05-T00-SUPPORT-ORGS-2019.CSV
public/efile_v2_2/SA-P05-T00-SUPPORT-ORGS-2020.CSV,2026-08-11T15:33:01.000Z,"""24000929d1c55687ba1766ba7f85880d""",2685080,STANDARD,nccs-efile,2.7 mb,https://nccs-efile.s3.us-east-1.amazonaws.com/public/efile_v2_2/SA-P05-T00-SUPPORT-ORGS-2020.CSV
public/efile_v2_2/SA-P05-T00-SUPPORT-ORGS-2021.CSV,2026-08-11T15:33:01.000Z,"""104fd55a8d234a74fadfba393f51867b""",2724793,STANDARD,nccs-efile,2.7 mb,https://nccs-efile.s3.us-east-1.amazonaws.com/public/efile_v2_2/SA-P05-T00-SUPPORT-ORGS-2021.CSV
public/efile_v2_2/SA-P05-T00-SUPPORT-ORGS-2022.CSV,2026-08-11T17:07:50.000Z,"""dc023353858aaf1b47c69a2bc0550799""",2993860,STANDARD,nccs-efile,3 mb,https://nccs-efile.s3.us-east-1.amazonaws.com/public/efile_v2_2/SA-P05-T00-SUPPORT-ORGS-2022.CSV
public/efile_v2_2/SA-P05-T00-SUPPORT-ORGS-2023.CSV,2026-08-11T17:07:50.000Z,"""55a9a6a5c33f4818386d45030bce41e5""",3393478,STANDARD,nccs-efile,3.4 mb,https://nccs-efile.s3.us-east-1.amazonaws.com/public/efile_v2_2/SA-P05-T00-SUPPORT-ORGS-2023.CSV
public/efile_v2_2/SA-P05-T00-SUPPORT-ORGS-2024.CSV,2026-08-11T17:07:50.000Z,"""8ec332892f363e989a5de4b7c41c0ebb""",3763218,STANDARD,nccs-efile,3.8 mb,https://nccs-efile.s3.us-east-1.amazonaws.com/public/efile_v2_2/SA-P05-T00-SUPPORT-ORGS-2024.CSV
public/efile_v2_2/SB-P01-T01-CONTRIBUTORS-2009.CSV,2026-08-11T15:33:01.000Z,"""77d73b156b67279337415ba72ca1b2bf-2""",8657731,STANDARD,nccs-efile,8.7 mb,https://nccs-efile.s3.us-east-1.amazonaws.com/public/efile_v2_2/SB-P01-T01-CONTRIBUTORS-2009.CSV
public/efile_v2_2/SB-P01-T01-CONTRIBUTORS-2010.CSV,2026-08-11T15:33:01.000Z,"""4b5533dda6a9449083a784c35cd457ce-4""",27684428,STANDARD,nccs-efile,27.7 mb,https://nccs-efile.s3.us-east-1.amazonaws.com/public/efile_v2_2/SB-P01-T01-CONTRIBUTORS-2010.CSV
public/efile_v2_2/SB-P01-T01-CONTRIBUTORS-2011.CSV,2026-08-11T15:33:01.000Z,"""e5441446f3ed5e7acf8c98b6d59e473c-5""",36107861,STANDARD,nccs-efile,36.1 mb,https://nccs-efile.s3.us-east-1.amazonaws.com/public/efile_v2_2/SB-P01-T01-CONTRIBUTORS-2011.CSV
public/efile_v2_2/SB-P01-T01-CONTRIBUTORS-2012.CSV,2026-08-11T15:33:02.000Z,"""93949d958365b464666207df7b39407f-5""",40896399,STANDARD,nccs-efile,40.9 mb,https://nccs-efile.s3.us-east-1.amazonaws.com/public/efile_v2_2/SB-P01-T01-CONTRIBUTORS-2012.CSV
public/efile_v2_2/SB-P01-T01-CONTRIBUTORS-2013.CSV,2026-08-11T15:33:02.000Z,"""d591918e03fb7ec58e6b13955a5e9497-6""",45325603,STANDARD,nccs-efile,45.3 mb,https://nccs-efile.s3.us-east-1.amazonaws.com/public/efile_v2_2/SB-P01-T01-CONTRIBUTORS-2013.CSV
public/efile_v2_2/SB-P01-T01-CONTRIBUTORS-2014.CSV,2026-08-11T15:33:02.000Z,"""cfeed79df85e14954c0352d44425c2f3-6""",49876252,STANDARD,nccs-efile,49.9 mb,https://nccs-efile.s3.us-east-1.amazonaws.com/public/efile_v2_2/SB-P01-T01-CONTRIBUTORS-2014.CSV
public/efile_v2_2/SB-P01-T01-CONTRIBUTORS-2015.CSV,2026-08-11T15:33:03.000Z,"""6c9737208297f85e3f37e57b3e31d1bf-7""",53475365,STANDARD,nccs-efile,53.5 mb,https://nccs-efile.s3.us-east-1.amazonaws.com/public/efile_v2_2/SB-P01-T01-CONTRIBUTORS-2015.CSV
public/efile_v2_2/SB-P01-T01-CONTRIBUTORS-2016.CSV,2026-08-11T15:33:03.000Z,"""51ee7669f04a03c94d3f0d028a4a1786-7""",56028737,STANDARD,nccs-efile,56 mb,https://nccs-efile.s3.us-east-1.amazonaws.com/public/efile_v2_2/SB-P01-T01-CONTRIBUTORS-2016.CSV
public/efile_v2_2/SB-P01-T01-CONTRIBUTORS-2017.CSV,2026-08-11T15:33:02.000Z,"""adc0900f8f75c07d3e0c7c91d6cee1a4""",592936,STANDARD,nccs-efile,0.6 mb,https://nccs-efile.s3.us-east-1.amazonaws.com/public/efile_v2_2/SB-P01-T01-CONTRIBUTORS-2017.CSV
public/efile_v2_2/SB-P01-T01-CONTRIBUTORS-2018.CSV,2026-08-11T15:33:03.000Z,"""86d399d34e19e94deb59c425b0614a64-5""",37463460,STANDARD,nccs-efile,37.5 mb,https://nccs-efile.s3.us-east-1.amazonaws.com/public/efile_v2_2/SB-P01-T01-CONTRIBUTORS-2018.CSV
public/efile_v2_2/SB-P01-T01-CONTRIBUTORS-2019.CSV,2026-08-11T15:33:04.000Z,"""3ba07fe164994b3e4732a1c722278a40-8""",65966344,STANDARD,nccs-efile,66 mb,https://nccs-efile.s3.us-east-1.amazonaws.com/public/efile_v2_2/SB-P01-T01-CONTRIBUTORS-2019.CSV
public/efile_v2_2/SB-P01-T01-CONTRIBUTORS-2020.CSV,2026-08-11T15:33:04.000Z,"""d9de3ae09add4c02d7b2fe109b341520-10""",80186755,STANDARD,nccs-efile,80.2 mb,https://nccs-efile.s3.us-east-1.amazonaws.com/public/efile_v2_2/SB-P01-T01-CONTRIBUTORS-2020.CSV
public/efile_v2_2/SB-P01-T01-CONTRIBUTORS-2021.CSV,2026-08-11T15:33:05.000Z,"""7078ec4774490196aea4c37a248ae291-10""",82813833,STANDARD,nccs-efile,82.8 mb,https://nccs-efile.s3.us-east-1.amazonaws.com/public/efile_v2_2/SB-P01-T01-CONTRIBUTORS-2021.CSV
public/efile_v2_2/SB-P01-T01-CONTRIBUTORS-2022.CSV,2026-08-11T17:07:50.000Z,"""3cc84a3b0219ecb81ae9c41ead328a28-11""",85116282,STANDARD,nccs-efile,85.1 mb,https://nccs-efile.s3.us-east-1.amazonaws.com/public/efile_v2_2/SB-P01-T01-CONTRIBUTORS-2022.CSV
public/efile_v2_2/SB-P01-T01-CONTRIBUTORS-2023.CSV,2026-08-11T17:07:51.000Z,"""e33bed2b4fa7caf1d81747c6c3f8fdbd-11""",86225992,STANDARD,nccs-efile,86.2 mb,https://nccs-efile.s3.us-east-1.amazonaws.com/public/efile_v2_2/SB-P01-T01-CONTRIBUTORS-2023.CSV
public/efile_v2_2/SB-P01-T01-CONTRIBUTORS-2024.CSV,2026-08-11T17:07:52.000Z,"""2f39c5411ca02efbd4c8fe47eb6ec724-9""",67799435,STANDARD,nccs-efile,67.8 mb,https://nccs-efile.s3.us-east-1.amazonaws.com/public/efile_v2_2/SB-P01-T01-CONTRIBUTORS-2024.CSV
public/efile_v2_2/SC-P01-T00-LOBBY-2009.CSV,2026-08-11T15:33:04.000Z,"""8a27c5b0eadc95d623e1026fb45807e7""",291983,STANDARD,nccs-efile,0.3 mb,https://nccs-efile.s3.us-east-1.amazonaws.com/public/efile_v2_2/SC-P01-T00-LOBBY-2009.CSV
public/efile_v2_2/SC-P01-T00-LOBBY-2010.CSV,2026-08-11T15:33:04.000Z,"""b7b4e4b350f145f641e6027fe2e0551a""",1390521,STANDARD,nccs-efile,1.4 mb,https://nccs-efile.s3.us-east-1.amazonaws.com/public/efile_v2_2/SC-P01-T00-LOBBY-2010.CSV
public/efile_v2_2/SC-P01-T00-LOBBY-2011.CSV,2026-08-11T15:33:04.000Z,"""d8d186c13a9dd7b040a23b567d9ec70d""",2288380,STANDARD,nccs-efile,2.3 mb,https://nccs-efile.s3.us-east-1.amazonaws.com/public/efile_v2_2/SC-P01-T00-LOBBY-2011.CSV
public/efile_v2_2/SC-P01-T00-LOBBY-2012.CSV,2026-08-11T15:33:05.000Z,"""bd9e73e0a39f342b98559571133bdfcd""",1390236,STANDARD,nccs-efile,1.4 mb,https://nccs-efile.s3.us-east-1.amazonaws.com/public/efile_v2_2/SC-P01-T00-LOBBY-2012.CSV
public/efile_v2_2/SC-P01-T00-LOBBY-2013.CSV,2026-08-11T15:33:05.000Z,"""ae275e40b30b6403c3458160e7e2480d""",1503832,STANDARD,nccs-efile,1.5 mb,https://nccs-efile.s3.us-east-1.amazonaws.com/public/efile_v2_2/SC-P01-T00-LOBBY-2013.CSV
public/efile_v2_2/SC-P01-T00-LOBBY-2014.CSV,2026-08-11T15:33:05.000Z,"""0a0c6efd982596ef482ba63085fe39c3""",1712091,STANDARD,nccs-efile,1.7 mb,https://nccs-efile.s3.us-east-1.amazonaws.com/public/efile_v2_2/SC-P01-T00-LOBBY-2014.CSV
public/efile_v2_2/SC-P01-T00-LOBBY-2015.CSV,2026-08-11T15:33:05.000Z,"""a2bb387445843e65fefe4d9cc87545aa""",1775366,STANDARD,nccs-efile,1.8 mb,https://nccs-efile.s3.us-east-1.amazonaws.com/public/efile_v2_2/SC-P01-T00-LOBBY-2015.CSV
public/efile_v2_2/SC-P01-T00-LOBBY-2016.CSV,2026-08-11T15:33:05.000Z,"""6c4363971fe1f44e330c3b350b34fe29""",1919170,STANDARD,nccs-efile,1.9 mb,https://nccs-efile.s3.us-east-1.amazonaws.com/public/efile_v2_2/SC-P01-T00-LOBBY-2016.CSV
public/efile_v2_2/SC-P01-T00-LOBBY-2017.CSV,2026-08-11T15:33:05.000Z,"""aefd760b3a48a4479013d1f581a04c6c""",1994417,STANDARD,nccs-efile,2 mb,https://nccs-efile.s3.us-east-1.amazonaws.com/public/efile_v2_2/SC-P01-T00-LOBBY-2017.CSV
public/efile_v2_2/SC-P01-T00-LOBBY-2018.CSV,2026-08-11T15:33:05.000Z,"""47f9d04f787e49f70dec1c76ed83229a""",2076942,STANDARD,nccs-efile,2.1 mb,https://nccs-efile.s3.us-east-1.amazonaws.com/public/efile_v2_2/SC-P01-T00-LOBBY-2018.CSV
public/efile_v2_2/SC-P01-T00-LOBBY-2019.CSV,2026-08-11T15:33:06.000Z,"""09f85ea84721caf87b6347a83330e6e1""",2040160,STANDARD,nccs-efile,2 mb,https://nccs-efile.s3.us-east-1.amazonaws.com/public/efile_v2_2/SC-P01-T00-LOBBY-2019.CSV
public/efile_v2_2/SC-P01-T00-LOBBY-2020.CSV,2026-08-11T15:33:06.000Z,"""bc1400c03ebf39edd1bd26a7f4464a4b""",2337712,STANDARD,nccs-efile,2.3 mb,https://nccs-efile.s3.us-east-1.amazonaws.com/public/efile_v2_2/SC-P01-T00-LOBBY-2020.CSV
public/efile_v2_2/SC-P01-T00-LOBBY-2021.CSV,2026-08-11T15:33:06.000Z,"""bd21026c65fd6fda9495bb31e52e6c86""",2280617,STANDARD,nccs-efile,2.3 mb,https://nccs-efile.s3.us-east-1.amazonaws.com/public/efile_v2_2/SC-P01-T00-LOBBY-2021.CSV
public/efile_v2_2/SC-P01-T00-LOBBY-2022.CSV,2026-08-11T17:07:53.000Z,"""0a054c9eb13781b19f8bc21a36e9826f""",2375047,STANDARD,nccs-efile,2.4 mb,https://nccs-efile.s3.us-east-1.amazonaws.com/public/efile_v2_2/SC-P01-T00-LOBBY-2022.CSV
public/efile_v2_2/SC-P01-T00-LOBBY-2023.CSV,2026-08-11T17:07:53.000Z,"""72fa627a4433a93152877c2923dc7d59""",2376781,STANDARD,nccs-efile,2.4 mb,https://nccs-efile.s3.us-east-1.amazonaws.com/public/efile_v2_2/SC-P01-T00-LOBBY-2023.CSV
public/efile_v2_2/SC-P01-T00-LOBBY-2024.CSV,2026-08-11T17:07:53.000Z,"""405d1d0f3bc326448092768bc0535510""",1969355,STANDARD,nccs-efile,2 mb,https://nccs-efile.s3.us-east-1.amazonaws.com/public/efile_v2_2/SC-P01-T00-LOBBY-2024.CSV
public/efile_v2_2/SC-P01-T01-POLITICAL-ORGS-INFO-2009.CSV,2026-08-11T15:33:06.000Z,"""bdd363e025898f318be5043ba0bf9132""",100081,STANDARD,nccs-efile,0.1 mb,https://nccs-efile.s3.us-east-1.amazonaws.com/public/efile_v2_2/SC-P01-T01-POLITICAL-ORGS-INFO-2009.CSV
public/efile_v2_2/SC-P01-T01-POLITICAL-ORGS-INFO-2010.CSV,2026-08-11T15:33:06.000Z,"""1931fd43a7e91993d50db29d16da0faf""",1271822,STANDARD,nccs-efile,1.3 mb,https://nccs-efile.s3.us-east-1.amazonaws.com/public/efile_v2_2/SC-P01-T01-POLITICAL-ORGS-INFO-2010.CSV
public/efile_v2_2/SC-P01-T01-POLITICAL-ORGS-INFO-2011.CSV,2026-08-11T15:33:06.000Z,"""eaa88e3867014bd28764280206cf4a36""",1243689,STANDARD,nccs-efile,1.2 mb,https://nccs-efile.s3.us-east-1.amazonaws.com/public/efile_v2_2/SC-P01-T01-POLITICAL-ORGS-INFO-2011.CSV
public/efile_v2_2/SC-P01-T01-POLITICAL-ORGS-INFO-2012.CSV,2026-08-11T15:33:06.000Z,"""00d51ee085a80733615590f1a90e1a23""",1746258,STANDARD,nccs-efile,1.7 mb,https://nccs-efile.s3.us-east-1.amazonaws.com/public/efile_v2_2/SC-P01-T01-POLITICAL-ORGS-INFO-2012.CSV
public/efile_v2_2/SC-P01-T01-POLITICAL-ORGS-INFO-2013.CSV,2026-08-11T15:33:06.000Z,"""dd4a925afac0c289e3759f29e5e6f644""",1910086,STANDARD,nccs-efile,1.9 mb,https://nccs-efile.s3.us-east-1.amazonaws.com/public/efile_v2_2/SC-P01-T01-POLITICAL-ORGS-INFO-2013.CSV
public/efile_v2_2/SC-P01-T01-POLITICAL-ORGS-INFO-2014.CSV,2026-08-11T15:33:06.000Z,"""7c8bbe72862594c2b3c9a05c1f3e6b8a""",2254982,STANDARD,nccs-efile,2.3 mb,https://nccs-efile.s3.us-east-1.amazonaws.com/public/efile_v2_2/SC-P01-T01-POLITICAL-ORGS-INFO-2014.CSV
public/efile_v2_2/SC-P01-T01-POLITICAL-ORGS-INFO-2015.CSV,2026-08-11T15:33:07.000Z,"""a4d32c61021d33d6745b57f505c440fa""",2251407,STANDARD,nccs-efile,2.3 mb,https://nccs-efile.s3.us-east-1.amazonaws.com/public/efile_v2_2/SC-P01-T01-POLITICAL-ORGS-INFO-2015.CSV
public/efile_v2_2/SC-P01-T01-POLITICAL-ORGS-INFO-2016.CSV,2026-08-11T15:33:07.000Z,"""e9227b3e79e9432ce727575472b1db40""",2795689,STANDARD,nccs-efile,2.8 mb,https://nccs-efile.s3.us-east-1.amazonaws.com/public/efile_v2_2/SC-P01-T01-POLITICAL-ORGS-INFO-2016.CSV
public/efile_v2_2/SC-P01-T01-POLITICAL-ORGS-INFO-2017.CSV,2026-08-11T15:33:07.000Z,"""20fa418f011e19571292e77afd4ec4c8""",2463835,STANDARD,nccs-efile,2.5 mb,https://nccs-efile.s3.us-east-1.amazonaws.com/public/efile_v2_2/SC-P01-T01-POLITICAL-ORGS-INFO-2017.CSV
public/efile_v2_2/SC-P01-T01-POLITICAL-ORGS-INFO-2018.CSV,2026-08-11T15:33:07.000Z,"""e7a2b80e9502759fff6b25915a3b8195""",3139160,STANDARD,nccs-efile,3.1 mb,https://nccs-efile.s3.us-east-1.amazonaws.com/public/efile_v2_2/SC-P01-T01-POLITICAL-ORGS-INFO-2018.CSV
public/efile_v2_2/SC-P01-T01-POLITICAL-ORGS-INFO-2019.CSV,2026-08-11T15:33:07.000Z,"""7d7d60c58a208f9a7eec79db77561a6f""",2697413,STANDARD,nccs-efile,2.7 mb,https://nccs-efile.s3.us-east-1.amazonaws.com/public/efile_v2_2/SC-P01-T01-POLITICAL-ORGS-INFO-2019.CSV
public/efile_v2_2/SC-P01-T01-POLITICAL-ORGS-INFO-2020.CSV,2026-08-11T15:33:07.000Z,"""df4add4356d0b0c76f0637d1691503f1""",3258167,STANDARD,nccs-efile,3.3 mb,https://nccs-efile.s3.us-east-1.amazonaws.com/public/efile_v2_2/SC-P01-T01-POLITICAL-ORGS-INFO-2020.CSV
public/efile_v2_2/SC-P01-T01-POLITICAL-ORGS-INFO-2021.CSV,2026-08-11T15:33:07.000Z,"""b3b89044bb3e14811a7e280b53d0241b""",2914910,STANDARD,nccs-efile,2.9 mb,https://nccs-efile.s3.us-east-1.amazonaws.com/public/efile_v2_2/SC-P01-T01-POLITICAL-ORGS-INFO-2021.CSV
public/efile_v2_2/SC-P01-T01-POLITICAL-ORGS-INFO-2022.CSV,2026-08-11T17:07:53.000Z,"""f0c80a87dcdcf64bc5b0202c7612d094""",3934057,STANDARD,nccs-efile,3.9 mb,https://nccs-efile.s3.us-east-1.amazonaws.com/public/efile_v2_2/SC-P01-T01-POLITICAL-ORGS-INFO-2022.CSV
public/efile_v2_2/SC-P01-T01-POLITICAL-ORGS-INFO-2023.CSV,2026-08-11T17:07:53.000Z,"""6aefba8bc10ac5bd0a1e4e20f1b0ac5f""",3447597,STANDARD,nccs-efile,3.4 mb,https://nccs-efile.s3.us-east-1.amazonaws.com/public/efile_v2_2/SC-P01-T01-POLITICAL-ORGS-INFO-2023.CSV
public/efile_v2_2/SC-P01-T01-POLITICAL-ORGS-INFO-2024.CSV,2026-08-11T17:07:53.000Z,"""e5c6e627517302acb3c553db682e250d""",3457063,STANDARD,nccs-efile,3.5 mb,https://nccs-efile.s3.us-east-1.amazonaws.com/public/efile_v2_2/SC-P01-T01-POLITICAL-ORGS-INFO-2024.CSV
public/efile_v2_2/SC-P02-T00-LOBBY-2009.CSV,2026-08-11T15:33:07.000Z,"""b19cccdfd10292074bc31b649f614517""",1875071,STANDARD,nccs-efile,1.9 mb,https://nccs-efile.s3.us-east-1.amazonaws.com/public/efile_v2_2/SC-P02-T00-LOBBY-2009.CSV
public/efile_v2_2/SC-P02-T00-LOBBY-2010.CSV,2026-08-11T15:33:07.000Z,"""effc80227467b9593adcbfe4c209f019""",4621284,STANDARD,nccs-efile,4.6 mb,https://nccs-efile.s3.us-east-1.amazonaws.com/public/efile_v2_2/SC-P02-T00-LOBBY-2010.CSV
public/efile_v2_2/SC-P02-T00-LOBBY-2011.CSV,2026-08-11T15:33:07.000Z,"""0493decbe2638c0af22e1cb9cf8cd00b""",6939880,STANDARD,nccs-efile,6.9 mb,https://nccs-efile.s3.us-east-1.amazonaws.com/public/efile_v2_2/SC-P02-T00-LOBBY-2011.CSV
public/efile_v2_2/SC-P02-T00-LOBBY-2012.CSV,2026-08-11T15:33:07.000Z,"""4b8360d29e12ee72f12cba1593679d9b""",5050535,STANDARD,nccs-efile,5.1 mb,https://nccs-efile.s3.us-east-1.amazonaws.com/public/efile_v2_2/SC-P02-T00-LOBBY-2012.CSV
public/efile_v2_2/SC-P02-T00-LOBBY-2013.CSV,2026-08-11T15:33:07.000Z,"""589ae99086d058fcb3dc2fc92d74094c""",5264075,STANDARD,nccs-efile,5.3 mb,https://nccs-efile.s3.us-east-1.amazonaws.com/public/efile_v2_2/SC-P02-T00-LOBBY-2013.CSV
public/efile_v2_2/SC-P02-T00-LOBBY-2014.CSV,2026-08-11T15:33:07.000Z,"""40966a717245bbac1bf5050c16d43948""",5568818,STANDARD,nccs-efile,5.6 mb,https://nccs-efile.s3.us-east-1.amazonaws.com/public/efile_v2_2/SC-P02-T00-LOBBY-2014.CSV
public/efile_v2_2/SC-P02-T00-LOBBY-2015.CSV,2026-08-11T15:33:08.000Z,"""94e01b3fdd3ef3923eda10331a9036de""",5809674,STANDARD,nccs-efile,5.8 mb,https://nccs-efile.s3.us-east-1.amazonaws.com/public/efile_v2_2/SC-P02-T00-LOBBY-2015.CSV
public/efile_v2_2/SC-P02-T00-LOBBY-2016.CSV,2026-08-11T15:33:08.000Z,"""95da5c1bd82fe58fcc6b037378c9a434""",5905829,STANDARD,nccs-efile,5.9 mb,https://nccs-efile.s3.us-east-1.amazonaws.com/public/efile_v2_2/SC-P02-T00-LOBBY-2016.CSV
public/efile_v2_2/SC-P02-T00-LOBBY-2017.CSV,2026-08-11T15:33:08.000Z,"""a7d14b59b654caed7f0cb745b431c323""",6293892,STANDARD,nccs-efile,6.3 mb,https://nccs-efile.s3.us-east-1.amazonaws.com/public/efile_v2_2/SC-P02-T00-LOBBY-2017.CSV
public/efile_v2_2/SC-P02-T00-LOBBY-2018.CSV,2026-08-11T15:33:08.000Z,"""652a50f2b6147e1aa3beba346667c5e2""",6299419,STANDARD,nccs-efile,6.3 mb,https://nccs-efile.s3.us-east-1.amazonaws.com/public/efile_v2_2/SC-P02-T00-LOBBY-2018.CSV
public/efile_v2_2/SC-P02-T00-LOBBY-2019.CSV,2026-08-11T15:33:08.000Z,"""8f0e0fc16eee8e8ef72917ce6c08a76e""",6433434,STANDARD,nccs-efile,6.4 mb,https://nccs-efile.s3.us-east-1.amazonaws.com/public/efile_v2_2/SC-P02-T00-LOBBY-2019.CSV
public/efile_v2_2/SC-P02-T00-LOBBY-2020.CSV,2026-08-11T15:33:08.000Z,"""45cdd85368183f02d435950f03bb07f4""",7433507,STANDARD,nccs-efile,7.4 mb,https://nccs-efile.s3.us-east-1.amazonaws.com/public/efile_v2_2/SC-P02-T00-LOBBY-2020.CSV
public/efile_v2_2/SC-P02-T00-LOBBY-2021.CSV,2026-08-11T15:33:08.000Z,"""37eecb6b771b51bfe268b68acd139812""",6986868,STANDARD,nccs-efile,7 mb,https://nccs-efile.s3.us-east-1.amazonaws.com/public/efile_v2_2/SC-P02-T00-LOBBY-2021.CSV
public/efile_v2_2/SC-P02-T00-LOBBY-2022.CSV,2026-08-11T17:07:53.000Z,"""0467acce55071a34704f03c316aa7a48""",7203436,STANDARD,nccs-efile,7.2 mb,https://nccs-efile.s3.us-east-1.amazonaws.com/public/efile_v2_2/SC-P02-T00-LOBBY-2022.CSV
public/efile_v2_2/SC-P02-T00-LOBBY-2023.CSV,2026-08-11T17:07:53.000Z,"""109eca5e387abee68325e7f9c0e44bbf""",7317994,STANDARD,nccs-efile,7.3 mb,https://nccs-efile.s3.us-east-1.amazonaws.com/public/efile_v2_2/SC-P02-T00-LOBBY-2023.CSV
public/efile_v2_2/SC-P02-T00-LOBBY-2024.CSV,2026-08-11T17:07:53.000Z,"""fd470c68e506c95eeea440be5f02a512""",4828839,STANDARD,nccs-efile,4.8 mb,https://nccs-efile.s3.us-east-1.amazonaws.com/public/efile_v2_2/SC-P02-T00-LOBBY-2024.CSV
public/efile_v2_2/SC-P03-T00-LOBBY-2009.CSV,2026-08-11T15:33:08.000Z,"""71b02d0e9debb796e09ad89d81bc9815""",330878,STANDARD,nccs-efile,0.3 mb,https://nccs-efile.s3.us-east-1.amazonaws.com/public/efile_v2_2/SC-P03-T00-LOBBY-2009.CSV
public/efile_v2_2/SC-P03-T00-LOBBY-2010.CSV,2026-08-11T15:33:08.000Z,"""bc425fb97fd27bb3fac217f7dd2ea3bf""",2284097,STANDARD,nccs-efile,2.3 mb,https://nccs-efile.s3.us-east-1.amazonaws.com/public/efile_v2_2/SC-P03-T00-LOBBY-2010.CSV
public/efile_v2_2/SC-P03-T00-LOBBY-2011.CSV,2026-08-11T15:33:08.000Z,"""87e1a21f49cc6a5a33a44cf60ba47bfc""",3620422,STANDARD,nccs-efile,3.6 mb,https://nccs-efile.s3.us-east-1.amazonaws.com/public/efile_v2_2/SC-P03-T00-LOBBY-2011.CSV
public/efile_v2_2/SC-P03-T00-LOBBY-2012.CSV,2026-08-11T15:33:08.000Z,"""aea4a2dbab0a1b344ba9447f73cb62be""",3362993,STANDARD,nccs-efile,3.4 mb,https://nccs-efile.s3.us-east-1.amazonaws.com/public/efile_v2_2/SC-P03-T00-LOBBY-2012.CSV
public/efile_v2_2/SC-P03-T00-LOBBY-2013.CSV,2026-08-11T15:33:08.000Z,"""9fe1f708ebb1f3b157f3fcedae9a4ac1""",3873342,STANDARD,nccs-efile,3.9 mb,https://nccs-efile.s3.us-east-1.amazonaws.com/public/efile_v2_2/SC-P03-T00-LOBBY-2013.CSV
public/efile_v2_2/SC-P03-T00-LOBBY-2014.CSV,2026-08-11T15:33:08.000Z,"""38a60ff3828f25b66e8a7f69902bfb62""",4413611,STANDARD,nccs-efile,4.4 mb,https://nccs-efile.s3.us-east-1.amazonaws.com/public/efile_v2_2/SC-P03-T00-LOBBY-2014.CSV
public/efile_v2_2/SC-P03-T00-LOBBY-2015.CSV,2026-08-11T15:33:08.000Z,"""b64a5a38e0efc8ba64df6216dbe8238e""",4737654,STANDARD,nccs-efile,4.7 mb,https://nccs-efile.s3.us-east-1.amazonaws.com/public/efile_v2_2/SC-P03-T00-LOBBY-2015.CSV
public/efile_v2_2/SC-P03-T00-LOBBY-2016.CSV,2026-08-11T15:33:08.000Z,"""38d658e8ead403abcce44df0211e9ef5""",5001271,STANDARD,nccs-efile,5 mb,https://nccs-efile.s3.us-east-1.amazonaws.com/public/efile_v2_2/SC-P03-T00-LOBBY-2016.CSV
public/efile_v2_2/SC-P03-T00-LOBBY-2017.CSV,2026-08-11T15:33:09.000Z,"""2e7b75ee7e3d6d433720a834790eb388""",5357912,STANDARD,nccs-efile,5.4 mb,https://nccs-efile.s3.us-east-1.amazonaws.com/public/efile_v2_2/SC-P03-T00-LOBBY-2017.CSV
public/efile_v2_2/SC-P03-T00-LOBBY-2018.CSV,2026-08-11T15:33:09.000Z,"""a0e3d975a594baf679510ef80660be5e""",5640122,STANDARD,nccs-efile,5.6 mb,https://nccs-efile.s3.us-east-1.amazonaws.com/public/efile_v2_2/SC-P03-T00-LOBBY-2018.CSV
public/efile_v2_2/SC-P03-T00-LOBBY-2019.CSV,2026-08-11T15:33:09.000Z,"""7698b6c87960405a54c943fbf61598a7""",5910412,STANDARD,nccs-efile,5.9 mb,https://nccs-efile.s3.us-east-1.amazonaws.com/public/efile_v2_2/SC-P03-T00-LOBBY-2019.CSV
public/efile_v2_2/SC-P03-T00-LOBBY-2020.CSV,2026-08-11T15:33:09.000Z,"""dffed7a6deb5634bfd8cf6778f3c4975""",6619032,STANDARD,nccs-efile,6.6 mb,https://nccs-efile.s3.us-east-1.amazonaws.com/public/efile_v2_2/SC-P03-T00-LOBBY-2020.CSV
public/efile_v2_2/SC-P03-T00-LOBBY-2021.CSV,2026-08-11T15:33:09.000Z,"""c9a5cc5610dacf89d7d7f44e19fe914f""",6777645,STANDARD,nccs-efile,6.8 mb,https://nccs-efile.s3.us-east-1.amazonaws.com/public/efile_v2_2/SC-P03-T00-LOBBY-2021.CSV
public/efile_v2_2/SC-P03-T00-LOBBY-2022.CSV,2026-08-11T17:07:53.000Z,"""9832af11c08dd2a4dfba00710189d4a4""",6906044,STANDARD,nccs-efile,6.9 mb,https://nccs-efile.s3.us-east-1.amazonaws.com/public/efile_v2_2/SC-P03-T00-LOBBY-2022.CSV
public/efile_v2_2/SC-P03-T00-LOBBY-2023.CSV,2026-08-11T17:07:53.000Z,"""7871a10e3ba30018946057247af30eae""",6957545,STANDARD,nccs-efile,7 mb,https://nccs-efile.s3.us-east-1.amazonaws.com/public/efile_v2_2/SC-P03-T00-LOBBY-2023.CSV
public/efile_v2_2/SC-P03-T00-LOBBY-2024.CSV,2026-08-11T17:07:53.000Z,"""e9706ffff3722787186eb0e0a3c41bb8""",5654790,STANDARD,nccs-efile,5.7 mb,https://nccs-efile.s3.us-east-1.amazonaws.com/public/efile_v2_2/SC-P03-T00-LOBBY-2024.CSV
public/efile_v2_2/SD-P01-T00-ORGS-DONOR-ADVISED-FUNDS-OTH-2009.CSV,2026-08-11T15:33:09.000Z,"""fd23a525d7a444fae9ff324888b65399""",1491007,STANDARD,nccs-efile,1.5 mb,https://nccs-efile.s3.us-east-1.amazonaws.com/public/efile_v2_2/SD-P01-T00-ORGS-DONOR-ADVISED-FUNDS-OTH-2009.CSV
public/efile_v2_2/SD-P01-T00-ORGS-DONOR-ADVISED-FUNDS-OTH-2010.CSV,2026-08-11T15:33:09.000Z,"""d15b273f1e8e357811a2592a7c38afef""",6142185,STANDARD,nccs-efile,6.1 mb,https://nccs-efile.s3.us-east-1.amazonaws.com/public/efile_v2_2/SD-P01-T00-ORGS-DONOR-ADVISED-FUNDS-OTH-2010.CSV
public/efile_v2_2/SD-P01-T00-ORGS-DONOR-ADVISED-FUNDS-OTH-2011.CSV,2026-08-11T15:33:09.000Z,"""aa1f86581e06fe51755deff7bfb70603""",8188130,STANDARD,nccs-efile,8.2 mb,https://nccs-efile.s3.us-east-1.amazonaws.com/public/efile_v2_2/SD-P01-T00-ORGS-DONOR-ADVISED-FUNDS-OTH-2011.CSV
public/efile_v2_2/SD-P01-T00-ORGS-DONOR-ADVISED-FUNDS-OTH-2012.CSV,2026-08-11T15:33:09.000Z,"""4393ec25f33d2cb89123843ca4dcb0f0""",779159,STANDARD,nccs-efile,0.8 mb,https://nccs-efile.s3.us-east-1.amazonaws.com/public/efile_v2_2/SD-P01-T00-ORGS-DONOR-ADVISED-FUNDS-OTH-2012.CSV
public/efile_v2_2/SD-P01-T00-ORGS-DONOR-ADVISED-FUNDS-OTH-2013.CSV,2026-08-11T15:33:09.000Z,"""93d17a62345e0d3a5076e7a2761d338e""",866666,STANDARD,nccs-efile,0.9 mb,https://nccs-efile.s3.us-east-1.amazonaws.com/public/efile_v2_2/SD-P01-T00-ORGS-DONOR-ADVISED-FUNDS-OTH-2013.CSV
public/efile_v2_2/SD-P01-T00-ORGS-DONOR-ADVISED-FUNDS-OTH-2014.CSV,2026-08-11T15:33:09.000Z,"""e4d1995f33d1335a9b4de1ab57e8ee55""",797071,STANDARD,nccs-efile,0.8 mb,https://nccs-efile.s3.us-east-1.amazonaws.com/public/efile_v2_2/SD-P01-T00-ORGS-DONOR-ADVISED-FUNDS-OTH-2014.CSV
public/efile_v2_2/SD-P01-T00-ORGS-DONOR-ADVISED-FUNDS-OTH-2015.CSV,2026-08-11T15:33:09.000Z,"""1825cf006ad4b693882f8ea3857426ad""",889497,STANDARD,nccs-efile,0.9 mb,https://nccs-efile.s3.us-east-1.amazonaws.com/public/efile_v2_2/SD-P01-T00-ORGS-DONOR-ADVISED-FUNDS-OTH-2015.CSV
public/efile_v2_2/SD-P01-T00-ORGS-DONOR-ADVISED-FUNDS-OTH-2016.CSV,2026-08-11T15:33:09.000Z,"""bad936b13472c7355fed9a7aa7ce00d5""",975125,STANDARD,nccs-efile,1 mb,https://nccs-efile.s3.us-east-1.amazonaws.com/public/efile_v2_2/SD-P01-T00-ORGS-DONOR-ADVISED-FUNDS-OTH-2016.CSV
public/efile_v2_2/SD-P01-T00-ORGS-DONOR-ADVISED-FUNDS-OTH-2017.CSV,2026-08-11T15:33:09.000Z,"""cf04ede2b95f305f6dc0fe1fd1e23fcd""",1076242,STANDARD,nccs-efile,1.1 mb,https://nccs-efile.s3.us-east-1.amazonaws.com/public/efile_v2_2/SD-P01-T00-ORGS-DONOR-ADVISED-FUNDS-OTH-2017.CSV
public/efile_v2_2/SD-P01-T00-ORGS-DONOR-ADVISED-FUNDS-OTH-2018.CSV,2026-08-11T15:33:10.000Z,"""08716f5a9247e9d39eb7a2b892808fa8""",1131354,STANDARD,nccs-efile,1.1 mb,https://nccs-efile.s3.us-east-1.amazonaws.com/public/efile_v2_2/SD-P01-T00-ORGS-DONOR-ADVISED-FUNDS-OTH-2018.CSV
public/efile_v2_2/SD-P01-T00-ORGS-DONOR-ADVISED-FUNDS-OTH-2019.CSV,2026-08-11T15:33:10.000Z,"""411612c56f8deffec870dc54a1ae7a15""",1247977,STANDARD,nccs-efile,1.2 mb,https://nccs-efile.s3.us-east-1.amazonaws.com/public/efile_v2_2/SD-P01-T00-ORGS-DONOR-ADVISED-FUNDS-OTH-2019.CSV
public/efile_v2_2/SD-P01-T00-ORGS-DONOR-ADVISED-FUNDS-OTH-2020.CSV,2026-08-11T15:33:10.000Z,"""cca2b796d2032a5f7676c4190bbbe830""",1770167,STANDARD,nccs-efile,1.8 mb,https://nccs-efile.s3.us-east-1.amazonaws.com/public/efile_v2_2/SD-P01-T00-ORGS-DONOR-ADVISED-FUNDS-OTH-2020.CSV
public/efile_v2_2/SD-P01-T00-ORGS-DONOR-ADVISED-FUNDS-OTH-2021.CSV,2026-08-11T15:33:10.000Z,"""2d258f24a002f09c7805178603fbe47e""",1597019,STANDARD,nccs-efile,1.6 mb,https://nccs-efile.s3.us-east-1.amazonaws.com/public/efile_v2_2/SD-P01-T00-ORGS-DONOR-ADVISED-FUNDS-OTH-2021.CSV
public/efile_v2_2/SD-P01-T00-ORGS-DONOR-ADVISED-FUNDS-OTH-2022.CSV,2026-08-11T17:07:53.000Z,"""b4edaa49264e5767a875ecc06aecb719""",1696228,STANDARD,nccs-efile,1.7 mb,https://nccs-efile.s3.us-east-1.amazonaws.com/public/efile_v2_2/SD-P01-T00-ORGS-DONOR-ADVISED-FUNDS-OTH-2022.CSV
public/efile_v2_2/SD-P01-T00-ORGS-DONOR-ADVISED-FUNDS-OTH-2023.CSV,2026-08-11T17:07:53.000Z,"""fe022c029bd28ddbca0c29e0cfda38cc""",1809986,STANDARD,nccs-efile,1.8 mb,https://nccs-efile.s3.us-east-1.amazonaws.com/public/efile_v2_2/SD-P01-T00-ORGS-DONOR-ADVISED-FUNDS-OTH-2023.CSV
public/efile_v2_2/SD-P01-T00-ORGS-DONOR-ADVISED-FUNDS-OTH-2024.CSV,2026-08-11T17:07:53.000Z,"""927c8db7dc6d0072611d63cc4f90c70c""",842864,STANDARD,nccs-efile,0.8 mb,https://nccs-efile.s3.us-east-1.amazonaws.com/public/efile_v2_2/SD-P01-T00-ORGS-DONOR-ADVISED-FUNDS-OTH-2024.CSV
public/efile_v2_2/SD-P02-T00-CONSERV-EASEMENTS-2009.CSV,2026-08-11T15:33:10.000Z,"""1cb4152ce76badc538412d107c2d1eff""",1503328,STANDARD,nccs-efile,1.5 mb,https://nccs-efile.s3.us-east-1.amazonaws.com/public/efile_v2_2/SD-P02-T00-CONSERV-EASEMENTS-2009.CSV
public/efile_v2_2/SD-P02-T00-CONSERV-EASEMENTS-2010.CSV,2026-08-11T15:33:10.000Z,"""6f9e6447f13873d54096afc6b67609b2""",6220178,STANDARD,nccs-efile,6.2 mb,https://nccs-efile.s3.us-east-1.amazonaws.com/public/efile_v2_2/SD-P02-T00-CONSERV-EASEMENTS-2010.CSV
public/efile_v2_2/SD-P02-T00-CONSERV-EASEMENTS-2011.CSV,2026-08-11T15:33:10.000Z,"""3a18c073afeb5e7e9c828bbed6bfe262""",8358128,STANDARD,nccs-efile,8.4 mb,https://nccs-efile.s3.us-east-1.amazonaws.com/public/efile_v2_2/SD-P02-T00-CONSERV-EASEMENTS-2011.CSV
public/efile_v2_2/SD-P02-T00-CONSERV-EASEMENTS-2012.CSV,2026-08-11T15:33:10.000Z,"""4b052df3948fdb781cb1aafad0ee9978""",535259,STANDARD,nccs-efile,0.5 mb,https://nccs-efile.s3.us-east-1.amazonaws.com/public/efile_v2_2/SD-P02-T00-CONSERV-EASEMENTS-2012.CSV
public/efile_v2_2/SD-P02-T00-CONSERV-EASEMENTS-2013.CSV,2026-08-11T15:33:10.000Z,"""e2ffcf60a06a7ff1e42e19ab827dd7d9""",635229,STANDARD,nccs-efile,0.6 mb,https://nccs-efile.s3.us-east-1.amazonaws.com/public/efile_v2_2/SD-P02-T00-CONSERV-EASEMENTS-2013.CSV
public/efile_v2_2/SD-P02-T00-CONSERV-EASEMENTS-2014.CSV,2026-08-11T15:33:10.000Z,"""83abebeeac526b95e14db1b01ff72641""",537076,STANDARD,nccs-efile,0.5 mb,https://nccs-efile.s3.us-east-1.amazonaws.com/public/efile_v2_2/SD-P02-T00-CONSERV-EASEMENTS-2014.CSV
public/efile_v2_2/SD-P02-T00-CONSERV-EASEMENTS-2015.CSV,2026-08-11T15:33:10.000Z,"""c3c7cd8c93ec18ea48a3e201ec2b233c""",664225,STANDARD,nccs-efile,0.7 mb,https://nccs-efile.s3.us-east-1.amazonaws.com/public/efile_v2_2/SD-P02-T00-CONSERV-EASEMENTS-2015.CSV
public/efile_v2_2/SD-P02-T00-CONSERV-EASEMENTS-2016.CSV,2026-08-11T15:33:10.000Z,"""659c1fe1b562ede424dc8159541e1be0""",750623,STANDARD,nccs-efile,0.8 mb,https://nccs-efile.s3.us-east-1.amazonaws.com/public/efile_v2_2/SD-P02-T00-CONSERV-EASEMENTS-2016.CSV
public/efile_v2_2/SD-P02-T00-CONSERV-EASEMENTS-2017.CSV,2026-08-11T15:33:10.000Z,"""0d3174d4a4788ff9ca4adb88dcc62e60""",861860,STANDARD,nccs-efile,0.9 mb,https://nccs-efile.s3.us-east-1.amazonaws.com/public/efile_v2_2/SD-P02-T00-CONSERV-EASEMENTS-2017.CSV
public/efile_v2_2/SD-P02-T00-CONSERV-EASEMENTS-2018.CSV,2026-08-11T15:33:10.000Z,"""62b0a67800520b7a891e3378a9a77a49""",907621,STANDARD,nccs-efile,0.9 mb,https://nccs-efile.s3.us-east-1.amazonaws.com/public/efile_v2_2/SD-P02-T00-CONSERV-EASEMENTS-2018.CSV
public/efile_v2_2/SD-P02-T00-CONSERV-EASEMENTS-2019.CSV,2026-08-11T15:33:10.000Z,"""2839ab600964b3610a89f602b661471b""",1018521,STANDARD,nccs-efile,1 mb,https://nccs-efile.s3.us-east-1.amazonaws.com/public/efile_v2_2/SD-P02-T00-CONSERV-EASEMENTS-2019.CSV
public/efile_v2_2/SD-P02-T00-CONSERV-EASEMENTS-2020.CSV,2026-08-11T15:33:11.000Z,"""849da344851c21e4a8d294862cbc153f""",1511250,STANDARD,nccs-efile,1.5 mb,https://nccs-efile.s3.us-east-1.amazonaws.com/public/efile_v2_2/SD-P02-T00-CONSERV-EASEMENTS-2020.CSV
public/efile_v2_2/SD-P02-T00-CONSERV-EASEMENTS-2021.CSV,2026-08-11T15:33:11.000Z,"""0a0d70eb64adc34960e7c37d47254a35""",1349869,STANDARD,nccs-efile,1.3 mb,https://nccs-efile.s3.us-east-1.amazonaws.com/public/efile_v2_2/SD-P02-T00-CONSERV-EASEMENTS-2021.CSV
public/efile_v2_2/SD-P02-T00-CONSERV-EASEMENTS-2022.CSV,2026-08-11T17:07:53.000Z,"""4cec2be3077902ca33c3ed222921cc1e""",1465080,STANDARD,nccs-efile,1.5 mb,https://nccs-efile.s3.us-east-1.amazonaws.com/public/efile_v2_2/SD-P02-T00-CONSERV-EASEMENTS-2022.CSV
public/efile_v2_2/SD-P02-T00-CONSERV-EASEMENTS-2023.CSV,2026-08-11T17:07:53.000Z,"""45f77c9e3dcdd8241f83fec17daffaa5""",1597168,STANDARD,nccs-efile,1.6 mb,https://nccs-efile.s3.us-east-1.amazonaws.com/public/efile_v2_2/SD-P02-T00-CONSERV-EASEMENTS-2023.CSV
public/efile_v2_2/SD-P02-T00-CONSERV-EASEMENTS-2024.CSV,2026-08-11T17:07:53.000Z,"""7df180beded897ad551f0be4ce7d4487""",654042,STANDARD,nccs-efile,0.7 mb,https://nccs-efile.s3.us-east-1.amazonaws.com/public/efile_v2_2/SD-P02-T00-CONSERV-EASEMENTS-2024.CSV
public/efile_v2_2/SD-P03-T00-ORGS-COLLECT-ART-HIST-TREASURE-OTH-2009.CSV,2026-08-11T15:33:11.000Z,"""e65b7f0741811f64e5e7f3b0d024641c""",1726399,STANDARD,nccs-efile,1.7 mb,https://nccs-efile.s3.us-east-1.amazonaws.com/public/efile_v2_2/SD-P03-T00-ORGS-COLLECT-ART-HIST-TREASURE-OTH-2009.CSV
public/efile_v2_2/SD-P03-T00-ORGS-COLLECT-ART-HIST-TREASURE-OTH-2010.CSV,2026-08-11T15:33:11.000Z,"""b866bce97cd592114f06d41a223ee676""",6509052,STANDARD,nccs-efile,6.5 mb,https://nccs-efile.s3.us-east-1.amazonaws.com/public/efile_v2_2/SD-P03-T00-ORGS-COLLECT-ART-HIST-TREASURE-OTH-2010.CSV
public/efile_v2_2/SD-P03-T00-ORGS-COLLECT-ART-HIST-TREASURE-OTH-2011.CSV,2026-08-11T15:33:11.000Z,"""c236e79264b3800fa537c40497aea7e9-2""",8583601,STANDARD,nccs-efile,8.6 mb,https://nccs-efile.s3.us-east-1.amazonaws.com/public/efile_v2_2/SD-P03-T00-ORGS-COLLECT-ART-HIST-TREASURE-OTH-2011.CSV
public/efile_v2_2/SD-P03-T00-ORGS-COLLECT-ART-HIST-TREASURE-OTH-2012.CSV,2026-08-11T15:33:11.000Z,"""302f88e4b859ef2a11e2396705eea5a8""",1346626,STANDARD,nccs-efile,1.3 mb,https://nccs-efile.s3.us-east-1.amazonaws.com/public/efile_v2_2/SD-P03-T00-ORGS-COLLECT-ART-HIST-TREASURE-OTH-2012.CSV
public/efile_v2_2/SD-P03-T00-ORGS-COLLECT-ART-HIST-TREASURE-OTH-2013.CSV,2026-08-11T15:33:11.000Z,"""7e0409f8fa488c9ece68aa36e5178227""",1475138,STANDARD,nccs-efile,1.5 mb,https://nccs-efile.s3.us-east-1.amazonaws.com/public/efile_v2_2/SD-P03-T00-ORGS-COLLECT-ART-HIST-TREASURE-OTH-2013.CSV
public/efile_v2_2/SD-P03-T00-ORGS-COLLECT-ART-HIST-TREASURE-OTH-2014.CSV,2026-08-11T15:33:11.000Z,"""76174bc3c68e01bcc0237ca1e8de8076""",1595009,STANDARD,nccs-efile,1.6 mb,https://nccs-efile.s3.us-east-1.amazonaws.com/public/efile_v2_2/SD-P03-T00-ORGS-COLLECT-ART-HIST-TREASURE-OTH-2014.CSV
public/efile_v2_2/SD-P03-T00-ORGS-COLLECT-ART-HIST-TREASURE-OTH-2015.CSV,2026-08-11T15:33:11.000Z,"""e83c4c08822ea0236e5a1aa00f239da6""",1765997,STANDARD,nccs-efile,1.8 mb,https://nccs-efile.s3.us-east-1.amazonaws.com/public/efile_v2_2/SD-P03-T00-ORGS-COLLECT-ART-HIST-TREASURE-OTH-2015.CSV
public/efile_v2_2/SD-P03-T00-ORGS-COLLECT-ART-HIST-TREASURE-OTH-2016.CSV,2026-08-11T15:33:11.000Z,"""c9669d7535b072f17d7791b11bfb065e""",1893202,STANDARD,nccs-efile,1.9 mb,https://nccs-efile.s3.us-east-1.amazonaws.com/public/efile_v2_2/SD-P03-T00-ORGS-COLLECT-ART-HIST-TREASURE-OTH-2016.CSV
public/efile_v2_2/SD-P03-T00-ORGS-COLLECT-ART-HIST-TREASURE-OTH-2017.CSV,2026-08-11T15:33:11.000Z,"""67ed9c43d73aa9cba51c16f9788fd86d""",2109354,STANDARD,nccs-efile,2.1 mb,https://nccs-efile.s3.us-east-1.amazonaws.com/public/efile_v2_2/SD-P03-T00-ORGS-COLLECT-ART-HIST-TREASURE-OTH-2017.CSV
public/efile_v2_2/SD-P03-T00-ORGS-COLLECT-ART-HIST-TREASURE-OTH-2018.CSV,2026-08-11T15:33:11.000Z,"""0ed13ff3f6f62fcbe56dea9e75941a7b""",2152508,STANDARD,nccs-efile,2.2 mb,https://nccs-efile.s3.us-east-1.amazonaws.com/public/efile_v2_2/SD-P03-T00-ORGS-COLLECT-ART-HIST-TREASURE-OTH-2018.CSV
public/efile_v2_2/SD-P03-T00-ORGS-COLLECT-ART-HIST-TREASURE-OTH-2019.CSV,2026-08-11T15:33:11.000Z,"""6d0dd10d168ec6662ce237b0db8442f5""",2310454,STANDARD,nccs-efile,2.3 mb,https://nccs-efile.s3.us-east-1.amazonaws.com/public/efile_v2_2/SD-P03-T00-ORGS-COLLECT-ART-HIST-TREASURE-OTH-2019.CSV
public/efile_v2_2/SD-P03-T00-ORGS-COLLECT-ART-HIST-TREASURE-OTH-2020.CSV,2026-08-11T15:33:11.000Z,"""5676764662edbcd813dea1303127ce80""",3021474,STANDARD,nccs-efile,3 mb,https://nccs-efile.s3.us-east-1.amazonaws.com/public/efile_v2_2/SD-P03-T00-ORGS-COLLECT-ART-HIST-TREASURE-OTH-2020.CSV
public/efile_v2_2/SD-P03-T00-ORGS-COLLECT-ART-HIST-TREASURE-OTH-2021.CSV,2026-08-11T15:33:11.000Z,"""b32e82393e9767a88dafbff45eed0940""",2892155,STANDARD,nccs-efile,2.9 mb,https://nccs-efile.s3.us-east-1.amazonaws.com/public/efile_v2_2/SD-P03-T00-ORGS-COLLECT-ART-HIST-TREASURE-OTH-2021.CSV
public/efile_v2_2/SD-P03-T00-ORGS-COLLECT-ART-HIST-TREASURE-OTH-2022.CSV,2026-08-11T17:07:53.000Z,"""9f55892b4e41b0d7d436107240c36a02""",3009832,STANDARD,nccs-efile,3 mb,https://nccs-efile.s3.us-east-1.amazonaws.com/public/efile_v2_2/SD-P03-T00-ORGS-COLLECT-ART-HIST-TREASURE-OTH-2022.CSV
public/efile_v2_2/SD-P03-T00-ORGS-COLLECT-ART-HIST-TREASURE-OTH-2023.CSV,2026-08-11T17:07:53.000Z,"""596e0ffa75fd80acf1a9d90b13572012""",3132577,STANDARD,nccs-efile,3.1 mb,https://nccs-efile.s3.us-east-1.amazonaws.com/public/efile_v2_2/SD-P03-T00-ORGS-COLLECT-ART-HIST-TREASURE-OTH-2023.CSV
public/efile_v2_2/SD-P03-T00-ORGS-COLLECT-ART-HIST-TREASURE-OTH-2024.CSV,2026-08-11T17:07:53.000Z,"""205bbc3bffb5c508be257266993d74dd""",1597342,STANDARD,nccs-efile,1.6 mb,https://nccs-efile.s3.us-east-1.amazonaws.com/public/efile_v2_2/SD-P03-T00-ORGS-COLLECT-ART-HIST-TREASURE-OTH-2024.CSV
public/efile_v2_2/SD-P04-T00-ESCROW-CUSTODIAL-ARRANGEMENTS-2009.CSV,2026-08-11T15:33:12.000Z,"""b5af957625174c1ee99fdaaa3d73298f""",1758935,STANDARD,nccs-efile,1.8 mb,https://nccs-efile.s3.us-east-1.amazonaws.com/public/efile_v2_2/SD-P04-T00-ESCROW-CUSTODIAL-ARRANGEMENTS-2009.CSV
public/efile_v2_2/SD-P04-T00-ESCROW-CUSTODIAL-ARRANGEMENTS-2010.CSV,2026-08-11T15:33:12.000Z,"""7b7ccb4a606c201e217db8cb08de67aa""",7405330,STANDARD,nccs-efile,7.4 mb,https://nccs-efile.s3.us-east-1.amazonaws.com/public/efile_v2_2/SD-P04-T00-ESCROW-CUSTODIAL-ARRANGEMENTS-2010.CSV
public/efile_v2_2/SD-P04-T00-ESCROW-CUSTODIAL-ARRANGEMENTS-2011.CSV,2026-08-11T15:33:12.000Z,"""d90a347da711a27a1922ed14f15dc06c-2""",10392207,STANDARD,nccs-efile,10.4 mb,https://nccs-efile.s3.us-east-1.amazonaws.com/public/efile_v2_2/SD-P04-T00-ESCROW-CUSTODIAL-ARRANGEMENTS-2011.CSV
public/efile_v2_2/SD-P04-T00-ESCROW-CUSTODIAL-ARRANGEMENTS-2012.CSV,2026-08-11T15:33:12.000Z,"""f0980e694b227cd61b37a089b0c74099""",3550954,STANDARD,nccs-efile,3.6 mb,https://nccs-efile.s3.us-east-1.amazonaws.com/public/efile_v2_2/SD-P04-T00-ESCROW-CUSTODIAL-ARRANGEMENTS-2012.CSV
public/efile_v2_2/SD-P04-T00-ESCROW-CUSTODIAL-ARRANGEMENTS-2013.CSV,2026-08-11T15:33:12.000Z,"""16fee15d701a7f313ca496685896cad8""",3738218,STANDARD,nccs-efile,3.7 mb,https://nccs-efile.s3.us-east-1.amazonaws.com/public/efile_v2_2/SD-P04-T00-ESCROW-CUSTODIAL-ARRANGEMENTS-2013.CSV
public/efile_v2_2/SD-P04-T00-ESCROW-CUSTODIAL-ARRANGEMENTS-2014.CSV,2026-08-11T15:33:12.000Z,"""8f13d2db22dd5b1b8a74db66cf439038""",4401612,STANDARD,nccs-efile,4.4 mb,https://nccs-efile.s3.us-east-1.amazonaws.com/public/efile_v2_2/SD-P04-T00-ESCROW-CUSTODIAL-ARRANGEMENTS-2014.CSV
public/efile_v2_2/SD-P04-T00-ESCROW-CUSTODIAL-ARRANGEMENTS-2015.CSV,2026-08-11T15:33:12.000Z,"""1782989e8c8197e749a3e3e3381d37ce""",4722592,STANDARD,nccs-efile,4.7 mb,https://nccs-efile.s3.us-east-1.amazonaws.com/public/efile_v2_2/SD-P04-T00-ESCROW-CUSTODIAL-ARRANGEMENTS-2015.CSV
public/efile_v2_2/SD-P04-T00-ESCROW-CUSTODIAL-ARRANGEMENTS-2016.CSV,2026-08-11T15:33:12.000Z,"""912b1be2174016f18644344e327e729e""",4850476,STANDARD,nccs-efile,4.9 mb,https://nccs-efile.s3.us-east-1.amazonaws.com/public/efile_v2_2/SD-P04-T00-ESCROW-CUSTODIAL-ARRANGEMENTS-2016.CSV
public/efile_v2_2/SD-P04-T00-ESCROW-CUSTODIAL-ARRANGEMENTS-2017.CSV,2026-08-11T15:33:12.000Z,"""7b494fa343a832dfa7ad3d31d893a1e6""",5247831,STANDARD,nccs-efile,5.2 mb,https://nccs-efile.s3.us-east-1.amazonaws.com/public/efile_v2_2/SD-P04-T00-ESCROW-CUSTODIAL-ARRANGEMENTS-2017.CSV
public/efile_v2_2/SD-P04-T00-ESCROW-CUSTODIAL-ARRANGEMENTS-2018.CSV,2026-08-11T15:33:12.000Z,"""82a8bcf9b0cdd5cd8fbe8f9a399da937""",5384427,STANDARD,nccs-efile,5.4 mb,https://nccs-efile.s3.us-east-1.amazonaws.com/public/efile_v2_2/SD-P04-T00-ESCROW-CUSTODIAL-ARRANGEMENTS-2018.CSV
public/efile_v2_2/SD-P04-T00-ESCROW-CUSTODIAL-ARRANGEMENTS-2019.CSV,2026-08-11T15:33:12.000Z,"""ce9d6d46bfc4f14ab685ec9243015038""",5839999,STANDARD,nccs-efile,5.8 mb,https://nccs-efile.s3.us-east-1.amazonaws.com/public/efile_v2_2/SD-P04-T00-ESCROW-CUSTODIAL-ARRANGEMENTS-2019.CSV
public/efile_v2_2/SD-P04-T00-ESCROW-CUSTODIAL-ARRANGEMENTS-2020.CSV,2026-08-11T15:33:12.000Z,"""52879392692f37f4b907485dc16ebe05""",7442915,STANDARD,nccs-efile,7.4 mb,https://nccs-efile.s3.us-east-1.amazonaws.com/public/efile_v2_2/SD-P04-T00-ESCROW-CUSTODIAL-ARRANGEMENTS-2020.CSV
public/efile_v2_2/SD-P04-T00-ESCROW-CUSTODIAL-ARRANGEMENTS-2021.CSV,2026-08-11T15:33:12.000Z,"""7d18ec2a4fde298b16f1b9fa6aa5fe17""",6950400,STANDARD,nccs-efile,7 mb,https://nccs-efile.s3.us-east-1.amazonaws.com/public/efile_v2_2/SD-P04-T00-ESCROW-CUSTODIAL-ARRANGEMENTS-2021.CSV
public/efile_v2_2/SD-P04-T00-ESCROW-CUSTODIAL-ARRANGEMENTS-2022.CSV,2026-08-11T17:07:54.000Z,"""264009f4fc7b05f5e12d6f0ee5e4b50f""",6996813,STANDARD,nccs-efile,7 mb,https://nccs-efile.s3.us-east-1.amazonaws.com/public/efile_v2_2/SD-P04-T00-ESCROW-CUSTODIAL-ARRANGEMENTS-2022.CSV
public/efile_v2_2/SD-P04-T00-ESCROW-CUSTODIAL-ARRANGEMENTS-2023.CSV,2026-08-11T17:07:54.000Z,"""d4a0eb6c853c0fefaefb2961ad8221ab""",6870549,STANDARD,nccs-efile,6.9 mb,https://nccs-efile.s3.us-east-1.amazonaws.com/public/efile_v2_2/SD-P04-T00-ESCROW-CUSTODIAL-ARRANGEMENTS-2023.CSV
public/efile_v2_2/SD-P04-T00-ESCROW-CUSTODIAL-ARRANGEMENTS-2024.CSV,2026-08-11T17:07:54.000Z,"""d61bbd625b2ea3af6de864eb15c17cf1""",4388853,STANDARD,nccs-efile,4.4 mb,https://nccs-efile.s3.us-east-1.amazonaws.com/public/efile_v2_2/SD-P04-T00-ESCROW-CUSTODIAL-ARRANGEMENTS-2024.CSV
public/efile_v2_2/SD-P05-T00-ENDOWMENT-2009.CSV,2026-08-11T15:33:13.000Z,"""63d775b42c0c97387cac6368096469bb""",4213604,STANDARD,nccs-efile,4.2 mb,https://nccs-efile.s3.us-east-1.amazonaws.com/public/efile_v2_2/SD-P05-T00-ENDOWMENT-2009.CSV
public/efile_v2_2/SD-P05-T00-ENDOWMENT-2010.CSV,2026-08-11T15:33:13.000Z,"""afcb7559317fe41186c3741732116f66-2""",13327115,STANDARD,nccs-efile,13.3 mb,https://nccs-efile.s3.us-east-1.amazonaws.com/public/efile_v2_2/SD-P05-T00-ENDOWMENT-2010.CSV
public/efile_v2_2/SD-P05-T00-ENDOWMENT-2011.CSV,2026-08-11T15:33:13.000Z,"""73f3a3253dbd24a9b38795b8db1da105-3""",17975952,STANDARD,nccs-efile,18 mb,https://nccs-efile.s3.us-east-1.amazonaws.com/public/efile_v2_2/SD-P05-T00-ENDOWMENT-2011.CSV
public/efile_v2_2/SD-P05-T00-ENDOWMENT-2012.CSV,2026-08-11T15:33:13.000Z,"""12a02bb374266648683bc5a5892960ee-2""",11588548,STANDARD,nccs-efile,11.6 mb,https://nccs-efile.s3.us-east-1.amazonaws.com/public/efile_v2_2/SD-P05-T00-ENDOWMENT-2012.CSV
public/efile_v2_2/SD-P05-T00-ENDOWMENT-2013.CSV,2026-08-11T15:33:13.000Z,"""da631069e9375f0135525d51f93dcc1f-2""",12602357,STANDARD,nccs-efile,12.6 mb,https://nccs-efile.s3.us-east-1.amazonaws.com/public/efile_v2_2/SD-P05-T00-ENDOWMENT-2013.CSV
public/efile_v2_2/SD-P05-T00-ENDOWMENT-2014.CSV,2026-08-11T15:33:13.000Z,"""e0243b2bc81a1320e7ccfd2a5474a97e-2""",13553460,STANDARD,nccs-efile,13.6 mb,https://nccs-efile.s3.us-east-1.amazonaws.com/public/efile_v2_2/SD-P05-T00-ENDOWMENT-2014.CSV
public/efile_v2_2/SD-P05-T00-ENDOWMENT-2015.CSV,2026-08-11T15:33:13.000Z,"""63629ba6f006249b3ec75c112081e5ca-2""",14192456,STANDARD,nccs-efile,14.2 mb,https://nccs-efile.s3.us-east-1.amazonaws.com/public/efile_v2_2/SD-P05-T00-ENDOWMENT-2015.CSV
public/efile_v2_2/SD-P05-T00-ENDOWMENT-2016.CSV,2026-08-11T15:33:13.000Z,"""c49f55b1a114a1fead7ffca9f4848151-2""",14732552,STANDARD,nccs-efile,14.7 mb,https://nccs-efile.s3.us-east-1.amazonaws.com/public/efile_v2_2/SD-P05-T00-ENDOWMENT-2016.CSV
public/efile_v2_2/SD-P05-T00-ENDOWMENT-2017.CSV,2026-08-11T15:33:14.000Z,"""2bfa2272c7d83dd1a320d9460a513815-2""",15901555,STANDARD,nccs-efile,15.9 mb,https://nccs-efile.s3.us-east-1.amazonaws.com/public/efile_v2_2/SD-P05-T00-ENDOWMENT-2017.CSV
public/efile_v2_2/SD-P05-T00-ENDOWMENT-2018.CSV,2026-08-11T15:33:14.000Z,"""5f54c7b733140563f3deb972255e445c-2""",15873524,STANDARD,nccs-efile,15.9 mb,https://nccs-efile.s3.us-east-1.amazonaws.com/public/efile_v2_2/SD-P05-T00-ENDOWMENT-2018.CSV
public/efile_v2_2/SD-P05-T00-ENDOWMENT-2019.CSV,2026-08-11T15:33:14.000Z,"""e10f26394b72242ba5af083687a8a70d-2""",16408239,STANDARD,nccs-efile,16.4 mb,https://nccs-efile.s3.us-east-1.amazonaws.com/public/efile_v2_2/SD-P05-T00-ENDOWMENT-2019.CSV
public/efile_v2_2/SD-P05-T00-ENDOWMENT-2020.CSV,2026-08-11T15:33:14.000Z,"""80524f560ccf0082277811aae0987c8f-3""",19574136,STANDARD,nccs-efile,19.6 mb,https://nccs-efile.s3.us-east-1.amazonaws.com/public/efile_v2_2/SD-P05-T00-ENDOWMENT-2020.CSV
public/efile_v2_2/SD-P05-T00-ENDOWMENT-2021.CSV,2026-08-11T15:33:14.000Z,"""05713ebfad0b67814bcb5c2671bc0f65-3""",17778463,STANDARD,nccs-efile,17.8 mb,https://nccs-efile.s3.us-east-1.amazonaws.com/public/efile_v2_2/SD-P05-T00-ENDOWMENT-2021.CSV
public/efile_v2_2/SD-P05-T00-ENDOWMENT-2022.CSV,2026-08-11T17:07:54.000Z,"""8ef9f6508cd2d6ffc0225d6665659fa2-3""",17932354,STANDARD,nccs-efile,17.9 mb,https://nccs-efile.s3.us-east-1.amazonaws.com/public/efile_v2_2/SD-P05-T00-ENDOWMENT-2022.CSV
public/efile_v2_2/SD-P05-T00-ENDOWMENT-2023.CSV,2026-08-11T17:07:54.000Z,"""a919308ef2423651330b639825c9aeeb-3""",17968225,STANDARD,nccs-efile,18 mb,https://nccs-efile.s3.us-east-1.amazonaws.com/public/efile_v2_2/SD-P05-T00-ENDOWMENT-2023.CSV
public/efile_v2_2/SD-P05-T00-ENDOWMENT-2024.CSV,2026-08-11T17:07:54.000Z,"""52ffaf9634614d555f92768ca0a8e8f5-2""",11764841,STANDARD,nccs-efile,11.8 mb,https://nccs-efile.s3.us-east-1.amazonaws.com/public/efile_v2_2/SD-P05-T00-ENDOWMENT-2024.CSV
public/efile_v2_2/SD-P06-T00-LAND-BLDG-EQUIP-2009.CSV,2026-08-11T15:33:15.000Z,"""a8c8cfe61b7830622f0059a947b12f78-2""",10703591,STANDARD,nccs-efile,10.7 mb,https://nccs-efile.s3.us-east-1.amazonaws.com/public/efile_v2_2/SD-P06-T00-LAND-BLDG-EQUIP-2009.CSV
public/efile_v2_2/SD-P06-T00-LAND-BLDG-EQUIP-2010.CSV,2026-08-11T15:33:15.000Z,"""9382b40dac7dbf61b1d21e46ea495dfa-5""",35874227,STANDARD,nccs-efile,35.9 mb,https://nccs-efile.s3.us-east-1.amazonaws.com/public/efile_v2_2/SD-P06-T00-LAND-BLDG-EQUIP-2010.CSV
public/efile_v2_2/SD-P06-T00-LAND-BLDG-EQUIP-2011.CSV,2026-08-11T15:33:15.000Z,"""47e42ad728dad8e2e4cf65c87882c28a-6""",46135721,STANDARD,nccs-efile,46.1 mb,https://nccs-efile.s3.us-east-1.amazonaws.com/public/efile_v2_2/SD-P06-T00-LAND-BLDG-EQUIP-2011.CSV
public/efile_v2_2/SD-P06-T00-LAND-BLDG-EQUIP-2012.CSV,2026-08-11T15:33:16.000Z,"""f7512f82cf22866ce32eeb4a3e307b72-7""",51514625,STANDARD,nccs-efile,51.5 mb,https://nccs-efile.s3.us-east-1.amazonaws.com/public/efile_v2_2/SD-P06-T00-LAND-BLDG-EQUIP-2012.CSV
public/efile_v2_2/SD-P06-T00-LAND-BLDG-EQUIP-2013.CSV,2026-08-11T15:33:15.000Z,"""4688659bd9e50ab78c44908220118dd8-7""",56501095,STANDARD,nccs-efile,56.5 mb,https://nccs-efile.s3.us-east-1.amazonaws.com/public/efile_v2_2/SD-P06-T00-LAND-BLDG-EQUIP-2013.CSV
public/efile_v2_2/SD-P06-T00-LAND-BLDG-EQUIP-2014.CSV,2026-08-11T15:33:16.000Z,"""d45bb26c20c99d718a9341bb9b1ba31a-8""",61307743,STANDARD,nccs-efile,61.3 mb,https://nccs-efile.s3.us-east-1.amazonaws.com/public/efile_v2_2/SD-P06-T00-LAND-BLDG-EQUIP-2014.CSV
public/efile_v2_2/SD-P06-T00-LAND-BLDG-EQUIP-2015.CSV,2026-08-11T15:33:17.000Z,"""b0b0127349fdf49a3d87a21be68728d3-8""",64783320,STANDARD,nccs-efile,64.8 mb,https://nccs-efile.s3.us-east-1.amazonaws.com/public/efile_v2_2/SD-P06-T00-LAND-BLDG-EQUIP-2015.CSV
public/efile_v2_2/SD-P06-T00-LAND-BLDG-EQUIP-2016.CSV,2026-08-11T15:33:17.000Z,"""8479bd5e85f680f3d96cda17457e636f-8""",67001179,STANDARD,nccs-efile,67 mb,https://nccs-efile.s3.us-east-1.amazonaws.com/public/efile_v2_2/SD-P06-T00-LAND-BLDG-EQUIP-2016.CSV
public/efile_v2_2/SD-P06-T00-LAND-BLDG-EQUIP-2017.CSV,2026-08-11T15:33:18.000Z,"""0d357b12f2061a915a398a6168dd8f7f-9""",71305987,STANDARD,nccs-efile,71.3 mb,https://nccs-efile.s3.us-east-1.amazonaws.com/public/efile_v2_2/SD-P06-T00-LAND-BLDG-EQUIP-2017.CSV
public/efile_v2_2/SD-P06-T00-LAND-BLDG-EQUIP-2018.CSV,2026-08-11T15:33:18.000Z,"""acefbcd66a4c46c92688081ab6aa29bf-9""",72875021,STANDARD,nccs-efile,72.9 mb,https://nccs-efile.s3.us-east-1.amazonaws.com/public/efile_v2_2/SD-P06-T00-LAND-BLDG-EQUIP-2018.CSV
public/efile_v2_2/SD-P06-T00-LAND-BLDG-EQUIP-2019.CSV,2026-08-11T15:33:19.000Z,"""72b0c768add3b50ac438dc4ddc89b375-10""",75710290,STANDARD,nccs-efile,75.7 mb,https://nccs-efile.s3.us-east-1.amazonaws.com/public/efile_v2_2/SD-P06-T00-LAND-BLDG-EQUIP-2019.CSV
public/efile_v2_2/SD-P06-T00-LAND-BLDG-EQUIP-2020.CSV,2026-08-11T15:33:19.000Z,"""16174d67bbd18a9e3d90bf1d45c1542f-11""",89876439,STANDARD,nccs-efile,89.9 mb,https://nccs-efile.s3.us-east-1.amazonaws.com/public/efile_v2_2/SD-P06-T00-LAND-BLDG-EQUIP-2020.CSV
public/efile_v2_2/SD-P06-T00-LAND-BLDG-EQUIP-2021.CSV,2026-08-11T15:33:20.000Z,"""18b0cbf92e7e5924075c4a359f61c07b-11""",85741009,STANDARD,nccs-efile,85.7 mb,https://nccs-efile.s3.us-east-1.amazonaws.com/public/efile_v2_2/SD-P06-T00-LAND-BLDG-EQUIP-2021.CSV
public/efile_v2_2/SD-P06-T00-LAND-BLDG-EQUIP-2022.CSV,2026-08-11T17:07:54.000Z,"""2f91731a5c205747fcf90c092f7ef290-11""",87374658,STANDARD,nccs-efile,87.4 mb,https://nccs-efile.s3.us-east-1.amazonaws.com/public/efile_v2_2/SD-P06-T00-LAND-BLDG-EQUIP-2022.CSV
public/efile_v2_2/SD-P06-T00-LAND-BLDG-EQUIP-2023.CSV,2026-08-11T17:07:55.000Z,"""f922261f2911c6b6f60df838e85d3395-11""",87423657,STANDARD,nccs-efile,87.4 mb,https://nccs-efile.s3.us-east-1.amazonaws.com/public/efile_v2_2/SD-P06-T00-LAND-BLDG-EQUIP-2023.CSV
public/efile_v2_2/SD-P06-T00-LAND-BLDG-EQUIP-2024.CSV,2026-08-11T17:07:56.000Z,"""af1a77f45ea197d3885b07f29fbbd240-8""",65226394,STANDARD,nccs-efile,65.2 mb,https://nccs-efile.s3.us-east-1.amazonaws.com/public/efile_v2_2/SD-P06-T00-LAND-BLDG-EQUIP-2024.CSV
public/efile_v2_2/SD-P07-T00-INVESTMENTS-SECURITIES-2009.CSV,2026-08-11T15:33:19.000Z,"""e3592835e171e14b169f1f5a6197266f""",1338268,STANDARD,nccs-efile,1.3 mb,https://nccs-efile.s3.us-east-1.amazonaws.com/public/efile_v2_2/SD-P07-T00-INVESTMENTS-SECURITIES-2009.CSV
public/efile_v2_2/SD-P07-T00-INVESTMENTS-SECURITIES-2010.CSV,2026-08-11T15:33:19.000Z,"""c1279f34cac44cb9a325c0f36c481012""",3328440,STANDARD,nccs-efile,3.3 mb,https://nccs-efile.s3.us-east-1.amazonaws.com/public/efile_v2_2/SD-P07-T00-INVESTMENTS-SECURITIES-2010.CSV
public/efile_v2_2/SD-P07-T00-INVESTMENTS-SECURITIES-2011.CSV,2026-08-11T15:33:19.000Z,"""bb9a665c14c28d91e28d6eee942e465a""",3910256,STANDARD,nccs-efile,3.9 mb,https://nccs-efile.s3.us-east-1.amazonaws.com/public/efile_v2_2/SD-P07-T00-INVESTMENTS-SECURITIES-2011.CSV
public/efile_v2_2/SD-P07-T00-INVESTMENTS-SECURITIES-2012.CSV,2026-08-11T15:33:20.000Z,"""eb3541677480687b9113995b9eb3ed8c""",4166390,STANDARD,nccs-efile,4.2 mb,https://nccs-efile.s3.us-east-1.amazonaws.com/public/efile_v2_2/SD-P07-T00-INVESTMENTS-SECURITIES-2012.CSV
public/efile_v2_2/SD-P07-T00-INVESTMENTS-SECURITIES-2013.CSV,2026-08-11T15:33:20.000Z,"""bc910113dc94a200059be931991fe3f6""",4411401,STANDARD,nccs-efile,4.4 mb,https://nccs-efile.s3.us-east-1.amazonaws.com/public/efile_v2_2/SD-P07-T00-INVESTMENTS-SECURITIES-2013.CSV
public/efile_v2_2/SD-P07-T00-INVESTMENTS-SECURITIES-2014.CSV,2026-08-11T15:33:20.000Z,"""0002c9ba39478c4f97aac7bb6bf0be15""",4662590,STANDARD,nccs-efile,4.7 mb,https://nccs-efile.s3.us-east-1.amazonaws.com/public/efile_v2_2/SD-P07-T00-INVESTMENTS-SECURITIES-2014.CSV
public/efile_v2_2/SD-P07-T00-INVESTMENTS-SECURITIES-2015.CSV,2026-08-11T15:33:20.000Z,"""9686d026239f7cecf5586cb1a4a913d5""",4775401,STANDARD,nccs-efile,4.8 mb,https://nccs-efile.s3.us-east-1.amazonaws.com/public/efile_v2_2/SD-P07-T00-INVESTMENTS-SECURITIES-2015.CSV
public/efile_v2_2/SD-P07-T00-INVESTMENTS-SECURITIES-2016.CSV,2026-08-11T15:33:20.000Z,"""2b343ef310ca79998d3f73dab7181636""",4842513,STANDARD,nccs-efile,4.8 mb,https://nccs-efile.s3.us-east-1.amazonaws.com/public/efile_v2_2/SD-P07-T00-INVESTMENTS-SECURITIES-2016.CSV
public/efile_v2_2/SD-P07-T00-INVESTMENTS-SECURITIES-2017.CSV,2026-08-11T15:33:20.000Z,"""757bc97e2d1cea393e67276cdaa98024""",5145823,STANDARD,nccs-efile,5.1 mb,https://nccs-efile.s3.us-east-1.amazonaws.com/public/efile_v2_2/SD-P07-T00-INVESTMENTS-SECURITIES-2017.CSV
public/efile_v2_2/SD-P07-T00-INVESTMENTS-SECURITIES-2018.CSV,2026-08-11T15:33:20.000Z,"""6226ee97f9fe0f94344435e6717a5a75""",5164741,STANDARD,nccs-efile,5.2 mb,https://nccs-efile.s3.us-east-1.amazonaws.com/public/efile_v2_2/SD-P07-T00-INVESTMENTS-SECURITIES-2018.CSV
public/efile_v2_2/SD-P07-T00-INVESTMENTS-SECURITIES-2019.CSV,2026-08-11T15:33:21.000Z,"""1cebd3782d1f9e5031772c3877bc9152""",5212890,STANDARD,nccs-efile,5.2 mb,https://nccs-efile.s3.us-east-1.amazonaws.com/public/efile_v2_2/SD-P07-T00-INVESTMENTS-SECURITIES-2019.CSV
public/efile_v2_2/SD-P07-T00-INVESTMENTS-SECURITIES-2020.CSV,2026-08-11T15:33:21.000Z,"""a02e410047630ff6ac010762944f97ef""",6237785,STANDARD,nccs-efile,6.2 mb,https://nccs-efile.s3.us-east-1.amazonaws.com/public/efile_v2_2/SD-P07-T00-INVESTMENTS-SECURITIES-2020.CSV
public/efile_v2_2/SD-P07-T00-INVESTMENTS-SECURITIES-2021.CSV,2026-08-11T15:33:21.000Z,"""1b40f1e354d9fff48a40ac56ace95910""",5935076,STANDARD,nccs-efile,5.9 mb,https://nccs-efile.s3.us-east-1.amazonaws.com/public/efile_v2_2/SD-P07-T00-INVESTMENTS-SECURITIES-2021.CSV
public/efile_v2_2/SD-P07-T00-INVESTMENTS-SECURITIES-2022.CSV,2026-08-11T17:07:57.000Z,"""a10f931625f69f08a7e4231be8e1590b""",6144391,STANDARD,nccs-efile,6.1 mb,https://nccs-efile.s3.us-east-1.amazonaws.com/public/efile_v2_2/SD-P07-T00-INVESTMENTS-SECURITIES-2022.CSV
public/efile_v2_2/SD-P07-T00-INVESTMENTS-SECURITIES-2023.CSV,2026-08-11T17:07:57.000Z,"""1bdded113462706a0db0d8ec3f019b1c""",6312655,STANDARD,nccs-efile,6.3 mb,https://nccs-efile.s3.us-east-1.amazonaws.com/public/efile_v2_2/SD-P07-T00-INVESTMENTS-SECURITIES-2023.CSV
public/efile_v2_2/SD-P07-T00-INVESTMENTS-SECURITIES-2024.CSV,2026-08-11T17:07:57.000Z,"""8f954bd094dbdcf32a53212fd6da9118""",4480005,STANDARD,nccs-efile,4.5 mb,https://nccs-efile.s3.us-east-1.amazonaws.com/public/efile_v2_2/SD-P07-T00-INVESTMENTS-SECURITIES-2024.CSV
public/efile_v2_2/SD-P07-T01-INVESTMENTS-OTH-DERIVATIVES-2009.CSV,2026-08-11T15:33:21.000Z,"""9d2baa49e1da9949cb516a23323476a0""",301897,STANDARD,nccs-efile,0.3 mb,https://nccs-efile.s3.us-east-1.amazonaws.com/public/efile_v2_2/SD-P07-T01-INVESTMENTS-OTH-DERIVATIVES-2009.CSV
public/efile_v2_2/SD-P07-T01-INVESTMENTS-OTH-DERIVATIVES-2010.CSV,2026-08-11T15:33:21.000Z,"""816500360046621ffa1892270618943d""",406560,STANDARD,nccs-efile,0.4 mb,https://nccs-efile.s3.us-east-1.amazonaws.com/public/efile_v2_2/SD-P07-T01-INVESTMENTS-OTH-DERIVATIVES-2010.CSV
public/efile_v2_2/SD-P07-T01-INVESTMENTS-OTH-DERIVATIVES-2011.CSV,2026-08-11T15:33:21.000Z,"""8a4fa8942664fa0083013aeb91868bae""",449432,STANDARD,nccs-efile,0.4 mb,https://nccs-efile.s3.us-east-1.amazonaws.com/public/efile_v2_2/SD-P07-T01-INVESTMENTS-OTH-DERIVATIVES-2011.CSV
public/efile_v2_2/SD-P07-T01-INVESTMENTS-OTH-DERIVATIVES-2012.CSV,2026-08-11T15:33:21.000Z,"""34c0db58cf19d7d4161461a830df920b""",472969,STANDARD,nccs-efile,0.5 mb,https://nccs-efile.s3.us-east-1.amazonaws.com/public/efile_v2_2/SD-P07-T01-INVESTMENTS-OTH-DERIVATIVES-2012.CSV
public/efile_v2_2/SD-P07-T01-INVESTMENTS-OTH-DERIVATIVES-2013.CSV,2026-08-11T15:33:21.000Z,"""88c33b26a0e67aae91934cfa695fab4a""",476784,STANDARD,nccs-efile,0.5 mb,https://nccs-efile.s3.us-east-1.amazonaws.com/public/efile_v2_2/SD-P07-T01-INVESTMENTS-OTH-DERIVATIVES-2013.CSV
public/efile_v2_2/SD-P07-T01-INVESTMENTS-OTH-DERIVATIVES-2014.CSV,2026-08-11T15:33:21.000Z,"""4b870ad7a91af56a312c4e99b1547c97""",447798,STANDARD,nccs-efile,0.4 mb,https://nccs-efile.s3.us-east-1.amazonaws.com/public/efile_v2_2/SD-P07-T01-INVESTMENTS-OTH-DERIVATIVES-2014.CSV
public/efile_v2_2/SD-P07-T01-INVESTMENTS-OTH-DERIVATIVES-2015.CSV,2026-08-11T15:33:21.000Z,"""8198a397cce11e7c7d9cc0c7bf3497d8""",438581,STANDARD,nccs-efile,0.4 mb,https://nccs-efile.s3.us-east-1.amazonaws.com/public/efile_v2_2/SD-P07-T01-INVESTMENTS-OTH-DERIVATIVES-2015.CSV
public/efile_v2_2/SD-P07-T01-INVESTMENTS-OTH-DERIVATIVES-2016.CSV,2026-08-11T15:33:22.000Z,"""283ade863930efa0f10b91ccf4a5a21d""",432279,STANDARD,nccs-efile,0.4 mb,https://nccs-efile.s3.us-east-1.amazonaws.com/public/efile_v2_2/SD-P07-T01-INVESTMENTS-OTH-DERIVATIVES-2016.CSV
public/efile_v2_2/SD-P07-T01-INVESTMENTS-OTH-DERIVATIVES-2017.CSV,2026-08-11T15:33:22.000Z,"""136c2e07a50fcfa6bc7928b68fc2b2f0""",470116,STANDARD,nccs-efile,0.5 mb,https://nccs-efile.s3.us-east-1.amazonaws.com/public/efile_v2_2/SD-P07-T01-INVESTMENTS-OTH-DERIVATIVES-2017.CSV
public/efile_v2_2/SD-P07-T01-INVESTMENTS-OTH-DERIVATIVES-2018.CSV,2026-08-11T15:33:22.000Z,"""d034636ce87860fab05c8154043e26e1""",477997,STANDARD,nccs-efile,0.5 mb,https://nccs-efile.s3.us-east-1.amazonaws.com/public/efile_v2_2/SD-P07-T01-INVESTMENTS-OTH-DERIVATIVES-2018.CSV
public/efile_v2_2/SD-P07-T01-INVESTMENTS-OTH-DERIVATIVES-2019.CSV,2026-08-11T15:33:22.000Z,"""06ef89de64e715c7b239adb5f7753fa7""",465447,STANDARD,nccs-efile,0.5 mb,https://nccs-efile.s3.us-east-1.amazonaws.com/public/efile_v2_2/SD-P07-T01-INVESTMENTS-OTH-DERIVATIVES-2019.CSV
public/efile_v2_2/SD-P07-T01-INVESTMENTS-OTH-DERIVATIVES-2020.CSV,2026-08-11T15:33:22.000Z,"""59187bdcf626bd2b4cf5f7b8526e1f29""",512070,STANDARD,nccs-efile,0.5 mb,https://nccs-efile.s3.us-east-1.amazonaws.com/public/efile_v2_2/SD-P07-T01-INVESTMENTS-OTH-DERIVATIVES-2020.CSV
public/efile_v2_2/SD-P07-T01-INVESTMENTS-OTH-DERIVATIVES-2021.CSV,2026-08-11T15:33:22.000Z,"""ba55f879fe59698ef54d67006900cea3""",539284,STANDARD,nccs-efile,0.5 mb,https://nccs-efile.s3.us-east-1.amazonaws.com/public/efile_v2_2/SD-P07-T01-INVESTMENTS-OTH-DERIVATIVES-2021.CSV
public/efile_v2_2/SD-P07-T01-INVESTMENTS-OTH-DERIVATIVES-2022.CSV,2026-08-11T17:07:57.000Z,"""a7226f242c395404556e7c7480ee5e04""",561532,STANDARD,nccs-efile,0.6 mb,https://nccs-efile.s3.us-east-1.amazonaws.com/public/efile_v2_2/SD-P07-T01-INVESTMENTS-OTH-DERIVATIVES-2022.CSV
public/efile_v2_2/SD-P07-T01-INVESTMENTS-OTH-DERIVATIVES-2023.CSV,2026-08-11T17:07:57.000Z,"""00916514c63d76fab7ffebe816ebed6c""",470427,STANDARD,nccs-efile,0.5 mb,https://nccs-efile.s3.us-east-1.amazonaws.com/public/efile_v2_2/SD-P07-T01-INVESTMENTS-OTH-DERIVATIVES-2023.CSV
public/efile_v2_2/SD-P07-T01-INVESTMENTS-OTH-DERIVATIVES-2024.CSV,2026-08-11T17:07:57.000Z,"""6c6d412d691ecf4761404befbaae4946""",359952,STANDARD,nccs-efile,0.4 mb,https://nccs-efile.s3.us-east-1.amazonaws.com/public/efile_v2_2/SD-P07-T01-INVESTMENTS-OTH-DERIVATIVES-2024.CSV
public/efile_v2_2/SD-P07-T01-INVESTMENTS-OTH-EQUITY-2009.CSV,2026-08-11T15:33:22.000Z,"""813a54475c22d9a3349bb2cdd7ec52e2""",334506,STANDARD,nccs-efile,0.3 mb,https://nccs-efile.s3.us-east-1.amazonaws.com/public/efile_v2_2/SD-P07-T01-INVESTMENTS-OTH-EQUITY-2009.CSV
public/efile_v2_2/SD-P07-T01-INVESTMENTS-OTH-EQUITY-2010.CSV,2026-08-11T15:33:22.000Z,"""1a93b53913880a49c7f6d4bd9625773b""",503577,STANDARD,nccs-efile,0.5 mb,https://nccs-efile.s3.us-east-1.amazonaws.com/public/efile_v2_2/SD-P07-T01-INVESTMENTS-OTH-EQUITY-2010.CSV
public/efile_v2_2/SD-P07-T01-INVESTMENTS-OTH-EQUITY-2011.CSV,2026-08-11T15:33:22.000Z,"""68fd2f626c9fecd33d85d692ba21a046""",577724,STANDARD,nccs-efile,0.6 mb,https://nccs-efile.s3.us-east-1.amazonaws.com/public/efile_v2_2/SD-P07-T01-INVESTMENTS-OTH-EQUITY-2011.CSV
public/efile_v2_2/SD-P07-T01-INVESTMENTS-OTH-EQUITY-2012.CSV,2026-08-11T15:33:22.000Z,"""d321ac4c5988a7aad92405814b659c38""",611836,STANDARD,nccs-efile,0.6 mb,https://nccs-efile.s3.us-east-1.amazonaws.com/public/efile_v2_2/SD-P07-T01-INVESTMENTS-OTH-EQUITY-2012.CSV
public/efile_v2_2/SD-P07-T01-INVESTMENTS-OTH-EQUITY-2013.CSV,2026-08-11T15:33:22.000Z,"""483d7bdac39babcac01b083c1b513da0""",649004,STANDARD,nccs-efile,0.6 mb,https://nccs-efile.s3.us-east-1.amazonaws.com/public/efile_v2_2/SD-P07-T01-INVESTMENTS-OTH-EQUITY-2013.CSV
public/efile_v2_2/SD-P07-T01-INVESTMENTS-OTH-EQUITY-2014.CSV,2026-08-11T15:33:22.000Z,"""83a5d00e80ca8457dc7162105e551576""",643818,STANDARD,nccs-efile,0.6 mb,https://nccs-efile.s3.us-east-1.amazonaws.com/public/efile_v2_2/SD-P07-T01-INVESTMENTS-OTH-EQUITY-2014.CSV
public/efile_v2_2/SD-P07-T01-INVESTMENTS-OTH-EQUITY-2015.CSV,2026-08-11T15:33:22.000Z,"""51263143bfb261c64274911a5bed9ad5""",638020,STANDARD,nccs-efile,0.6 mb,https://nccs-efile.s3.us-east-1.amazonaws.com/public/efile_v2_2/SD-P07-T01-INVESTMENTS-OTH-EQUITY-2015.CSV
public/efile_v2_2/SD-P07-T01-INVESTMENTS-OTH-EQUITY-2016.CSV,2026-08-11T15:33:22.000Z,"""286d8fd083871b2aa140fcec4baecd92""",634376,STANDARD,nccs-efile,0.6 mb,https://nccs-efile.s3.us-east-1.amazonaws.com/public/efile_v2_2/SD-P07-T01-INVESTMENTS-OTH-EQUITY-2016.CSV
public/efile_v2_2/SD-P07-T01-INVESTMENTS-OTH-EQUITY-2017.CSV,2026-08-11T15:33:22.000Z,"""92a0ea9cb065a767e0d54c3ea37fcc4f""",673777,STANDARD,nccs-efile,0.7 mb,https://nccs-efile.s3.us-east-1.amazonaws.com/public/efile_v2_2/SD-P07-T01-INVESTMENTS-OTH-EQUITY-2017.CSV
public/efile_v2_2/SD-P07-T01-INVESTMENTS-OTH-EQUITY-2018.CSV,2026-08-11T15:33:22.000Z,"""b772b17969ae71e686d873ed713cd822""",652624,STANDARD,nccs-efile,0.7 mb,https://nccs-efile.s3.us-east-1.amazonaws.com/public/efile_v2_2/SD-P07-T01-INVESTMENTS-OTH-EQUITY-2018.CSV
public/efile_v2_2/SD-P07-T01-INVESTMENTS-OTH-EQUITY-2019.CSV,2026-08-11T15:33:23.000Z,"""8138678b232961056411ac1389de31b3""",644856,STANDARD,nccs-efile,0.6 mb,https://nccs-efile.s3.us-east-1.amazonaws.com/public/efile_v2_2/SD-P07-T01-INVESTMENTS-OTH-EQUITY-2019.CSV
public/efile_v2_2/SD-P07-T01-INVESTMENTS-OTH-EQUITY-2020.CSV,2026-08-11T15:33:23.000Z,"""a3cb4667eba43d914e3f12509629cab4""",701104,STANDARD,nccs-efile,0.7 mb,https://nccs-efile.s3.us-east-1.amazonaws.com/public/efile_v2_2/SD-P07-T01-INVESTMENTS-OTH-EQUITY-2020.CSV
public/efile_v2_2/SD-P07-T01-INVESTMENTS-OTH-EQUITY-2021.CSV,2026-08-11T15:33:23.000Z,"""c0565b882f2a183ad74ce5922225f949""",707441,STANDARD,nccs-efile,0.7 mb,https://nccs-efile.s3.us-east-1.amazonaws.com/public/efile_v2_2/SD-P07-T01-INVESTMENTS-OTH-EQUITY-2021.CSV
public/efile_v2_2/SD-P07-T01-INVESTMENTS-OTH-EQUITY-2022.CSV,2026-08-11T17:07:57.000Z,"""2dca3ef9923a98436241c55537394cdb""",718459,STANDARD,nccs-efile,0.7 mb,https://nccs-efile.s3.us-east-1.amazonaws.com/public/efile_v2_2/SD-P07-T01-INVESTMENTS-OTH-EQUITY-2022.CSV
public/efile_v2_2/SD-P07-T01-INVESTMENTS-OTH-EQUITY-2023.CSV,2026-08-11T17:07:57.000Z,"""bec1d4dc325e1c7722e5ebd5fd92b769""",622552,STANDARD,nccs-efile,0.6 mb,https://nccs-efile.s3.us-east-1.amazonaws.com/public/efile_v2_2/SD-P07-T01-INVESTMENTS-OTH-EQUITY-2023.CSV
public/efile_v2_2/SD-P07-T01-INVESTMENTS-OTH-EQUITY-2024.CSV,2026-08-11T17:07:57.000Z,"""ebc410bf60817de135c3c0bad1ff142d""",453376,STANDARD,nccs-efile,0.5 mb,https://nccs-efile.s3.us-east-1.amazonaws.com/public/efile_v2_2/SD-P07-T01-INVESTMENTS-OTH-EQUITY-2024.CSV
public/efile_v2_2/SD-P07-T01-INVESTMENTS-OTH-SECURITIES-2009.CSV,2026-08-11T15:33:23.000Z,"""7c97507861b34dbdaef0e36c55b1b6bf""",3337015,STANDARD,nccs-efile,3.3 mb,https://nccs-efile.s3.us-east-1.amazonaws.com/public/efile_v2_2/SD-P07-T01-INVESTMENTS-OTH-SECURITIES-2009.CSV
public/efile_v2_2/SD-P07-T01-INVESTMENTS-OTH-SECURITIES-2010.CSV,2026-08-11T15:33:23.000Z,"""d64011043a111bf95ddf2703b3f1b409-2""",8449943,STANDARD,nccs-efile,8.4 mb,https://nccs-efile.s3.us-east-1.amazonaws.com/public/efile_v2_2/SD-P07-T01-INVESTMENTS-OTH-SECURITIES-2010.CSV
public/efile_v2_2/SD-P07-T01-INVESTMENTS-OTH-SECURITIES-2011.CSV,2026-08-11T15:33:23.000Z,"""201582ab68bc6eccd3f48bd71356fe27-2""",9787000,STANDARD,nccs-efile,9.8 mb,https://nccs-efile.s3.us-east-1.amazonaws.com/public/efile_v2_2/SD-P07-T01-INVESTMENTS-OTH-SECURITIES-2011.CSV
public/efile_v2_2/SD-P07-T01-INVESTMENTS-OTH-SECURITIES-2012.CSV,2026-08-11T15:33:23.000Z,"""ade99d043007441020a6c33f3d751102-2""",14014680,STANDARD,nccs-efile,14 mb,https://nccs-efile.s3.us-east-1.amazonaws.com/public/efile_v2_2/SD-P07-T01-INVESTMENTS-OTH-SECURITIES-2012.CSV
public/efile_v2_2/SD-P07-T01-INVESTMENTS-OTH-SECURITIES-2013.CSV,2026-08-11T15:33:23.000Z,"""aa8078a374a6013a3b87a4cb3981f6bb-2""",14766865,STANDARD,nccs-efile,14.8 mb,https://nccs-efile.s3.us-east-1.amazonaws.com/public/efile_v2_2/SD-P07-T01-INVESTMENTS-OTH-SECURITIES-2013.CSV
public/efile_v2_2/SD-P07-T01-INVESTMENTS-OTH-SECURITIES-2014.CSV,2026-08-11T15:33:23.000Z,"""7e516161f2ac98542be95ffb5e107e5a-2""",15613282,STANDARD,nccs-efile,15.6 mb,https://nccs-efile.s3.us-east-1.amazonaws.com/public/efile_v2_2/SD-P07-T01-INVESTMENTS-OTH-SECURITIES-2014.CSV
public/efile_v2_2/SD-P07-T01-INVESTMENTS-OTH-SECURITIES-2015.CSV,2026-08-11T15:33:23.000Z,"""1345d51df3182ad10a42342a0411b9e4-2""",15817068,STANDARD,nccs-efile,15.8 mb,https://nccs-efile.s3.us-east-1.amazonaws.com/public/efile_v2_2/SD-P07-T01-INVESTMENTS-OTH-SECURITIES-2015.CSV
public/efile_v2_2/SD-P07-T01-INVESTMENTS-OTH-SECURITIES-2016.CSV,2026-08-11T15:33:23.000Z,"""bd7bc457d25804ca2818e0c8f8b10d2a-2""",15763170,STANDARD,nccs-efile,15.8 mb,https://nccs-efile.s3.us-east-1.amazonaws.com/public/efile_v2_2/SD-P07-T01-INVESTMENTS-OTH-SECURITIES-2016.CSV
public/efile_v2_2/SD-P07-T01-INVESTMENTS-OTH-SECURITIES-2017.CSV,2026-08-11T15:33:24.000Z,"""5f3f41684eb660ce199cff87d16ac885-2""",16471686,STANDARD,nccs-efile,16.5 mb,https://nccs-efile.s3.us-east-1.amazonaws.com/public/efile_v2_2/SD-P07-T01-INVESTMENTS-OTH-SECURITIES-2017.CSV
public/efile_v2_2/SD-P07-T01-INVESTMENTS-OTH-SECURITIES-2018.CSV,2026-08-11T15:33:24.000Z,"""b1bad5a0d07f0b6a500f9023e178eabe-2""",16357968,STANDARD,nccs-efile,16.4 mb,https://nccs-efile.s3.us-east-1.amazonaws.com/public/efile_v2_2/SD-P07-T01-INVESTMENTS-OTH-SECURITIES-2018.CSV
public/efile_v2_2/SD-P07-T01-INVESTMENTS-OTH-SECURITIES-2019.CSV,2026-08-11T15:33:24.000Z,"""42f7db0bdf238fa0cd3f90efc9820dee-3""",16932957,STANDARD,nccs-efile,16.9 mb,https://nccs-efile.s3.us-east-1.amazonaws.com/public/efile_v2_2/SD-P07-T01-INVESTMENTS-OTH-SECURITIES-2019.CSV
public/efile_v2_2/SD-P07-T01-INVESTMENTS-OTH-SECURITIES-2020.CSV,2026-08-11T15:33:24.000Z,"""5d0c344df9356aeb9f17d9b06a0bafb9-3""",21740813,STANDARD,nccs-efile,21.7 mb,https://nccs-efile.s3.us-east-1.amazonaws.com/public/efile_v2_2/SD-P07-T01-INVESTMENTS-OTH-SECURITIES-2020.CSV
public/efile_v2_2/SD-P07-T01-INVESTMENTS-OTH-SECURITIES-2021.CSV,2026-08-11T15:33:24.000Z,"""8275a407b8dc3a5f15c2255fa15f26d2-3""",19529562,STANDARD,nccs-efile,19.5 mb,https://nccs-efile.s3.us-east-1.amazonaws.com/public/efile_v2_2/SD-P07-T01-INVESTMENTS-OTH-SECURITIES-2021.CSV
public/efile_v2_2/SD-P07-T01-INVESTMENTS-OTH-SECURITIES-2022.CSV,2026-08-11T17:07:57.000Z,"""4c08482c5e3ad75bf555abd685498f24-3""",20020343,STANDARD,nccs-efile,20 mb,https://nccs-efile.s3.us-east-1.amazonaws.com/public/efile_v2_2/SD-P07-T01-INVESTMENTS-OTH-SECURITIES-2022.CSV
public/efile_v2_2/SD-P07-T01-INVESTMENTS-OTH-SECURITIES-2023.CSV,2026-08-11T17:07:57.000Z,"""6c66e88ada015a2669cf1cca386eaaa9-3""",19748898,STANDARD,nccs-efile,19.7 mb,https://nccs-efile.s3.us-east-1.amazonaws.com/public/efile_v2_2/SD-P07-T01-INVESTMENTS-OTH-SECURITIES-2023.CSV
public/efile_v2_2/SD-P07-T01-INVESTMENTS-OTH-SECURITIES-2024.CSV,2026-08-11T17:07:57.000Z,"""e2793def11708556af34807e53a379f7-2""",14481353,STANDARD,nccs-efile,14.5 mb,https://nccs-efile.s3.us-east-1.amazonaws.com/public/efile_v2_2/SD-P07-T01-INVESTMENTS-OTH-SECURITIES-2024.CSV
public/efile_v2_2/SD-P08-T00-INVESTMENTS-PROG-RLTD-2009.CSV,2026-08-11T15:33:24.000Z,"""eddc75b32e6c352410ca0e7a48a42f39""",212467,STANDARD,nccs-efile,0.2 mb,https://nccs-efile.s3.us-east-1.amazonaws.com/public/efile_v2_2/SD-P08-T00-INVESTMENTS-PROG-RLTD-2009.CSV
public/efile_v2_2/SD-P08-T00-INVESTMENTS-PROG-RLTD-2010.CSV,2026-08-11T15:33:25.000Z,"""b4d61f683be5f8f9f13d189632ff4e5c""",840260,STANDARD,nccs-efile,0.8 mb,https://nccs-efile.s3.us-east-1.amazonaws.com/public/efile_v2_2/SD-P08-T00-INVESTMENTS-PROG-RLTD-2010.CSV
public/efile_v2_2/SD-P08-T00-INVESTMENTS-PROG-RLTD-2011.CSV,2026-08-11T15:33:25.000Z,"""990722fa2e202a2a3974542c42da4494""",988499,STANDARD,nccs-efile,1 mb,https://nccs-efile.s3.us-east-1.amazonaws.com/public/efile_v2_2/SD-P08-T00-INVESTMENTS-PROG-RLTD-2011.CSV
public/efile_v2_2/SD-P08-T00-INVESTMENTS-PROG-RLTD-2012.CSV,2026-08-11T15:33:25.000Z,"""17940277d9103e24d2441ec298cb3068""",1081155,STANDARD,nccs-efile,1.1 mb,https://nccs-efile.s3.us-east-1.amazonaws.com/public/efile_v2_2/SD-P08-T00-INVESTMENTS-PROG-RLTD-2012.CSV
public/efile_v2_2/SD-P08-T00-INVESTMENTS-PROG-RLTD-2013.CSV,2026-08-11T15:33:25.000Z,"""f560e18da9156ed39819c512e66ff96b""",1190255,STANDARD,nccs-efile,1.2 mb,https://nccs-efile.s3.us-east-1.amazonaws.com/public/efile_v2_2/SD-P08-T00-INVESTMENTS-PROG-RLTD-2013.CSV
public/efile_v2_2/SD-P08-T00-INVESTMENTS-PROG-RLTD-2014.CSV,2026-08-11T15:33:25.000Z,"""ff994774252593e31a0d7ea33d4d5189""",1269240,STANDARD,nccs-efile,1.3 mb,https://nccs-efile.s3.us-east-1.amazonaws.com/public/efile_v2_2/SD-P08-T00-INVESTMENTS-PROG-RLTD-2014.CSV
public/efile_v2_2/SD-P08-T00-INVESTMENTS-PROG-RLTD-2015.CSV,2026-08-11T15:33:25.000Z,"""aadaedf2c8e2d6599031998ceb814270""",1329872,STANDARD,nccs-efile,1.3 mb,https://nccs-efile.s3.us-east-1.amazonaws.com/public/efile_v2_2/SD-P08-T00-INVESTMENTS-PROG-RLTD-2015.CSV
public/efile_v2_2/SD-P08-T00-INVESTMENTS-PROG-RLTD-2016.CSV,2026-08-11T15:33:25.000Z,"""7b05b1be695d4cec3722d77902ddff10""",1417764,STANDARD,nccs-efile,1.4 mb,https://nccs-efile.s3.us-east-1.amazonaws.com/public/efile_v2_2/SD-P08-T00-INVESTMENTS-PROG-RLTD-2016.CSV
public/efile_v2_2/SD-P08-T00-INVESTMENTS-PROG-RLTD-2017.CSV,2026-08-11T15:33:25.000Z,"""dbb819383a4c8aa60ecff0e3df848791""",1540376,STANDARD,nccs-efile,1.5 mb,https://nccs-efile.s3.us-east-1.amazonaws.com/public/efile_v2_2/SD-P08-T00-INVESTMENTS-PROG-RLTD-2017.CSV
public/efile_v2_2/SD-P08-T00-INVESTMENTS-PROG-RLTD-2018.CSV,2026-08-11T15:33:25.000Z,"""062cf0a231ef83527a6c2a05ce638d8f""",1587685,STANDARD,nccs-efile,1.6 mb,https://nccs-efile.s3.us-east-1.amazonaws.com/public/efile_v2_2/SD-P08-T00-INVESTMENTS-PROG-RLTD-2018.CSV
public/efile_v2_2/SD-P08-T00-INVESTMENTS-PROG-RLTD-2019.CSV,2026-08-11T15:33:25.000Z,"""01f14918603fd51b5b4e08fee7a23cad""",1570419,STANDARD,nccs-efile,1.6 mb,https://nccs-efile.s3.us-east-1.amazonaws.com/public/efile_v2_2/SD-P08-T00-INVESTMENTS-PROG-RLTD-2019.CSV
public/efile_v2_2/SD-P08-T00-INVESTMENTS-PROG-RLTD-2020.CSV,2026-08-11T15:33:25.000Z,"""39bf8c99bc4e05e858a67d13e0f6d009""",1892793,STANDARD,nccs-efile,1.9 mb,https://nccs-efile.s3.us-east-1.amazonaws.com/public/efile_v2_2/SD-P08-T00-INVESTMENTS-PROG-RLTD-2020.CSV
public/efile_v2_2/SD-P08-T00-INVESTMENTS-PROG-RLTD-2021.CSV,2026-08-11T15:33:25.000Z,"""e988f90577ce861ae16f270fd1cce43e""",1834170,STANDARD,nccs-efile,1.8 mb,https://nccs-efile.s3.us-east-1.amazonaws.com/public/efile_v2_2/SD-P08-T00-INVESTMENTS-PROG-RLTD-2021.CSV
public/efile_v2_2/SD-P08-T00-INVESTMENTS-PROG-RLTD-2022.CSV,2026-08-11T17:07:58.000Z,"""bd71184e115b7a0d5521a279ce3343ea""",1826092,STANDARD,nccs-efile,1.8 mb,https://nccs-efile.s3.us-east-1.amazonaws.com/public/efile_v2_2/SD-P08-T00-INVESTMENTS-PROG-RLTD-2022.CSV
public/efile_v2_2/SD-P08-T00-INVESTMENTS-PROG-RLTD-2023.CSV,2026-08-11T17:07:58.000Z,"""995defc9609f02d4684f89631adda045""",1893751,STANDARD,nccs-efile,1.9 mb,https://nccs-efile.s3.us-east-1.amazonaws.com/public/efile_v2_2/SD-P08-T00-INVESTMENTS-PROG-RLTD-2023.CSV
public/efile_v2_2/SD-P08-T00-INVESTMENTS-PROG-RLTD-2024.CSV,2026-08-11T17:07:58.000Z,"""8438f5c05e78d6fdb0dc3ea06962e996""",1420243,STANDARD,nccs-efile,1.4 mb,https://nccs-efile.s3.us-east-1.amazonaws.com/public/efile_v2_2/SD-P08-T00-INVESTMENTS-PROG-RLTD-2024.CSV
public/efile_v2_2/SD-P08-T01-INVESTMENTS-PROG-RLTD-2009.CSV,2026-08-11T15:33:26.000Z,"""3478383c2d42222fafc0e88e00aebf41""",468315,STANDARD,nccs-efile,0.5 mb,https://nccs-efile.s3.us-east-1.amazonaws.com/public/efile_v2_2/SD-P08-T01-INVESTMENTS-PROG-RLTD-2009.CSV
public/efile_v2_2/SD-P08-T01-INVESTMENTS-PROG-RLTD-2010.CSV,2026-08-11T15:33:26.000Z,"""8261f72fa506c8c98e88e52c13531ced""",2271557,STANDARD,nccs-efile,2.3 mb,https://nccs-efile.s3.us-east-1.amazonaws.com/public/efile_v2_2/SD-P08-T01-INVESTMENTS-PROG-RLTD-2010.CSV
public/efile_v2_2/SD-P08-T01-INVESTMENTS-PROG-RLTD-2011.CSV,2026-08-11T15:33:26.000Z,"""05092d8a605fed9eee4d1d1935997e71""",2686668,STANDARD,nccs-efile,2.7 mb,https://nccs-efile.s3.us-east-1.amazonaws.com/public/efile_v2_2/SD-P08-T01-INVESTMENTS-PROG-RLTD-2011.CSV
public/efile_v2_2/SD-P08-T01-INVESTMENTS-PROG-RLTD-2012.CSV,2026-08-11T15:33:26.000Z,"""13b5f47491d6928388039f5d1d91153f""",2933822,STANDARD,nccs-efile,2.9 mb,https://nccs-efile.s3.us-east-1.amazonaws.com/public/efile_v2_2/SD-P08-T01-INVESTMENTS-PROG-RLTD-2012.CSV
public/efile_v2_2/SD-P08-T01-INVESTMENTS-PROG-RLTD-2013.CSV,2026-08-11T15:33:26.000Z,"""bcc922c8cf15a66e1a033648e04b51f5""",3131544,STANDARD,nccs-efile,3.1 mb,https://nccs-efile.s3.us-east-1.amazonaws.com/public/efile_v2_2/SD-P08-T01-INVESTMENTS-PROG-RLTD-2013.CSV
public/efile_v2_2/SD-P08-T01-INVESTMENTS-PROG-RLTD-2014.CSV,2026-08-11T15:33:26.000Z,"""00b6ed0ed72ede9ee75ac232fa03caeb""",3317175,STANDARD,nccs-efile,3.3 mb,https://nccs-efile.s3.us-east-1.amazonaws.com/public/efile_v2_2/SD-P08-T01-INVESTMENTS-PROG-RLTD-2014.CSV
public/efile_v2_2/SD-P08-T01-INVESTMENTS-PROG-RLTD-2015.CSV,2026-08-11T15:33:26.000Z,"""c685fb2227f6841cdbb8a576f815c5b5""",3488988,STANDARD,nccs-efile,3.5 mb,https://nccs-efile.s3.us-east-1.amazonaws.com/public/efile_v2_2/SD-P08-T01-INVESTMENTS-PROG-RLTD-2015.CSV
public/efile_v2_2/SD-P08-T01-INVESTMENTS-PROG-RLTD-2016.CSV,2026-08-11T15:33:26.000Z,"""a5bc34b12f0434113df7d01f3017d394""",3617372,STANDARD,nccs-efile,3.6 mb,https://nccs-efile.s3.us-east-1.amazonaws.com/public/efile_v2_2/SD-P08-T01-INVESTMENTS-PROG-RLTD-2016.CSV
public/efile_v2_2/SD-P08-T01-INVESTMENTS-PROG-RLTD-2017.CSV,2026-08-11T15:33:26.000Z,"""4a4bd1d8c718b960c858b022cf5ec594""",3858072,STANDARD,nccs-efile,3.9 mb,https://nccs-efile.s3.us-east-1.amazonaws.com/public/efile_v2_2/SD-P08-T01-INVESTMENTS-PROG-RLTD-2017.CSV
public/efile_v2_2/SD-P08-T01-INVESTMENTS-PROG-RLTD-2018.CSV,2026-08-11T15:33:26.000Z,"""5c5e9d00010e9f1fbbba9017f9066efd""",3892128,STANDARD,nccs-efile,3.9 mb,https://nccs-efile.s3.us-east-1.amazonaws.com/public/efile_v2_2/SD-P08-T01-INVESTMENTS-PROG-RLTD-2018.CSV
public/efile_v2_2/SD-P08-T01-INVESTMENTS-PROG-RLTD-2019.CSV,2026-08-11T15:33:26.000Z,"""c78b4a5b0cc9ff706fb61cce5c5ad145""",4015825,STANDARD,nccs-efile,4 mb,https://nccs-efile.s3.us-east-1.amazonaws.com/public/efile_v2_2/SD-P08-T01-INVESTMENTS-PROG-RLTD-2019.CSV
public/efile_v2_2/SD-P08-T01-INVESTMENTS-PROG-RLTD-2020.CSV,2026-08-11T15:33:26.000Z,"""188ab369ff9bc16594e9246df5ebfc54""",4700113,STANDARD,nccs-efile,4.7 mb,https://nccs-efile.s3.us-east-1.amazonaws.com/public/efile_v2_2/SD-P08-T01-INVESTMENTS-PROG-RLTD-2020.CSV
public/efile_v2_2/SD-P08-T01-INVESTMENTS-PROG-RLTD-2021.CSV,2026-08-11T15:33:26.000Z,"""6a6f04aae8845bd61d29d0ae635700b5""",4609599,STANDARD,nccs-efile,4.6 mb,https://nccs-efile.s3.us-east-1.amazonaws.com/public/efile_v2_2/SD-P08-T01-INVESTMENTS-PROG-RLTD-2021.CSV
public/efile_v2_2/SD-P08-T01-INVESTMENTS-PROG-RLTD-2022.CSV,2026-08-11T17:07:58.000Z,"""17cb794f0e3bfe3e70b868e5ee1b9d2e""",4699797,STANDARD,nccs-efile,4.7 mb,https://nccs-efile.s3.us-east-1.amazonaws.com/public/efile_v2_2/SD-P08-T01-INVESTMENTS-PROG-RLTD-2022.CSV
public/efile_v2_2/SD-P08-T01-INVESTMENTS-PROG-RLTD-2023.CSV,2026-08-11T17:07:58.000Z,"""4e911f68bc13f3798d5db700ac582222""",4770169,STANDARD,nccs-efile,4.8 mb,https://nccs-efile.s3.us-east-1.amazonaws.com/public/efile_v2_2/SD-P08-T01-INVESTMENTS-PROG-RLTD-2023.CSV
public/efile_v2_2/SD-P08-T01-INVESTMENTS-PROG-RLTD-2024.CSV,2026-08-11T17:07:58.000Z,"""58596fb88fe8b007b9d06bed4814773a""",3732088,STANDARD,nccs-efile,3.7 mb,https://nccs-efile.s3.us-east-1.amazonaws.com/public/efile_v2_2/SD-P08-T01-INVESTMENTS-PROG-RLTD-2024.CSV
public/efile_v2_2/SD-P09-T00-OTH-ASSETS-2009.CSV,2026-08-11T15:33:26.000Z,"""236d916f52a5641b7efc26c2b8e1eede""",2081350,STANDARD,nccs-efile,2.1 mb,https://nccs-efile.s3.us-east-1.amazonaws.com/public/efile_v2_2/SD-P09-T00-OTH-ASSETS-2009.CSV
public/efile_v2_2/SD-P09-T00-OTH-ASSETS-2010.CSV,2026-08-11T15:33:26.000Z,"""e877c929a89af83384b1da8c236e09d5""",5428106,STANDARD,nccs-efile,5.4 mb,https://nccs-efile.s3.us-east-1.amazonaws.com/public/efile_v2_2/SD-P09-T00-OTH-ASSETS-2010.CSV
public/efile_v2_2/SD-P09-T00-OTH-ASSETS-2011.CSV,2026-08-11T15:33:26.000Z,"""220658b59b5fbc3e54cd63cdaccbafcb""",6623353,STANDARD,nccs-efile,6.6 mb,https://nccs-efile.s3.us-east-1.amazonaws.com/public/efile_v2_2/SD-P09-T00-OTH-ASSETS-2011.CSV
public/efile_v2_2/SD-P09-T00-OTH-ASSETS-2012.CSV,2026-08-11T15:33:26.000Z,"""e98168620b64232023cde82a5901cc0b""",7212196,STANDARD,nccs-efile,7.2 mb,https://nccs-efile.s3.us-east-1.amazonaws.com/public/efile_v2_2/SD-P09-T00-OTH-ASSETS-2012.CSV
public/efile_v2_2/SD-P09-T00-OTH-ASSETS-2013.CSV,2026-08-11T15:33:27.000Z,"""80fe37e168ba5819459c9342a98a8b6b""",7790412,STANDARD,nccs-efile,7.8 mb,https://nccs-efile.s3.us-east-1.amazonaws.com/public/efile_v2_2/SD-P09-T00-OTH-ASSETS-2013.CSV
public/efile_v2_2/SD-P09-T00-OTH-ASSETS-2014.CSV,2026-08-11T15:33:27.000Z,"""9eebde65528d81149ad5294d4f7f9419-2""",8520793,STANDARD,nccs-efile,8.5 mb,https://nccs-efile.s3.us-east-1.amazonaws.com/public/efile_v2_2/SD-P09-T00-OTH-ASSETS-2014.CSV
public/efile_v2_2/SD-P09-T00-OTH-ASSETS-2015.CSV,2026-08-11T15:33:27.000Z,"""7d09d8249d20b2a86385c8888a4f8ec0-2""",8971388,STANDARD,nccs-efile,9 mb,https://nccs-efile.s3.us-east-1.amazonaws.com/public/efile_v2_2/SD-P09-T00-OTH-ASSETS-2015.CSV
public/efile_v2_2/SD-P09-T00-OTH-ASSETS-2016.CSV,2026-08-11T15:33:27.000Z,"""a4032c25f44dfc6334a5bfd31fe147ce-2""",9299410,STANDARD,nccs-efile,9.3 mb,https://nccs-efile.s3.us-east-1.amazonaws.com/public/efile_v2_2/SD-P09-T00-OTH-ASSETS-2016.CSV
public/efile_v2_2/SD-P09-T00-OTH-ASSETS-2017.CSV,2026-08-11T15:33:27.000Z,"""f6ec20490c8d6de675d7859e97281cf4-2""",9933317,STANDARD,nccs-efile,9.9 mb,https://nccs-efile.s3.us-east-1.amazonaws.com/public/efile_v2_2/SD-P09-T00-OTH-ASSETS-2017.CSV
public/efile_v2_2/SD-P09-T00-OTH-ASSETS-2018.CSV,2026-08-11T15:33:27.000Z,"""7725a3237193372405a7841f89e46589-2""",10254706,STANDARD,nccs-efile,10.3 mb,https://nccs-efile.s3.us-east-1.amazonaws.com/public/efile_v2_2/SD-P09-T00-OTH-ASSETS-2018.CSV
public/efile_v2_2/SD-P09-T00-OTH-ASSETS-2019.CSV,2026-08-11T15:33:27.000Z,"""8b668018c3e7ddd04ed9a5e9bd5ab23b-2""",10637652,STANDARD,nccs-efile,10.6 mb,https://nccs-efile.s3.us-east-1.amazonaws.com/public/efile_v2_2/SD-P09-T00-OTH-ASSETS-2019.CSV
public/efile_v2_2/SD-P09-T00-OTH-ASSETS-2020.CSV,2026-08-11T15:33:27.000Z,"""dffdc04a843bdc69a982bc5393023db7-2""",12631733,STANDARD,nccs-efile,12.6 mb,https://nccs-efile.s3.us-east-1.amazonaws.com/public/efile_v2_2/SD-P09-T00-OTH-ASSETS-2020.CSV
public/efile_v2_2/SD-P09-T00-OTH-ASSETS-2021.CSV,2026-08-11T15:33:27.000Z,"""c89985be5908947d1c4ed6c3b925b27c-2""",12288640,STANDARD,nccs-efile,12.3 mb,https://nccs-efile.s3.us-east-1.amazonaws.com/public/efile_v2_2/SD-P09-T00-OTH-ASSETS-2021.CSV
public/efile_v2_2/SD-P09-T00-OTH-ASSETS-2022.CSV,2026-08-11T17:07:58.000Z,"""51f099a953e022bf6a36659d7a4148f0-2""",16409191,STANDARD,nccs-efile,16.4 mb,https://nccs-efile.s3.us-east-1.amazonaws.com/public/efile_v2_2/SD-P09-T00-OTH-ASSETS-2022.CSV
public/efile_v2_2/SD-P09-T00-OTH-ASSETS-2023.CSV,2026-08-11T17:07:58.000Z,"""e32a9a0662adcf57a78748da4337a07f-3""",16796330,STANDARD,nccs-efile,16.8 mb,https://nccs-efile.s3.us-east-1.amazonaws.com/public/efile_v2_2/SD-P09-T00-OTH-ASSETS-2023.CSV
public/efile_v2_2/SD-P09-T00-OTH-ASSETS-2024.CSV,2026-08-11T17:07:58.000Z,"""c5dd0511b95d2e9597ea5d1ba2276c42-2""",11147319,STANDARD,nccs-efile,11.1 mb,https://nccs-efile.s3.us-east-1.amazonaws.com/public/efile_v2_2/SD-P09-T00-OTH-ASSETS-2024.CSV
public/efile_v2_2/SD-P09-T01-OTH-ASSETS-2009.CSV,2026-08-11T15:33:28.000Z,"""1344a2bd27594a5bc7a8e8bc40be9015""",5979022,STANDARD,nccs-efile,6 mb,https://nccs-efile.s3.us-east-1.amazonaws.com/public/efile_v2_2/SD-P09-T01-OTH-ASSETS-2009.CSV
public/efile_v2_2/SD-P09-T01-OTH-ASSETS-2010.CSV,2026-08-11T15:33:28.000Z,"""0084bc888ff78916b4f9c708f8353653-2""",14903793,STANDARD,nccs-efile,14.9 mb,https://nccs-efile.s3.us-east-1.amazonaws.com/public/efile_v2_2/SD-P09-T01-OTH-ASSETS-2010.CSV
public/efile_v2_2/SD-P09-T01-OTH-ASSETS-2011.CSV,2026-08-11T15:33:28.000Z,"""85b79307ba33a477c6ab49b53e7c67f2-3""",17687609,STANDARD,nccs-efile,17.7 mb,https://nccs-efile.s3.us-east-1.amazonaws.com/public/efile_v2_2/SD-P09-T01-OTH-ASSETS-2011.CSV
public/efile_v2_2/SD-P09-T01-OTH-ASSETS-2012.CSV,2026-08-11T15:33:28.000Z,"""69d312a4deee4300dba29f403ba2e5a1-3""",19196470,STANDARD,nccs-efile,19.2 mb,https://nccs-efile.s3.us-east-1.amazonaws.com/public/efile_v2_2/SD-P09-T01-OTH-ASSETS-2012.CSV
public/efile_v2_2/SD-P09-T01-OTH-ASSETS-2013.CSV,2026-08-11T15:33:28.000Z,"""4e7cc8641cb223a2bd6e5e08c61420db-3""",20487241,STANDARD,nccs-efile,20.5 mb,https://nccs-efile.s3.us-east-1.amazonaws.com/public/efile_v2_2/SD-P09-T01-OTH-ASSETS-2013.CSV
public/efile_v2_2/SD-P09-T01-OTH-ASSETS-2014.CSV,2026-08-11T15:33:28.000Z,"""1da6e5fe2698c7309a9daf7583110c99-3""",21863020,STANDARD,nccs-efile,21.9 mb,https://nccs-efile.s3.us-east-1.amazonaws.com/public/efile_v2_2/SD-P09-T01-OTH-ASSETS-2014.CSV
public/efile_v2_2/SD-P09-T01-OTH-ASSETS-2015.CSV,2026-08-11T15:33:28.000Z,"""a3b313f833db065c29c4deb7c41fc5c2-3""",22780720,STANDARD,nccs-efile,22.8 mb,https://nccs-efile.s3.us-east-1.amazonaws.com/public/efile_v2_2/SD-P09-T01-OTH-ASSETS-2015.CSV
public/efile_v2_2/SD-P09-T01-OTH-ASSETS-2016.CSV,2026-08-11T15:33:29.000Z,"""e135453673ca540a14912c6efcb31e3a-3""",22818445,STANDARD,nccs-efile,22.8 mb,https://nccs-efile.s3.us-east-1.amazonaws.com/public/efile_v2_2/SD-P09-T01-OTH-ASSETS-2016.CSV
public/efile_v2_2/SD-P09-T01-OTH-ASSETS-2017.CSV,2026-08-11T15:33:29.000Z,"""d7efd795a64dee493d38c2b01c0a5715-3""",24198568,STANDARD,nccs-efile,24.2 mb,https://nccs-efile.s3.us-east-1.amazonaws.com/public/efile_v2_2/SD-P09-T01-OTH-ASSETS-2017.CSV
public/efile_v2_2/SD-P09-T01-OTH-ASSETS-2018.CSV,2026-08-11T15:33:29.000Z,"""c76137ed10248e6d873b64684f01f377-3""",24468191,STANDARD,nccs-efile,24.5 mb,https://nccs-efile.s3.us-east-1.amazonaws.com/public/efile_v2_2/SD-P09-T01-OTH-ASSETS-2018.CSV
public/efile_v2_2/SD-P09-T01-OTH-ASSETS-2019.CSV,2026-08-11T15:33:29.000Z,"""7cefd5e69b1df52c874692216827c211-4""",25856443,STANDARD,nccs-efile,25.9 mb,https://nccs-efile.s3.us-east-1.amazonaws.com/public/efile_v2_2/SD-P09-T01-OTH-ASSETS-2019.CSV
public/efile_v2_2/SD-P09-T01-OTH-ASSETS-2020.CSV,2026-08-11T15:33:30.000Z,"""13088d998b680bf8194f918548e46dcb-4""",30823437,STANDARD,nccs-efile,30.8 mb,https://nccs-efile.s3.us-east-1.amazonaws.com/public/efile_v2_2/SD-P09-T01-OTH-ASSETS-2020.CSV
public/efile_v2_2/SD-P09-T01-OTH-ASSETS-2021.CSV,2026-08-11T15:33:30.000Z,"""38e0b1e65e223b58a7015eb97d48ebdd-4""",30069724,STANDARD,nccs-efile,30.1 mb,https://nccs-efile.s3.us-east-1.amazonaws.com/public/efile_v2_2/SD-P09-T01-OTH-ASSETS-2021.CSV
public/efile_v2_2/SD-P09-T01-OTH-ASSETS-2022.CSV,2026-08-11T17:07:58.000Z,"""9a7379aaebff1e3095312747945d8f05-5""",40033621,STANDARD,nccs-efile,40 mb,https://nccs-efile.s3.us-east-1.amazonaws.com/public/efile_v2_2/SD-P09-T01-OTH-ASSETS-2022.CSV
public/efile_v2_2/SD-P09-T01-OTH-ASSETS-2023.CSV,2026-08-11T17:07:59.000Z,"""292b15e3e65c7c4379054e0b218c41e7-5""",41430259,STANDARD,nccs-efile,41.4 mb,https://nccs-efile.s3.us-east-1.amazonaws.com/public/efile_v2_2/SD-P09-T01-OTH-ASSETS-2023.CSV
public/efile_v2_2/SD-P09-T01-OTH-ASSETS-2024.CSV,2026-08-11T17:07:59.000Z,"""ba36b8676c830fc74f0fafc6f1030822-4""",27169593,STANDARD,nccs-efile,27.2 mb,https://nccs-efile.s3.us-east-1.amazonaws.com/public/efile_v2_2/SD-P09-T01-OTH-ASSETS-2024.CSV
public/efile_v2_2/SD-P10-T00-OTH-LIABILITIES-2009.CSV,2026-08-11T15:33:30.000Z,"""7db1d727261ccd0dfca41623b0726618""",5102060,STANDARD,nccs-efile,5.1 mb,https://nccs-efile.s3.us-east-1.amazonaws.com/public/efile_v2_2/SD-P10-T00-OTH-LIABILITIES-2009.CSV
public/efile_v2_2/SD-P10-T00-OTH-LIABILITIES-2010.CSV,2026-08-11T15:33:30.000Z,"""e5662db1bf3b031b3abdc1c4baa1b6f9-2""",15018560,STANDARD,nccs-efile,15 mb,https://nccs-efile.s3.us-east-1.amazonaws.com/public/efile_v2_2/SD-P10-T00-OTH-LIABILITIES-2010.CSV
public/efile_v2_2/SD-P10-T00-OTH-LIABILITIES-2011.CSV,2026-08-11T15:33:31.000Z,"""bfae4bc2f4b7df845a85a61c8335a5c0-3""",18527908,STANDARD,nccs-efile,18.5 mb,https://nccs-efile.s3.us-east-1.amazonaws.com/public/efile_v2_2/SD-P10-T00-OTH-LIABILITIES-2011.CSV
public/efile_v2_2/SD-P10-T00-OTH-LIABILITIES-2012.CSV,2026-08-11T15:33:31.000Z,"""90d255cb29ab2d05506f236b5f50d18f-4""",25775354,STANDARD,nccs-efile,25.8 mb,https://nccs-efile.s3.us-east-1.amazonaws.com/public/efile_v2_2/SD-P10-T00-OTH-LIABILITIES-2012.CSV
public/efile_v2_2/SD-P10-T00-OTH-LIABILITIES-2013.CSV,2026-08-11T15:33:31.000Z,"""e94b7ea9b430e32e4578ef3917fc901d-4""",28342730,STANDARD,nccs-efile,28.3 mb,https://nccs-efile.s3.us-east-1.amazonaws.com/public/efile_v2_2/SD-P10-T00-OTH-LIABILITIES-2013.CSV
public/efile_v2_2/SD-P10-T00-OTH-LIABILITIES-2014.CSV,2026-08-11T15:33:31.000Z,"""0d6a9c8c5ac0671cab525d9493d4214c-4""",31389913,STANDARD,nccs-efile,31.4 mb,https://nccs-efile.s3.us-east-1.amazonaws.com/public/efile_v2_2/SD-P10-T00-OTH-LIABILITIES-2014.CSV
public/efile_v2_2/SD-P10-T00-OTH-LIABILITIES-2015.CSV,2026-08-11T15:33:31.000Z,"""6d40d920391ba652e710380747ad0b66-4""",32833124,STANDARD,nccs-efile,32.8 mb,https://nccs-efile.s3.us-east-1.amazonaws.com/public/efile_v2_2/SD-P10-T00-OTH-LIABILITIES-2015.CSV
public/efile_v2_2/SD-P10-T00-OTH-LIABILITIES-2016.CSV,2026-08-11T15:33:32.000Z,"""00b2375c2199cf5dfa953fe56ef5bcd6-5""",33841869,STANDARD,nccs-efile,33.8 mb,https://nccs-efile.s3.us-east-1.amazonaws.com/public/efile_v2_2/SD-P10-T00-OTH-LIABILITIES-2016.CSV
public/efile_v2_2/SD-P10-T00-OTH-LIABILITIES-2017.CSV,2026-08-11T15:33:32.000Z,"""419c99e8906ef3a6ebd804b89f1574d5-5""",36204180,STANDARD,nccs-efile,36.2 mb,https://nccs-efile.s3.us-east-1.amazonaws.com/public/efile_v2_2/SD-P10-T00-OTH-LIABILITIES-2017.CSV
public/efile_v2_2/SD-P10-T00-OTH-LIABILITIES-2018.CSV,2026-08-11T15:33:32.000Z,"""d30f80bf9faf10e6de60eddc411fab17-5""",36862181,STANDARD,nccs-efile,36.9 mb,https://nccs-efile.s3.us-east-1.amazonaws.com/public/efile_v2_2/SD-P10-T00-OTH-LIABILITIES-2018.CSV
public/efile_v2_2/SD-P10-T00-OTH-LIABILITIES-2019.CSV,2026-08-11T15:33:32.000Z,"""d7ace1ea67640e209517d03a08f05aaa-5""",39177269,STANDARD,nccs-efile,39.2 mb,https://nccs-efile.s3.us-east-1.amazonaws.com/public/efile_v2_2/SD-P10-T00-OTH-LIABILITIES-2019.CSV
public/efile_v2_2/SD-P10-T00-OTH-LIABILITIES-2020.CSV,2026-08-11T15:33:33.000Z,"""cff796b44af5ad61d5bea9ae274e6952-6""",46545927,STANDARD,nccs-efile,46.5 mb,https://nccs-efile.s3.us-east-1.amazonaws.com/public/efile_v2_2/SD-P10-T00-OTH-LIABILITIES-2020.CSV
public/efile_v2_2/SD-P10-T00-OTH-LIABILITIES-2021.CSV,2026-08-11T15:33:33.000Z,"""65d21b714ee31a786cdc122e6b7c07d5-6""",43211847,STANDARD,nccs-efile,43.2 mb,https://nccs-efile.s3.us-east-1.amazonaws.com/public/efile_v2_2/SD-P10-T00-OTH-LIABILITIES-2021.CSV
public/efile_v2_2/SD-P10-T00-OTH-LIABILITIES-2022.CSV,2026-08-11T17:08:00.000Z,"""6768f55c4621a9dc81eb147d8010a0bd-6""",45717204,STANDARD,nccs-efile,45.7 mb,https://nccs-efile.s3.us-east-1.amazonaws.com/public/efile_v2_2/SD-P10-T00-OTH-LIABILITIES-2022.CSV
public/efile_v2_2/SD-P10-T00-OTH-LIABILITIES-2023.CSV,2026-08-11T17:08:00.000Z,"""f4f11b6101857059330cc7cbd8657fd7-6""",46290506,STANDARD,nccs-efile,46.3 mb,https://nccs-efile.s3.us-east-1.amazonaws.com/public/efile_v2_2/SD-P10-T00-OTH-LIABILITIES-2023.CSV
public/efile_v2_2/SD-P10-T00-OTH-LIABILITIES-2024.CSV,2026-08-11T17:08:01.000Z,"""1c0182d2270f01760e45c39a094e6946-4""",33334978,STANDARD,nccs-efile,33.3 mb,https://nccs-efile.s3.us-east-1.amazonaws.com/public/efile_v2_2/SD-P10-T00-OTH-LIABILITIES-2024.CSV
public/efile_v2_2/SD-P10-T01-OTH-LIABILITIES-2009.CSV,2026-08-11T15:33:34.000Z,"""e367d66827233efd1ab7c0b138743153-5""",35833252,STANDARD,nccs-efile,35.8 mb,https://nccs-efile.s3.us-east-1.amazonaws.com/public/efile_v2_2/SD-P10-T01-OTH-LIABILITIES-2009.CSV
public/efile_v2_2/SD-P10-T01-OTH-LIABILITIES-2010.CSV,2026-08-11T15:33:34.000Z,"""e8862251db44e1a12750cf6dbe048d83-12""",95722732,STANDARD,nccs-efile,95.7 mb,https://nccs-efile.s3.us-east-1.amazonaws.com/public/efile_v2_2/SD-P10-T01-OTH-LIABILITIES-2010.CSV
public/efile_v2_2/SD-P10-T01-OTH-LIABILITIES-2011.CSV,2026-08-11T15:33:35.000Z,"""2eea3304783c76c28ee420361dbab30e-15""",125236079,STANDARD,nccs-efile,125.2 mb,https://nccs-efile.s3.us-east-1.amazonaws.com/public/efile_v2_2/SD-P10-T01-OTH-LIABILITIES-2011.CSV
public/efile_v2_2/SD-P10-T01-OTH-LIABILITIES-2012.CSV,2026-08-11T15:33:35.000Z,"""f9dba28ee0cfb4e79ab215056b7e288b-17""",136916027,STANDARD,nccs-efile,136.9 mb,https://nccs-efile.s3.us-east-1.amazonaws.com/public/efile_v2_2/SD-P10-T01-OTH-LIABILITIES-2012.CSV
public/efile_v2_2/SD-P10-T01-OTH-LIABILITIES-2013.CSV,2026-08-11T15:33:36.000Z,"""5018819dd11091315f64879202459a35-6""",47775756,STANDARD,nccs-efile,47.8 mb,https://nccs-efile.s3.us-east-1.amazonaws.com/public/efile_v2_2/SD-P10-T01-OTH-LIABILITIES-2013.CSV
public/efile_v2_2/SD-P10-T01-OTH-LIABILITIES-2014.CSV,2026-08-11T15:33:36.000Z,"""ce98bc32e648d622c5e3b8ddffbf7611-7""",51757206,STANDARD,nccs-efile,51.8 mb,https://nccs-efile.s3.us-east-1.amazonaws.com/public/efile_v2_2/SD-P10-T01-OTH-LIABILITIES-2014.CSV
public/efile_v2_2/SD-P10-T01-OTH-LIABILITIES-2015.CSV,2026-08-11T15:33:37.000Z,"""c880da605526218f5c3bc1b25a3f118b-7""",54190574,STANDARD,nccs-efile,54.2 mb,https://nccs-efile.s3.us-east-1.amazonaws.com/public/efile_v2_2/SD-P10-T01-OTH-LIABILITIES-2015.CSV
public/efile_v2_2/SD-P10-T01-OTH-LIABILITIES-2016.CSV,2026-08-11T15:33:37.000Z,"""ffaa3966bc23fcf5bed20f63b3c86d3c-7""",54978681,STANDARD,nccs-efile,55 mb,https://nccs-efile.s3.us-east-1.amazonaws.com/public/efile_v2_2/SD-P10-T01-OTH-LIABILITIES-2016.CSV
public/efile_v2_2/SD-P10-T01-OTH-LIABILITIES-2017.CSV,2026-08-11T15:33:38.000Z,"""6601f40352ab47f07b7a54a01fa92206-7""",58442410,STANDARD,nccs-efile,58.4 mb,https://nccs-efile.s3.us-east-1.amazonaws.com/public/efile_v2_2/SD-P10-T01-OTH-LIABILITIES-2017.CSV
public/efile_v2_2/SD-P10-T01-OTH-LIABILITIES-2018.CSV,2026-08-11T15:33:38.000Z,"""3218439cfe8bce0c2880eba6db67d9c7-8""",59104192,STANDARD,nccs-efile,59.1 mb,https://nccs-efile.s3.us-east-1.amazonaws.com/public/efile_v2_2/SD-P10-T01-OTH-LIABILITIES-2018.CSV
public/efile_v2_2/SD-P10-T01-OTH-LIABILITIES-2019.CSV,2026-08-11T15:33:38.000Z,"""80d58334342e36f23c7e7710b8d9f4ef-8""",65196792,STANDARD,nccs-efile,65.2 mb,https://nccs-efile.s3.us-east-1.amazonaws.com/public/efile_v2_2/SD-P10-T01-OTH-LIABILITIES-2019.CSV
public/efile_v2_2/SD-P10-T01-OTH-LIABILITIES-2020.CSV,2026-08-11T15:33:39.000Z,"""90ba0dbb8cac20ad93a9587eb485e66b-10""",78902446,STANDARD,nccs-efile,78.9 mb,https://nccs-efile.s3.us-east-1.amazonaws.com/public/efile_v2_2/SD-P10-T01-OTH-LIABILITIES-2020.CSV
public/efile_v2_2/SD-P10-T01-OTH-LIABILITIES-2021.CSV,2026-08-11T15:33:39.000Z,"""57d71c9d80c4d5bbd439e36355ecec95-9""",71905280,STANDARD,nccs-efile,71.9 mb,https://nccs-efile.s3.us-east-1.amazonaws.com/public/efile_v2_2/SD-P10-T01-OTH-LIABILITIES-2021.CSV
public/efile_v2_2/SD-P10-T01-OTH-LIABILITIES-2022.CSV,2026-08-11T17:08:01.000Z,"""d75794714d5bade0e19a9c6b865066d6-10""",81705821,STANDARD,nccs-efile,81.7 mb,https://nccs-efile.s3.us-east-1.amazonaws.com/public/efile_v2_2/SD-P10-T01-OTH-LIABILITIES-2022.CSV
public/efile_v2_2/SD-P10-T01-OTH-LIABILITIES-2023.CSV,2026-08-11T17:08:02.000Z,"""790ca323cf39fc8d2ce31d12ca2354bc-10""",82966636,STANDARD,nccs-efile,83 mb,https://nccs-efile.s3.us-east-1.amazonaws.com/public/efile_v2_2/SD-P10-T01-OTH-LIABILITIES-2023.CSV
public/efile_v2_2/SD-P10-T01-OTH-LIABILITIES-2024.CSV,2026-08-11T17:08:03.000Z,"""7f1783fc43c1477fc9bfc8e0dea22406-8""",59163677,STANDARD,nccs-efile,59.2 mb,https://nccs-efile.s3.us-east-1.amazonaws.com/public/efile_v2_2/SD-P10-T01-OTH-LIABILITIES-2024.CSV
public/efile_v2_2/SD-P11-T00-RECONCILIATION-REVENUE-2009.CSV,2026-08-11T15:33:38.000Z,"""0030e8aad439489fb3ea8d841749e709""",6969864,STANDARD,nccs-efile,7 mb,https://nccs-efile.s3.us-east-1.amazonaws.com/public/efile_v2_2/SD-P11-T00-RECONCILIATION-REVENUE-2009.CSV
public/efile_v2_2/SD-P11-T00-RECONCILIATION-REVENUE-2010.CSV,2026-08-11T15:33:41.000Z,"""35b070207ebe01143fe1ce7ed4bfacb6-3""",18627598,STANDARD,nccs-efile,18.6 mb,https://nccs-efile.s3.us-east-1.amazonaws.com/public/efile_v2_2/SD-P11-T00-RECONCILIATION-REVENUE-2010.CSV
public/efile_v2_2/SD-P11-T00-RECONCILIATION-REVENUE-2011.CSV,2026-08-11T15:33:41.000Z,"""2d595982437579ae0f0e693db68e7b0f-3""",23246756,STANDARD,nccs-efile,23.2 mb,https://nccs-efile.s3.us-east-1.amazonaws.com/public/efile_v2_2/SD-P11-T00-RECONCILIATION-REVENUE-2011.CSV
public/efile_v2_2/SD-P11-T00-RECONCILIATION-REVENUE-2012.CSV,2026-08-11T15:33:41.000Z,"""455d77f7845e45d4af4d6ba98b27a1f7-3""",24858060,STANDARD,nccs-efile,24.9 mb,https://nccs-efile.s3.us-east-1.amazonaws.com/public/efile_v2_2/SD-P11-T00-RECONCILIATION-REVENUE-2012.CSV
public/efile_v2_2/SD-P11-T00-RECONCILIATION-REVENUE-2013.CSV,2026-08-11T15:33:41.000Z,"""fb6476574ab9f71d11047255a124bbe1-4""",26927258,STANDARD,nccs-efile,26.9 mb,https://nccs-efile.s3.us-east-1.amazonaws.com/public/efile_v2_2/SD-P11-T00-RECONCILIATION-REVENUE-2013.CSV
public/efile_v2_2/SD-P11-T00-RECONCILIATION-REVENUE-2014.CSV,2026-08-11T15:33:41.000Z,"""0815a4a30426baa5a06c1daba75a68ed-4""",28679126,STANDARD,nccs-efile,28.7 mb,https://nccs-efile.s3.us-east-1.amazonaws.com/public/efile_v2_2/SD-P11-T00-RECONCILIATION-REVENUE-2014.CSV
public/efile_v2_2/SD-P11-T00-RECONCILIATION-REVENUE-2015.CSV,2026-08-11T15:33:42.000Z,"""22430b8644ca7ad3d96bcf5a1c4f0036-4""",29783369,STANDARD,nccs-efile,29.8 mb,https://nccs-efile.s3.us-east-1.amazonaws.com/public/efile_v2_2/SD-P11-T00-RECONCILIATION-REVENUE-2015.CSV
public/efile_v2_2/SD-P11-T00-RECONCILIATION-REVENUE-2016.CSV,2026-08-11T15:33:42.000Z,"""8a1f4463a0b07ce3569b99a96bc8351f-4""",30277578,STANDARD,nccs-efile,30.3 mb,https://nccs-efile.s3.us-east-1.amazonaws.com/public/efile_v2_2/SD-P11-T00-RECONCILIATION-REVENUE-2016.CSV
public/efile_v2_2/SD-P11-T00-RECONCILIATION-REVENUE-2017.CSV,2026-08-11T15:33:42.000Z,"""f30701378f6335f45c3cefb21549f4f3-4""",31957797,STANDARD,nccs-efile,32 mb,https://nccs-efile.s3.us-east-1.amazonaws.com/public/efile_v2_2/SD-P11-T00-RECONCILIATION-REVENUE-2017.CSV
public/efile_v2_2/SD-P11-T00-RECONCILIATION-REVENUE-2018.CSV,2026-08-11T15:33:42.000Z,"""f7d12887622e0aa2aab95a86fb195ea8-4""",31793507,STANDARD,nccs-efile,31.8 mb,https://nccs-efile.s3.us-east-1.amazonaws.com/public/efile_v2_2/SD-P11-T00-RECONCILIATION-REVENUE-2018.CSV
public/efile_v2_2/SD-P11-T00-RECONCILIATION-REVENUE-2019.CSV,2026-08-11T15:33:43.000Z,"""801df751d7425844d935803925f4e066-4""",32156813,STANDARD,nccs-efile,32.2 mb,https://nccs-efile.s3.us-east-1.amazonaws.com/public/efile_v2_2/SD-P11-T00-RECONCILIATION-REVENUE-2019.CSV
public/efile_v2_2/SD-P11-T00-RECONCILIATION-REVENUE-2020.CSV,2026-08-11T15:33:43.000Z,"""0473061556ff3e03c823da43e28eb29c-5""",37735233,STANDARD,nccs-efile,37.7 mb,https://nccs-efile.s3.us-east-1.amazonaws.com/public/efile_v2_2/SD-P11-T00-RECONCILIATION-REVENUE-2020.CSV
public/efile_v2_2/SD-P11-T00-RECONCILIATION-REVENUE-2021.CSV,2026-08-11T15:33:43.000Z,"""a7819ea24e1fab509b21864a7bc368d0-5""",34292048,STANDARD,nccs-efile,34.3 mb,https://nccs-efile.s3.us-east-1.amazonaws.com/public/efile_v2_2/SD-P11-T00-RECONCILIATION-REVENUE-2021.CSV
public/efile_v2_2/SD-P11-T00-RECONCILIATION-REVENUE-2022.CSV,2026-08-11T17:08:03.000Z,"""eed3a014f6174c2de43e2e3f7d0e1cb4-5""",34160509,STANDARD,nccs-efile,34.2 mb,https://nccs-efile.s3.us-east-1.amazonaws.com/public/efile_v2_2/SD-P11-T00-RECONCILIATION-REVENUE-2022.CSV
public/efile_v2_2/SD-P11-T00-RECONCILIATION-REVENUE-2023.CSV,2026-08-11T17:08:04.000Z,"""6199fac2fffbac8ddd0265d54c361172-5""",33638206,STANDARD,nccs-efile,33.6 mb,https://nccs-efile.s3.us-east-1.amazonaws.com/public/efile_v2_2/SD-P11-T00-RECONCILIATION-REVENUE-2023.CSV
public/efile_v2_2/SD-P11-T00-RECONCILIATION-REVENUE-2024.CSV,2026-08-11T17:08:04.000Z,"""fcbdcdef6b8bc7b4b673a7378bf09512-3""",23395269,STANDARD,nccs-efile,23.4 mb,https://nccs-efile.s3.us-east-1.amazonaws.com/public/efile_v2_2/SD-P11-T00-RECONCILIATION-REVENUE-2024.CSV
public/efile_v2_2/SD-P12-T00-RECONCILIATION-EXPENSES-2009.CSV,2026-08-11T15:33:43.000Z,"""03b439a11302c3fc75b7627a8714878c""",6981907,STANDARD,nccs-efile,7 mb,https://nccs-efile.s3.us-east-1.amazonaws.com/public/efile_v2_2/SD-P12-T00-RECONCILIATION-EXPENSES-2009.CSV
public/efile_v2_2/SD-P12-T00-RECONCILIATION-EXPENSES-2010.CSV,2026-08-11T15:33:44.000Z,"""e44b373a726ed3539424dec344dade98-3""",18665673,STANDARD,nccs-efile,18.7 mb,https://nccs-efile.s3.us-east-1.amazonaws.com/public/efile_v2_2/SD-P12-T00-RECONCILIATION-EXPENSES-2010.CSV
public/efile_v2_2/SD-P12-T00-RECONCILIATION-EXPENSES-2011.CSV,2026-08-11T15:33:44.000Z,"""90eee7fe73a80989a56f71df361b2337-3""",23303742,STANDARD,nccs-efile,23.3 mb,https://nccs-efile.s3.us-east-1.amazonaws.com/public/efile_v2_2/SD-P12-T00-RECONCILIATION-EXPENSES-2011.CSV
public/efile_v2_2/SD-P12-T00-RECONCILIATION-EXPENSES-2012.CSV,2026-08-11T15:33:44.000Z,"""109a54917f1792536756df5183b21606-3""",24919918,STANDARD,nccs-efile,24.9 mb,https://nccs-efile.s3.us-east-1.amazonaws.com/public/efile_v2_2/SD-P12-T00-RECONCILIATION-EXPENSES-2012.CSV
public/efile_v2_2/SD-P12-T00-RECONCILIATION-EXPENSES-2013.CSV,2026-08-11T15:33:44.000Z,"""01dd920092f34c4ac805b546d43164e1-4""",26702281,STANDARD,nccs-efile,26.7 mb,https://nccs-efile.s3.us-east-1.amazonaws.com/public/efile_v2_2/SD-P12-T00-RECONCILIATION-EXPENSES-2013.CSV
public/efile_v2_2/SD-P12-T00-RECONCILIATION-EXPENSES-2014.CSV,2026-08-11T15:33:44.000Z,"""ab75dffac2b3f746f6af2593cb9693b3-4""",28438800,STANDARD,nccs-efile,28.4 mb,https://nccs-efile.s3.us-east-1.amazonaws.com/public/efile_v2_2/SD-P12-T00-RECONCILIATION-EXPENSES-2014.CSV
public/efile_v2_2/SD-P12-T00-RECONCILIATION-EXPENSES-2015.CSV,2026-08-11T15:33:45.000Z,"""841f3992a03933030f60b0289daa35fc-4""",29520381,STANDARD,nccs-efile,29.5 mb,https://nccs-efile.s3.us-east-1.amazonaws.com/public/efile_v2_2/SD-P12-T00-RECONCILIATION-EXPENSES-2015.CSV
public/efile_v2_2/SD-P12-T00-RECONCILIATION-EXPENSES-2016.CSV,2026-08-11T15:33:45.000Z,"""0454ed074fe25f343296368cb487f2ee-4""",30032107,STANDARD,nccs-efile,30 mb,https://nccs-efile.s3.us-east-1.amazonaws.com/public/efile_v2_2/SD-P12-T00-RECONCILIATION-EXPENSES-2016.CSV
public/efile_v2_2/SD-P12-T00-RECONCILIATION-EXPENSES-2017.CSV,2026-08-11T15:33:45.000Z,"""e9b240f506eabd7bf693036f845bfa2f-4""",31693820,STANDARD,nccs-efile,31.7 mb,https://nccs-efile.s3.us-east-1.amazonaws.com/public/efile_v2_2/SD-P12-T00-RECONCILIATION-EXPENSES-2017.CSV
public/efile_v2_2/SD-P12-T00-RECONCILIATION-EXPENSES-2018.CSV,2026-08-11T15:33:45.000Z,"""9c792c696b642d9de8e6f83b1b92e9b0-4""",31520835,STANDARD,nccs-efile,31.5 mb,https://nccs-efile.s3.us-east-1.amazonaws.com/public/efile_v2_2/SD-P12-T00-RECONCILIATION-EXPENSES-2018.CSV
public/efile_v2_2/SD-P12-T00-RECONCILIATION-EXPENSES-2019.CSV,2026-08-11T15:33:45.000Z,"""b294c5bec993e6b65b454a43a12efb00-4""",31888184,STANDARD,nccs-efile,31.9 mb,https://nccs-efile.s3.us-east-1.amazonaws.com/public/efile_v2_2/SD-P12-T00-RECONCILIATION-EXPENSES-2019.CSV
public/efile_v2_2/SD-P12-T00-RECONCILIATION-EXPENSES-2020.CSV,2026-08-11T15:33:46.000Z,"""949f966443b692604a3c37e050f8607d-5""",37377209,STANDARD,nccs-efile,37.4 mb,https://nccs-efile.s3.us-east-1.amazonaws.com/public/efile_v2_2/SD-P12-T00-RECONCILIATION-EXPENSES-2020.CSV
public/efile_v2_2/SD-P12-T00-RECONCILIATION-EXPENSES-2021.CSV,2026-08-11T15:33:46.000Z,"""2a4ce7d6adcdd07272e71b6d9f729cc5-5""",33928854,STANDARD,nccs-efile,33.9 mb,https://nccs-efile.s3.us-east-1.amazonaws.com/public/efile_v2_2/SD-P12-T00-RECONCILIATION-EXPENSES-2021.CSV
public/efile_v2_2/SD-P12-T00-RECONCILIATION-EXPENSES-2022.CSV,2026-08-11T17:08:04.000Z,"""4f4cac9eadc73130f93c3d557b4563b8-5""",33815168,STANDARD,nccs-efile,33.8 mb,https://nccs-efile.s3.us-east-1.amazonaws.com/public/efile_v2_2/SD-P12-T00-RECONCILIATION-EXPENSES-2022.CSV
public/efile_v2_2/SD-P12-T00-RECONCILIATION-EXPENSES-2023.CSV,2026-08-11T17:08:05.000Z,"""c4600a4bdd0f3f024052ea959fa1a538-4""",33319348,STANDARD,nccs-efile,33.3 mb,https://nccs-efile.s3.us-east-1.amazonaws.com/public/efile_v2_2/SD-P12-T00-RECONCILIATION-EXPENSES-2023.CSV
public/efile_v2_2/SD-P12-T00-RECONCILIATION-EXPENSES-2024.CSV,2026-08-11T17:08:05.000Z,"""03a34ef565ea324aab1779f7f82d6657-3""",23185025,STANDARD,nccs-efile,23.2 mb,https://nccs-efile.s3.us-east-1.amazonaws.com/public/efile_v2_2/SD-P12-T00-RECONCILIATION-EXPENSES-2024.CSV
public/efile_v2_2/SD-P99-T00-RECONCILIATION-NETASSETS-2009.CSV,2026-08-11T15:33:46.000Z,"""c554676a1bb29b90faa63635f388aca4""",7557850,STANDARD,nccs-efile,7.6 mb,https://nccs-efile.s3.us-east-1.amazonaws.com/public/efile_v2_2/SD-P99-T00-RECONCILIATION-NETASSETS-2009.CSV
public/efile_v2_2/SD-P99-T00-RECONCILIATION-NETASSETS-2010.CSV,2026-08-11T15:33:47.000Z,"""7995d9acc73376ff2fbc09b464ec90a6-3""",21374719,STANDARD,nccs-efile,21.4 mb,https://nccs-efile.s3.us-east-1.amazonaws.com/public/efile_v2_2/SD-P99-T00-RECONCILIATION-NETASSETS-2010.CSV
public/efile_v2_2/SD-P99-T00-RECONCILIATION-NETASSETS-2011.CSV,2026-08-11T15:33:47.000Z,"""c295b93ec475722acc53f8c980b9a3b9-4""",26157450,STANDARD,nccs-efile,26.2 mb,https://nccs-efile.s3.us-east-1.amazonaws.com/public/efile_v2_2/SD-P99-T00-RECONCILIATION-NETASSETS-2011.CSV
public/efile_v2_2/SD-P99-T00-RECONCILIATION-NETASSETS-2012.CSV,2026-08-11T15:33:46.000Z,"""3d7ef0e5f87c14399cb32e5b0790f039""",207,STANDARD,nccs-efile,0 mb,https://nccs-efile.s3.us-east-1.amazonaws.com/public/efile_v2_2/SD-P99-T00-RECONCILIATION-NETASSETS-2012.CSV
public/efile_v2_2/SD-P99-T00-RECONCILIATION-NETASSETS-2013.CSV,2026-08-11T15:33:46.000Z,"""3d7ef0e5f87c14399cb32e5b0790f039""",207,STANDARD,nccs-efile,0 mb,https://nccs-efile.s3.us-east-1.amazonaws.com/public/efile_v2_2/SD-P99-T00-RECONCILIATION-NETASSETS-2013.CSV
public/efile_v2_2/SD-P99-T00-RECONCILIATION-NETASSETS-2014.CSV,2026-08-11T15:33:47.000Z,"""3d7ef0e5f87c14399cb32e5b0790f039""",207,STANDARD,nccs-efile,0 mb,https://nccs-efile.s3.us-east-1.amazonaws.com/public/efile_v2_2/SD-P99-T00-RECONCILIATION-NETASSETS-2014.CSV
public/efile_v2_2/SD-P99-T00-RECONCILIATION-NETASSETS-2015.CSV,2026-08-11T15:33:47.000Z,"""3d7ef0e5f87c14399cb32e5b0790f039""",207,STANDARD,nccs-efile,0 mb,https://nccs-efile.s3.us-east-1.amazonaws.com/public/efile_v2_2/SD-P99-T00-RECONCILIATION-NETASSETS-2015.CSV
public/efile_v2_2/SD-P99-T00-RECONCILIATION-NETASSETS-2016.CSV,2026-08-11T15:33:47.000Z,"""3d7ef0e5f87c14399cb32e5b0790f039""",207,STANDARD,nccs-efile,0 mb,https://nccs-efile.s3.us-east-1.amazonaws.com/public/efile_v2_2/SD-P99-T00-RECONCILIATION-NETASSETS-2016.CSV
public/efile_v2_2/SD-P99-T00-RECONCILIATION-NETASSETS-2017.CSV,2026-08-11T15:33:47.000Z,"""3d7ef0e5f87c14399cb32e5b0790f039""",207,STANDARD,nccs-efile,0 mb,https://nccs-efile.s3.us-east-1.amazonaws.com/public/efile_v2_2/SD-P99-T00-RECONCILIATION-NETASSETS-2017.CSV
public/efile_v2_2/SD-P99-T00-RECONCILIATION-NETASSETS-2018.CSV,2026-08-11T15:33:47.000Z,"""3d7ef0e5f87c14399cb32e5b0790f039""",207,STANDARD,nccs-efile,0 mb,https://nccs-efile.s3.us-east-1.amazonaws.com/public/efile_v2_2/SD-P99-T00-RECONCILIATION-NETASSETS-2018.CSV
public/efile_v2_2/SD-P99-T00-RECONCILIATION-NETASSETS-2019.CSV,2026-08-11T15:33:47.000Z,"""3d7ef0e5f87c14399cb32e5b0790f039""",207,STANDARD,nccs-efile,0 mb,https://nccs-efile.s3.us-east-1.amazonaws.com/public/efile_v2_2/SD-P99-T00-RECONCILIATION-NETASSETS-2019.CSV
public/efile_v2_2/SD-P99-T00-RECONCILIATION-NETASSETS-2020.CSV,2026-08-11T15:33:47.000Z,"""3d7ef0e5f87c14399cb32e5b0790f039""",207,STANDARD,nccs-efile,0 mb,https://nccs-efile.s3.us-east-1.amazonaws.com/public/efile_v2_2/SD-P99-T00-RECONCILIATION-NETASSETS-2020.CSV
public/efile_v2_2/SD-P99-T00-RECONCILIATION-NETASSETS-2021.CSV,2026-08-11T15:33:47.000Z,"""3d7ef0e5f87c14399cb32e5b0790f039""",207,STANDARD,nccs-efile,0 mb,https://nccs-efile.s3.us-east-1.amazonaws.com/public/efile_v2_2/SD-P99-T00-RECONCILIATION-NETASSETS-2021.CSV
public/efile_v2_2/SD-P99-T00-RECONCILIATION-NETASSETS-2022.CSV,2026-08-11T17:08:05.000Z,"""3d7ef0e5f87c14399cb32e5b0790f039""",207,STANDARD,nccs-efile,0 mb,https://nccs-efile.s3.us-east-1.amazonaws.com/public/efile_v2_2/SD-P99-T00-RECONCILIATION-NETASSETS-2022.CSV
public/efile_v2_2/SD-P99-T00-RECONCILIATION-NETASSETS-2023.CSV,2026-08-11T17:08:05.000Z,"""3d7ef0e5f87c14399cb32e5b0790f039""",207,STANDARD,nccs-efile,0 mb,https://nccs-efile.s3.us-east-1.amazonaws.com/public/efile_v2_2/SD-P99-T00-RECONCILIATION-NETASSETS-2023.CSV
public/efile_v2_2/SD-P99-T00-RECONCILIATION-NETASSETS-2024.CSV,2026-08-11T17:08:05.000Z,"""3d7ef0e5f87c14399cb32e5b0790f039""",207,STANDARD,nccs-efile,0 mb,https://nccs-efile.s3.us-east-1.amazonaws.com/public/efile_v2_2/SD-P99-T00-RECONCILIATION-NETASSETS-2024.CSV
public/efile_v2_2/SE-P01-T00-SCHOOLS-2009.CSV,2026-08-11T15:33:47.000Z,"""22a18fe258019c2f85547df92c16bd3d""",2574528,STANDARD,nccs-efile,2.6 mb,https://nccs-efile.s3.us-east-1.amazonaws.com/public/efile_v2_2/SE-P01-T00-SCHOOLS-2009.CSV
public/efile_v2_2/SE-P01-T00-SCHOOLS-2010.CSV,2026-08-11T15:33:47.000Z,"""1f8ce3547191824c52e9944eefa3a352""",2581318,STANDARD,nccs-efile,2.6 mb,https://nccs-efile.s3.us-east-1.amazonaws.com/public/efile_v2_2/SE-P01-T00-SCHOOLS-2010.CSV
public/efile_v2_2/SE-P01-T00-SCHOOLS-2011.CSV,2026-08-11T15:33:47.000Z,"""fc63b0c2edeb05e2fce813b75bfcd1b6""",3330991,STANDARD,nccs-efile,3.3 mb,https://nccs-efile.s3.us-east-1.amazonaws.com/public/efile_v2_2/SE-P01-T00-SCHOOLS-2011.CSV
public/efile_v2_2/SE-P01-T00-SCHOOLS-2012.CSV,2026-08-11T15:33:47.000Z,"""0425cc9bebffce996075e61ff2f11995""",3757312,STANDARD,nccs-efile,3.8 mb,https://nccs-efile.s3.us-east-1.amazonaws.com/public/efile_v2_2/SE-P01-T00-SCHOOLS-2012.CSV
public/efile_v2_2/SE-P01-T00-SCHOOLS-2013.CSV,2026-08-11T15:33:47.000Z,"""b1fcc1184c44ae4477a1aeaaf0bc8b63""",4136696,STANDARD,nccs-efile,4.1 mb,https://nccs-efile.s3.us-east-1.amazonaws.com/public/efile_v2_2/SE-P01-T00-SCHOOLS-2013.CSV
public/efile_v2_2/SE-P01-T00-SCHOOLS-2014.CSV,2026-08-11T15:33:48.000Z,"""e2d6d1cb847c0c3f98ac35c6c7d0825c""",4495530,STANDARD,nccs-efile,4.5 mb,https://nccs-efile.s3.us-east-1.amazonaws.com/public/efile_v2_2/SE-P01-T00-SCHOOLS-2014.CSV
public/efile_v2_2/SE-P01-T00-SCHOOLS-2015.CSV,2026-08-11T15:33:48.000Z,"""d7f0549fabdc9f626b15c2c04e4d6fee""",4721854,STANDARD,nccs-efile,4.7 mb,https://nccs-efile.s3.us-east-1.amazonaws.com/public/efile_v2_2/SE-P01-T00-SCHOOLS-2015.CSV
public/efile_v2_2/SE-P01-T00-SCHOOLS-2016.CSV,2026-08-11T15:33:48.000Z,"""d74f86f136bf94ba42868cab824c1c3a""",4899899,STANDARD,nccs-efile,4.9 mb,https://nccs-efile.s3.us-east-1.amazonaws.com/public/efile_v2_2/SE-P01-T00-SCHOOLS-2016.CSV
public/efile_v2_2/SE-P01-T00-SCHOOLS-2017.CSV,2026-08-11T15:33:48.000Z,"""e22eb1e72bf8b989f6821e369a8d6f96""",5370900,STANDARD,nccs-efile,5.4 mb,https://nccs-efile.s3.us-east-1.amazonaws.com/public/efile_v2_2/SE-P01-T00-SCHOOLS-2017.CSV
public/efile_v2_2/SE-P01-T00-SCHOOLS-2018.CSV,2026-08-11T15:33:48.000Z,"""01c5815e8586bee474734593ae13e397""",5270162,STANDARD,nccs-efile,5.3 mb,https://nccs-efile.s3.us-east-1.amazonaws.com/public/efile_v2_2/SE-P01-T00-SCHOOLS-2018.CSV
public/efile_v2_2/SE-P01-T00-SCHOOLS-2019.CSV,2026-08-11T15:33:48.000Z,"""a8746cb0bd52f1c3b2d3ac349edea3ae""",5589939,STANDARD,nccs-efile,5.6 mb,https://nccs-efile.s3.us-east-1.amazonaws.com/public/efile_v2_2/SE-P01-T00-SCHOOLS-2019.CSV
public/efile_v2_2/SE-P01-T00-SCHOOLS-2020.CSV,2026-08-11T15:33:48.000Z,"""b0390464cadf23e93a05f6b6fb67f8fc""",6905929,STANDARD,nccs-efile,6.9 mb,https://nccs-efile.s3.us-east-1.amazonaws.com/public/efile_v2_2/SE-P01-T00-SCHOOLS-2020.CSV
public/efile_v2_2/SE-P01-T00-SCHOOLS-2021.CSV,2026-08-11T15:33:48.000Z,"""d2a65d33a521b3efe4664bc40534f797""",6427355,STANDARD,nccs-efile,6.4 mb,https://nccs-efile.s3.us-east-1.amazonaws.com/public/efile_v2_2/SE-P01-T00-SCHOOLS-2021.CSV
public/efile_v2_2/SE-P01-T00-SCHOOLS-2022.CSV,2026-08-11T17:08:06.000Z,"""f546af119677afa660ecbbe302be9ae9""",6540690,STANDARD,nccs-efile,6.5 mb,https://nccs-efile.s3.us-east-1.amazonaws.com/public/efile_v2_2/SE-P01-T00-SCHOOLS-2022.CSV
public/efile_v2_2/SE-P01-T00-SCHOOLS-2023.CSV,2026-08-11T17:08:06.000Z,"""33d5e4ad1f95971bea6f03da5696506d""",6520734,STANDARD,nccs-efile,6.5 mb,https://nccs-efile.s3.us-east-1.amazonaws.com/public/efile_v2_2/SE-P01-T00-SCHOOLS-2023.CSV
public/efile_v2_2/SE-P01-T00-SCHOOLS-2024.CSV,2026-08-11T17:08:06.000Z,"""10eb27b10fefa679c5360db6b9fa5f25""",3968317,STANDARD,nccs-efile,4 mb,https://nccs-efile.s3.us-east-1.amazonaws.com/public/efile_v2_2/SE-P01-T00-SCHOOLS-2024.CSV
public/efile_v2_2/SF-P01-T00-FRGN-ACTS-2009.CSV,2026-08-11T15:33:48.000Z,"""09b8308cf5ac436d2fe70050027ecbe5""",482791,STANDARD,nccs-efile,0.5 mb,https://nccs-efile.s3.us-east-1.amazonaws.com/public/efile_v2_2/SF-P01-T00-FRGN-ACTS-2009.CSV
public/efile_v2_2/SF-P01-T00-FRGN-ACTS-2010.CSV,2026-08-11T15:33:48.000Z,"""b0e5add82fc45fa007c3ce18e3366ffb""",1533025,STANDARD,nccs-efile,1.5 mb,https://nccs-efile.s3.us-east-1.amazonaws.com/public/efile_v2_2/SF-P01-T00-FRGN-ACTS-2010.CSV
public/efile_v2_2/SF-P01-T00-FRGN-ACTS-2011.CSV,2026-08-11T15:33:48.000Z,"""89809127f8f3b262580be9a14cf1ea2a""",1984458,STANDARD,nccs-efile,2 mb,https://nccs-efile.s3.us-east-1.amazonaws.com/public/efile_v2_2/SF-P01-T00-FRGN-ACTS-2011.CSV
public/efile_v2_2/SF-P01-T00-FRGN-ACTS-2012.CSV,2026-08-11T15:33:48.000Z,"""992991c6b33ed0923cdae8ee1252f2ab""",2266240,STANDARD,nccs-efile,2.3 mb,https://nccs-efile.s3.us-east-1.amazonaws.com/public/efile_v2_2/SF-P01-T00-FRGN-ACTS-2012.CSV
public/efile_v2_2/SF-P01-T00-FRGN-ACTS-2013.CSV,2026-08-11T15:33:48.000Z,"""bccfe0b9186aa90a17e27b38122e44a3""",2543524,STANDARD,nccs-efile,2.5 mb,https://nccs-efile.s3.us-east-1.amazonaws.com/public/efile_v2_2/SF-P01-T00-FRGN-ACTS-2013.CSV
public/efile_v2_2/SF-P01-T00-FRGN-ACTS-2014.CSV,2026-08-11T15:33:48.000Z,"""c5ffd07d92fec46eb043b48bed229080""",2851131,STANDARD,nccs-efile,2.9 mb,https://nccs-efile.s3.us-east-1.amazonaws.com/public/efile_v2_2/SF-P01-T00-FRGN-ACTS-2014.CSV
public/efile_v2_2/SF-P01-T00-FRGN-ACTS-2015.CSV,2026-08-11T15:33:48.000Z,"""e04f843335d10056e4aff4ccac747326""",3138618,STANDARD,nccs-efile,3.1 mb,https://nccs-efile.s3.us-east-1.amazonaws.com/public/efile_v2_2/SF-P01-T00-FRGN-ACTS-2015.CSV
public/efile_v2_2/SF-P01-T00-FRGN-ACTS-2016.CSV,2026-08-11T15:33:48.000Z,"""d7c2880f6e99e81653941facb2176bca""",3319019,STANDARD,nccs-efile,3.3 mb,https://nccs-efile.s3.us-east-1.amazonaws.com/public/efile_v2_2/SF-P01-T00-FRGN-ACTS-2016.CSV
public/efile_v2_2/SF-P01-T00-FRGN-ACTS-2017.CSV,2026-08-11T15:33:49.000Z,"""4ad68e678ffa4ac6049746e87ea2060f""",3603887,STANDARD,nccs-efile,3.6 mb,https://nccs-efile.s3.us-east-1.amazonaws.com/public/efile_v2_2/SF-P01-T00-FRGN-ACTS-2017.CSV
public/efile_v2_2/SF-P01-T00-FRGN-ACTS-2018.CSV,2026-08-11T15:33:49.000Z,"""a8e048636211af7c2e915f84e2b6cb73""",3723525,STANDARD,nccs-efile,3.7 mb,https://nccs-efile.s3.us-east-1.amazonaws.com/public/efile_v2_2/SF-P01-T00-FRGN-ACTS-2018.CSV
public/efile_v2_2/SF-P01-T00-FRGN-ACTS-2019.CSV,2026-08-11T15:33:49.000Z,"""19a5b0b58b8464b6477e4d6dabe36b12""",3887202,STANDARD,nccs-efile,3.9 mb,https://nccs-efile.s3.us-east-1.amazonaws.com/public/efile_v2_2/SF-P01-T00-FRGN-ACTS-2019.CSV
public/efile_v2_2/SF-P01-T00-FRGN-ACTS-2020.CSV,2026-08-11T15:33:49.000Z,"""2ded0e03b5c694d2793d296dc3532849""",4408507,STANDARD,nccs-efile,4.4 mb,https://nccs-efile.s3.us-east-1.amazonaws.com/public/efile_v2_2/SF-P01-T00-FRGN-ACTS-2020.CSV
public/efile_v2_2/SF-P01-T00-FRGN-ACTS-2021.CSV,2026-08-11T15:33:49.000Z,"""78307584405a274059c67c81b1e1d208""",4379191,STANDARD,nccs-efile,4.4 mb,https://nccs-efile.s3.us-east-1.amazonaws.com/public/efile_v2_2/SF-P01-T00-FRGN-ACTS-2021.CSV
public/efile_v2_2/SF-P01-T00-FRGN-ACTS-2022.CSV,2026-08-11T17:08:06.000Z,"""feab7f79e0e94bd6d7b9b941b76a0dc8""",4702853,STANDARD,nccs-efile,4.7 mb,https://nccs-efile.s3.us-east-1.amazonaws.com/public/efile_v2_2/SF-P01-T00-FRGN-ACTS-2022.CSV
public/efile_v2_2/SF-P01-T00-FRGN-ACTS-2023.CSV,2026-08-11T17:08:06.000Z,"""c2d13c82cba758abde8fdcf9bf31b937""",4846205,STANDARD,nccs-efile,4.8 mb,https://nccs-efile.s3.us-east-1.amazonaws.com/public/efile_v2_2/SF-P01-T00-FRGN-ACTS-2023.CSV
public/efile_v2_2/SF-P01-T00-FRGN-ACTS-2024.CSV,2026-08-11T17:08:06.000Z,"""09ead9040694bdc9c141f923f9851ce6""",3772525,STANDARD,nccs-efile,3.8 mb,https://nccs-efile.s3.us-east-1.amazonaws.com/public/efile_v2_2/SF-P01-T00-FRGN-ACTS-2024.CSV
public/efile_v2_2/SF-P01-T01-FRGN-ACTS-BY-REGION-2009.CSV,2026-08-11T15:33:49.000Z,"""ca6489ac6618c0a9602a91a2e2594cb6""",2907730,STANDARD,nccs-efile,2.9 mb,https://nccs-efile.s3.us-east-1.amazonaws.com/public/efile_v2_2/SF-P01-T01-FRGN-ACTS-BY-REGION-2009.CSV
public/efile_v2_2/SF-P01-T01-FRGN-ACTS-BY-REGION-2010.CSV,2026-08-11T15:33:49.000Z,"""cd52d21f81a453d179383e7986f80b12""",6566121,STANDARD,nccs-efile,6.6 mb,https://nccs-efile.s3.us-east-1.amazonaws.com/public/efile_v2_2/SF-P01-T01-FRGN-ACTS-BY-REGION-2010.CSV
public/efile_v2_2/SF-P01-T01-FRGN-ACTS-BY-REGION-2011.CSV,2026-08-11T15:33:49.000Z,"""2f304c34c00aa50713329e936fde0346""",7982068,STANDARD,nccs-efile,8 mb,https://nccs-efile.s3.us-east-1.amazonaws.com/public/efile_v2_2/SF-P01-T01-FRGN-ACTS-BY-REGION-2011.CSV
public/efile_v2_2/SF-P01-T01-FRGN-ACTS-BY-REGION-2012.CSV,2026-08-11T15:33:49.000Z,"""a701b22acae813a516bf76c64a83d2d2-2""",9055012,STANDARD,nccs-efile,9.1 mb,https://nccs-efile.s3.us-east-1.amazonaws.com/public/efile_v2_2/SF-P01-T01-FRGN-ACTS-BY-REGION-2012.CSV
public/efile_v2_2/SF-P01-T01-FRGN-ACTS-BY-REGION-2013.CSV,2026-08-11T15:33:49.000Z,"""b12754dcd46e105e73b2025da5948221-2""",10159796,STANDARD,nccs-efile,10.2 mb,https://nccs-efile.s3.us-east-1.amazonaws.com/public/efile_v2_2/SF-P01-T01-FRGN-ACTS-BY-REGION-2013.CSV
public/efile_v2_2/SF-P01-T01-FRGN-ACTS-BY-REGION-2014.CSV,2026-08-11T15:33:49.000Z,"""7fa02a514f4ffdd1e02a1c88401d33e9-2""",11176389,STANDARD,nccs-efile,11.2 mb,https://nccs-efile.s3.us-east-1.amazonaws.com/public/efile_v2_2/SF-P01-T01-FRGN-ACTS-BY-REGION-2014.CSV
public/efile_v2_2/SF-P01-T01-FRGN-ACTS-BY-REGION-2015.CSV,2026-08-11T15:33:49.000Z,"""e5e72a68c59a6919b714af4e51ddc5e3-2""",12095217,STANDARD,nccs-efile,12.1 mb,https://nccs-efile.s3.us-east-1.amazonaws.com/public/efile_v2_2/SF-P01-T01-FRGN-ACTS-BY-REGION-2015.CSV
public/efile_v2_2/SF-P01-T01-FRGN-ACTS-BY-REGION-2016.CSV,2026-08-11T15:33:50.000Z,"""321cdd701c8fd85989e8ca3310dec90a-2""",12685700,STANDARD,nccs-efile,12.7 mb,https://nccs-efile.s3.us-east-1.amazonaws.com/public/efile_v2_2/SF-P01-T01-FRGN-ACTS-BY-REGION-2016.CSV
public/efile_v2_2/SF-P01-T01-FRGN-ACTS-BY-REGION-2017.CSV,2026-08-11T15:33:50.000Z,"""006e79f24519b0043ade8fb497a57d6d-2""",13790063,STANDARD,nccs-efile,13.8 mb,https://nccs-efile.s3.us-east-1.amazonaws.com/public/efile_v2_2/SF-P01-T01-FRGN-ACTS-BY-REGION-2017.CSV
public/efile_v2_2/SF-P01-T01-FRGN-ACTS-BY-REGION-2018.CSV,2026-08-11T15:33:50.000Z,"""0de8be3ac1a9d109935ad6d1fa914b52-2""",13952736,STANDARD,nccs-efile,14 mb,https://nccs-efile.s3.us-east-1.amazonaws.com/public/efile_v2_2/SF-P01-T01-FRGN-ACTS-BY-REGION-2018.CSV
public/efile_v2_2/SF-P01-T01-FRGN-ACTS-BY-REGION-2019.CSV,2026-08-11T15:33:50.000Z,"""e7046e71c18cfe9f44064ac5d77e681d-2""",14336641,STANDARD,nccs-efile,14.3 mb,https://nccs-efile.s3.us-east-1.amazonaws.com/public/efile_v2_2/SF-P01-T01-FRGN-ACTS-BY-REGION-2019.CSV
public/efile_v2_2/SF-P01-T01-FRGN-ACTS-BY-REGION-2020.CSV,2026-08-11T15:33:50.000Z,"""d3fc50a43c10a6dbbc1e465d6f4aa91b-2""",14723442,STANDARD,nccs-efile,14.7 mb,https://nccs-efile.s3.us-east-1.amazonaws.com/public/efile_v2_2/SF-P01-T01-FRGN-ACTS-BY-REGION-2020.CSV
public/efile_v2_2/SF-P01-T01-FRGN-ACTS-BY-REGION-2021.CSV,2026-08-11T15:33:50.000Z,"""b6f7cdc084328eb74553dc9de8995f0b-2""",14995088,STANDARD,nccs-efile,15 mb,https://nccs-efile.s3.us-east-1.amazonaws.com/public/efile_v2_2/SF-P01-T01-FRGN-ACTS-BY-REGION-2021.CSV
public/efile_v2_2/SF-P01-T01-FRGN-ACTS-BY-REGION-2022.CSV,2026-08-11T17:08:06.000Z,"""f859867f53f30cea42734504d2b18768-2""",16607771,STANDARD,nccs-efile,16.6 mb,https://nccs-efile.s3.us-east-1.amazonaws.com/public/efile_v2_2/SF-P01-T01-FRGN-ACTS-BY-REGION-2022.CSV
public/efile_v2_2/SF-P01-T01-FRGN-ACTS-BY-REGION-2023.CSV,2026-08-11T17:08:06.000Z,"""b2218aa240f38dd5435ef006a95b8e2c-3""",17370616,STANDARD,nccs-efile,17.4 mb,https://nccs-efile.s3.us-east-1.amazonaws.com/public/efile_v2_2/SF-P01-T01-FRGN-ACTS-BY-REGION-2023.CSV
public/efile_v2_2/SF-P01-T01-FRGN-ACTS-BY-REGION-2024.CSV,2026-08-11T17:08:06.000Z,"""ba060d2f59a9f75dcdc523eb7a68785f-2""",12449490,STANDARD,nccs-efile,12.4 mb,https://nccs-efile.s3.us-east-1.amazonaws.com/public/efile_v2_2/SF-P01-T01-FRGN-ACTS-BY-REGION-2024.CSV
public/efile_v2_2/SF-P02-T00-FRGN-ORG-GRANTS-2009.CSV,2026-08-11T15:33:50.000Z,"""bfa11024147a44d096802cad0410bb27""",129416,STANDARD,nccs-efile,0.1 mb,https://nccs-efile.s3.us-east-1.amazonaws.com/public/efile_v2_2/SF-P02-T00-FRGN-ORG-GRANTS-2009.CSV
public/efile_v2_2/SF-P02-T00-FRGN-ORG-GRANTS-2010.CSV,2026-08-11T15:33:51.000Z,"""c2c76839fd5b29bd011d1be8f4d8ba59""",515066,STANDARD,nccs-efile,0.5 mb,https://nccs-efile.s3.us-east-1.amazonaws.com/public/efile_v2_2/SF-P02-T00-FRGN-ORG-GRANTS-2010.CSV
public/efile_v2_2/SF-P02-T00-FRGN-ORG-GRANTS-2011.CSV,2026-08-11T15:33:51.000Z,"""b4040243cbf6c5762a8f769830f5d23b""",661109,STANDARD,nccs-efile,0.7 mb,https://nccs-efile.s3.us-east-1.amazonaws.com/public/efile_v2_2/SF-P02-T00-FRGN-ORG-GRANTS-2011.CSV
public/efile_v2_2/SF-P02-T00-FRGN-ORG-GRANTS-2012.CSV,2026-08-11T15:33:51.000Z,"""ccfb4226db29e840a8ee775b260f1c0a""",761715,STANDARD,nccs-efile,0.8 mb,https://nccs-efile.s3.us-east-1.amazonaws.com/public/efile_v2_2/SF-P02-T00-FRGN-ORG-GRANTS-2012.CSV
public/efile_v2_2/SF-P02-T00-FRGN-ORG-GRANTS-2013.CSV,2026-08-11T15:33:51.000Z,"""9ec2f7673b6ae6f4c3cf42e2e19d9fef""",874055,STANDARD,nccs-efile,0.9 mb,https://nccs-efile.s3.us-east-1.amazonaws.com/public/efile_v2_2/SF-P02-T00-FRGN-ORG-GRANTS-2013.CSV
public/efile_v2_2/SF-P02-T00-FRGN-ORG-GRANTS-2014.CSV,2026-08-11T15:33:51.000Z,"""890aeceed5cfdc3d7f39499c8dea574a""",1008353,STANDARD,nccs-efile,1 mb,https://nccs-efile.s3.us-east-1.amazonaws.com/public/efile_v2_2/SF-P02-T00-FRGN-ORG-GRANTS-2014.CSV
public/efile_v2_2/SF-P02-T00-FRGN-ORG-GRANTS-2015.CSV,2026-08-11T15:33:51.000Z,"""6c74c9761efe405090b3850e42d8e948""",1109024,STANDARD,nccs-efile,1.1 mb,https://nccs-efile.s3.us-east-1.amazonaws.com/public/efile_v2_2/SF-P02-T00-FRGN-ORG-GRANTS-2015.CSV
public/efile_v2_2/SF-P02-T00-FRGN-ORG-GRANTS-2016.CSV,2026-08-11T15:33:51.000Z,"""f38a06ceb0034f59261797d2377df8c4""",1158913,STANDARD,nccs-efile,1.2 mb,https://nccs-efile.s3.us-east-1.amazonaws.com/public/efile_v2_2/SF-P02-T00-FRGN-ORG-GRANTS-2016.CSV
public/efile_v2_2/SF-P02-T00-FRGN-ORG-GRANTS-2017.CSV,2026-08-11T15:33:51.000Z,"""8a2ca15d074aed84813bbf219cd0786d""",1254926,STANDARD,nccs-efile,1.3 mb,https://nccs-efile.s3.us-east-1.amazonaws.com/public/efile_v2_2/SF-P02-T00-FRGN-ORG-GRANTS-2017.CSV
public/efile_v2_2/SF-P02-T00-FRGN-ORG-GRANTS-2018.CSV,2026-08-11T15:33:51.000Z,"""ba907948246da43bc84c3eeec1b14288""",1338162,STANDARD,nccs-efile,1.3 mb,https://nccs-efile.s3.us-east-1.amazonaws.com/public/efile_v2_2/SF-P02-T00-FRGN-ORG-GRANTS-2018.CSV
public/efile_v2_2/SF-P02-T00-FRGN-ORG-GRANTS-2019.CSV,2026-08-11T15:33:51.000Z,"""98fcd7ca08166d23c57f8ef6c0c1fad9""",1438872,STANDARD,nccs-efile,1.4 mb,https://nccs-efile.s3.us-east-1.amazonaws.com/public/efile_v2_2/SF-P02-T00-FRGN-ORG-GRANTS-2019.CSV
public/efile_v2_2/SF-P02-T00-FRGN-ORG-GRANTS-2020.CSV,2026-08-11T15:33:51.000Z,"""bd2e011aba7a3fed2b0196cffe028b3c""",1766916,STANDARD,nccs-efile,1.8 mb,https://nccs-efile.s3.us-east-1.amazonaws.com/public/efile_v2_2/SF-P02-T00-FRGN-ORG-GRANTS-2020.CSV
public/efile_v2_2/SF-P02-T00-FRGN-ORG-GRANTS-2021.CSV,2026-08-11T15:33:51.000Z,"""16bc6295a254c8c9348d0ebaf7c61f73""",1775477,STANDARD,nccs-efile,1.8 mb,https://nccs-efile.s3.us-east-1.amazonaws.com/public/efile_v2_2/SF-P02-T00-FRGN-ORG-GRANTS-2021.CSV
public/efile_v2_2/SF-P02-T00-FRGN-ORG-GRANTS-2022.CSV,2026-08-11T17:08:06.000Z,"""93eab633657fe07b8c83a3bca99968ed""",1900312,STANDARD,nccs-efile,1.9 mb,https://nccs-efile.s3.us-east-1.amazonaws.com/public/efile_v2_2/SF-P02-T00-FRGN-ORG-GRANTS-2022.CSV
public/efile_v2_2/SF-P02-T00-FRGN-ORG-GRANTS-2023.CSV,2026-08-11T17:08:07.000Z,"""ea13fdc54abe7e17c35511094f42ec4b""",1914101,STANDARD,nccs-efile,1.9 mb,https://nccs-efile.s3.us-east-1.amazonaws.com/public/efile_v2_2/SF-P02-T00-FRGN-ORG-GRANTS-2023.CSV
public/efile_v2_2/SF-P02-T00-FRGN-ORG-GRANTS-2024.CSV,2026-08-11T17:08:07.000Z,"""3cdc25ba1b4d3261fbcfd101450858bc""",1607176,STANDARD,nccs-efile,1.6 mb,https://nccs-efile.s3.us-east-1.amazonaws.com/public/efile_v2_2/SF-P02-T00-FRGN-ORG-GRANTS-2024.CSV
public/efile_v2_2/SF-P02-T01-FRGN-ORG-GRANTS-2009.CSV,2026-08-11T15:33:51.000Z,"""f2c1d997a2d507147ee80c318b5640d0""",5122729,STANDARD,nccs-efile,5.1 mb,https://nccs-efile.s3.us-east-1.amazonaws.com/public/efile_v2_2/SF-P02-T01-FRGN-ORG-GRANTS-2009.CSV
public/efile_v2_2/SF-P02-T01-FRGN-ORG-GRANTS-2010.CSV,2026-08-11T15:33:52.000Z,"""a7bfce836d6235f2dbe7ee5b0271208f-2""",13216588,STANDARD,nccs-efile,13.2 mb,https://nccs-efile.s3.us-east-1.amazonaws.com/public/efile_v2_2/SF-P02-T01-FRGN-ORG-GRANTS-2010.CSV
public/efile_v2_2/SF-P02-T01-FRGN-ORG-GRANTS-2011.CSV,2026-08-11T15:33:52.000Z,"""cf9e9ab828700ebf691e17f2c1930092-2""",14406571,STANDARD,nccs-efile,14.4 mb,https://nccs-efile.s3.us-east-1.amazonaws.com/public/efile_v2_2/SF-P02-T01-FRGN-ORG-GRANTS-2011.CSV
public/efile_v2_2/SF-P02-T01-FRGN-ORG-GRANTS-2012.CSV,2026-08-11T15:33:52.000Z,"""69f5847ea667ed4a53fefb01ffdd42f4-2""",16639201,STANDARD,nccs-efile,16.6 mb,https://nccs-efile.s3.us-east-1.amazonaws.com/public/efile_v2_2/SF-P02-T01-FRGN-ORG-GRANTS-2012.CSV
public/efile_v2_2/SF-P02-T01-FRGN-ORG-GRANTS-2013.CSV,2026-08-11T15:33:52.000Z,"""8f659be97025ec953433aca329a6d05b-2""",14449163,STANDARD,nccs-efile,14.4 mb,https://nccs-efile.s3.us-east-1.amazonaws.com/public/efile_v2_2/SF-P02-T01-FRGN-ORG-GRANTS-2013.CSV
public/efile_v2_2/SF-P02-T01-FRGN-ORG-GRANTS-2014.CSV,2026-08-11T15:33:52.000Z,"""881953d22003c95230f27e6e311ca2dc-2""",15156577,STANDARD,nccs-efile,15.2 mb,https://nccs-efile.s3.us-east-1.amazonaws.com/public/efile_v2_2/SF-P02-T01-FRGN-ORG-GRANTS-2014.CSV
public/efile_v2_2/SF-P02-T01-FRGN-ORG-GRANTS-2015.CSV,2026-08-11T15:33:52.000Z,"""063fe8dca0dae85a01176af040329164-2""",16574937,STANDARD,nccs-efile,16.6 mb,https://nccs-efile.s3.us-east-1.amazonaws.com/public/efile_v2_2/SF-P02-T01-FRGN-ORG-GRANTS-2015.CSV
public/efile_v2_2/SF-P02-T01-FRGN-ORG-GRANTS-2016.CSV,2026-08-11T15:33:52.000Z,"""25c7b288f80d6bdc3434299d51d33f9f-3""",17304735,STANDARD,nccs-efile,17.3 mb,https://nccs-efile.s3.us-east-1.amazonaws.com/public/efile_v2_2/SF-P02-T01-FRGN-ORG-GRANTS-2016.CSV
public/efile_v2_2/SF-P02-T01-FRGN-ORG-GRANTS-2017.CSV,2026-08-11T15:33:52.000Z,"""2e8434ea5655a6f8e874a1c536e0c442-3""",18845068,STANDARD,nccs-efile,18.8 mb,https://nccs-efile.s3.us-east-1.amazonaws.com/public/efile_v2_2/SF-P02-T01-FRGN-ORG-GRANTS-2017.CSV
public/efile_v2_2/SF-P02-T01-FRGN-ORG-GRANTS-2018.CSV,2026-08-11T15:33:53.000Z,"""bf9961a28c0d9958dd4ae33402e3ef52-3""",20157675,STANDARD,nccs-efile,20.2 mb,https://nccs-efile.s3.us-east-1.amazonaws.com/public/efile_v2_2/SF-P02-T01-FRGN-ORG-GRANTS-2018.CSV
public/efile_v2_2/SF-P02-T01-FRGN-ORG-GRANTS-2019.CSV,2026-08-11T15:33:53.000Z,"""709eabd9d1237b4fb8c51171dca7eb3b-3""",20574104,STANDARD,nccs-efile,20.6 mb,https://nccs-efile.s3.us-east-1.amazonaws.com/public/efile_v2_2/SF-P02-T01-FRGN-ORG-GRANTS-2019.CSV
public/efile_v2_2/SF-P02-T01-FRGN-ORG-GRANTS-2020.CSV,2026-08-11T15:33:53.000Z,"""35a017d1233161afe5bb26aa9466ca17-4""",27495179,STANDARD,nccs-efile,27.5 mb,https://nccs-efile.s3.us-east-1.amazonaws.com/public/efile_v2_2/SF-P02-T01-FRGN-ORG-GRANTS-2020.CSV
public/efile_v2_2/SF-P02-T01-FRGN-ORG-GRANTS-2021.CSV,2026-08-11T15:33:53.000Z,"""7cdfa04c4b537d52955c36b017214619-4""",26792520,STANDARD,nccs-efile,26.8 mb,https://nccs-efile.s3.us-east-1.amazonaws.com/public/efile_v2_2/SF-P02-T01-FRGN-ORG-GRANTS-2021.CSV
public/efile_v2_2/SF-P02-T01-FRGN-ORG-GRANTS-2022.CSV,2026-08-11T17:08:07.000Z,"""6b9a15c806ba0888ac085f16db4fa6ce-4""",29965605,STANDARD,nccs-efile,30 mb,https://nccs-efile.s3.us-east-1.amazonaws.com/public/efile_v2_2/SF-P02-T01-FRGN-ORG-GRANTS-2022.CSV
public/efile_v2_2/SF-P02-T01-FRGN-ORG-GRANTS-2023.CSV,2026-08-11T17:08:07.000Z,"""c217b44f8b8e482621f95ae8db857e7b-4""",29727101,STANDARD,nccs-efile,29.7 mb,https://nccs-efile.s3.us-east-1.amazonaws.com/public/efile_v2_2/SF-P02-T01-FRGN-ORG-GRANTS-2023.CSV
public/efile_v2_2/SF-P02-T01-FRGN-ORG-GRANTS-2024.CSV,2026-08-11T17:08:07.000Z,"""85cf4beb264af58053ef875fbd6d9073-3""",24287789,STANDARD,nccs-efile,24.3 mb,https://nccs-efile.s3.us-east-1.amazonaws.com/public/efile_v2_2/SF-P02-T01-FRGN-ORG-GRANTS-2024.CSV
public/efile_v2_2/SF-P03-T01-FRGN-INDIV-GRANTS-2009.CSV,2026-08-11T15:33:53.000Z,"""c12dbdcdc80eb404cbf85d6a57bb6a63""",840337,STANDARD,nccs-efile,0.8 mb,https://nccs-efile.s3.us-east-1.amazonaws.com/public/efile_v2_2/SF-P03-T01-FRGN-INDIV-GRANTS-2009.CSV
public/efile_v2_2/SF-P03-T01-FRGN-INDIV-GRANTS-2010.CSV,2026-08-11T15:33:53.000Z,"""5ae5101b8521ccdaeb938f4903dd9918""",1640128,STANDARD,nccs-efile,1.6 mb,https://nccs-efile.s3.us-east-1.amazonaws.com/public/efile_v2_2/SF-P03-T01-FRGN-INDIV-GRANTS-2010.CSV
public/efile_v2_2/SF-P03-T01-FRGN-INDIV-GRANTS-2011.CSV,2026-08-11T15:33:54.000Z,"""d7589b33fb8dcaaea46dbebd1c41d6b8""",1953137,STANDARD,nccs-efile,2 mb,https://nccs-efile.s3.us-east-1.amazonaws.com/public/efile_v2_2/SF-P03-T01-FRGN-INDIV-GRANTS-2011.CSV
public/efile_v2_2/SF-P03-T01-FRGN-INDIV-GRANTS-2012.CSV,2026-08-11T15:33:54.000Z,"""b488e5f007d22ae7e737c6661d5f10b4""",2187414,STANDARD,nccs-efile,2.2 mb,https://nccs-efile.s3.us-east-1.amazonaws.com/public/efile_v2_2/SF-P03-T01-FRGN-INDIV-GRANTS-2012.CSV
public/efile_v2_2/SF-P03-T01-FRGN-INDIV-GRANTS-2013.CSV,2026-08-11T15:33:54.000Z,"""05fe379c18aae97aad5cb00afaf3ba6d""",2457673,STANDARD,nccs-efile,2.5 mb,https://nccs-efile.s3.us-east-1.amazonaws.com/public/efile_v2_2/SF-P03-T01-FRGN-INDIV-GRANTS-2013.CSV
public/efile_v2_2/SF-P03-T01-FRGN-INDIV-GRANTS-2014.CSV,2026-08-11T15:33:54.000Z,"""bd6308a028db04c8507a43db08d9e9d9""",2684920,STANDARD,nccs-efile,2.7 mb,https://nccs-efile.s3.us-east-1.amazonaws.com/public/efile_v2_2/SF-P03-T01-FRGN-INDIV-GRANTS-2014.CSV
public/efile_v2_2/SF-P03-T01-FRGN-INDIV-GRANTS-2015.CSV,2026-08-11T15:33:54.000Z,"""abbd1f24cfaf7e4719ec297a1c88f241""",2796985,STANDARD,nccs-efile,2.8 mb,https://nccs-efile.s3.us-east-1.amazonaws.com/public/efile_v2_2/SF-P03-T01-FRGN-INDIV-GRANTS-2015.CSV
public/efile_v2_2/SF-P03-T01-FRGN-INDIV-GRANTS-2016.CSV,2026-08-11T15:33:54.000Z,"""8219493c38368b120c84f2d521ef19a7""",2906789,STANDARD,nccs-efile,2.9 mb,https://nccs-efile.s3.us-east-1.amazonaws.com/public/efile_v2_2/SF-P03-T01-FRGN-INDIV-GRANTS-2016.CSV
public/efile_v2_2/SF-P03-T01-FRGN-INDIV-GRANTS-2017.CSV,2026-08-11T15:33:54.000Z,"""62cd81afec51199132ea9faef8693428""",3350978,STANDARD,nccs-efile,3.4 mb,https://nccs-efile.s3.us-east-1.amazonaws.com/public/efile_v2_2/SF-P03-T01-FRGN-INDIV-GRANTS-2017.CSV
public/efile_v2_2/SF-P03-T01-FRGN-INDIV-GRANTS-2018.CSV,2026-08-11T15:33:54.000Z,"""fa6c687bfd7797ae4ea50c9525df5506""",3419949,STANDARD,nccs-efile,3.4 mb,https://nccs-efile.s3.us-east-1.amazonaws.com/public/efile_v2_2/SF-P03-T01-FRGN-INDIV-GRANTS-2018.CSV
public/efile_v2_2/SF-P03-T01-FRGN-INDIV-GRANTS-2019.CSV,2026-08-11T15:33:54.000Z,"""cad351b599463d9b08ec31ce3bb716b0""",3556867,STANDARD,nccs-efile,3.6 mb,https://nccs-efile.s3.us-east-1.amazonaws.com/public/efile_v2_2/SF-P03-T01-FRGN-INDIV-GRANTS-2019.CSV
public/efile_v2_2/SF-P03-T01-FRGN-INDIV-GRANTS-2020.CSV,2026-08-11T15:33:54.000Z,"""fd1c595fa667f98667dbdfe1076e62b9""",3709229,STANDARD,nccs-efile,3.7 mb,https://nccs-efile.s3.us-east-1.amazonaws.com/public/efile_v2_2/SF-P03-T01-FRGN-INDIV-GRANTS-2020.CSV
public/efile_v2_2/SF-P03-T01-FRGN-INDIV-GRANTS-2021.CSV,2026-08-11T15:33:54.000Z,"""bb76cb1110f60c103aeb95135c34f796""",4012364,STANDARD,nccs-efile,4 mb,https://nccs-efile.s3.us-east-1.amazonaws.com/public/efile_v2_2/SF-P03-T01-FRGN-INDIV-GRANTS-2021.CSV
public/efile_v2_2/SF-P03-T01-FRGN-INDIV-GRANTS-2022.CSV,2026-08-11T17:08:08.000Z,"""5bb7ed8f7c99dd5c597d7d07751de4ca""",4204924,STANDARD,nccs-efile,4.2 mb,https://nccs-efile.s3.us-east-1.amazonaws.com/public/efile_v2_2/SF-P03-T01-FRGN-INDIV-GRANTS-2022.CSV
public/efile_v2_2/SF-P03-T01-FRGN-INDIV-GRANTS-2023.CSV,2026-08-11T17:08:08.000Z,"""e1c7306561fe820063f7654c6923709f""",4439510,STANDARD,nccs-efile,4.4 mb,https://nccs-efile.s3.us-east-1.amazonaws.com/public/efile_v2_2/SF-P03-T01-FRGN-INDIV-GRANTS-2023.CSV
public/efile_v2_2/SF-P03-T01-FRGN-INDIV-GRANTS-2024.CSV,2026-08-11T17:08:08.000Z,"""2dcad7cd2eb9cbcac2073270353c7543""",3313303,STANDARD,nccs-efile,3.3 mb,https://nccs-efile.s3.us-east-1.amazonaws.com/public/efile_v2_2/SF-P03-T01-FRGN-INDIV-GRANTS-2024.CSV
public/efile_v2_2/SF-P04-T00-FRGN-INTERESTS-2009.CSV,2026-08-11T15:33:55.000Z,"""3d7ef0e5f87c14399cb32e5b0790f039""",207,STANDARD,nccs-efile,0 mb,https://nccs-efile.s3.us-east-1.amazonaws.com/public/efile_v2_2/SF-P04-T00-FRGN-INTERESTS-2009.CSV
public/efile_v2_2/SF-P04-T00-FRGN-INTERESTS-2010.CSV,2026-08-11T15:33:55.000Z,"""60db1dac6e091ef2943a12f23c8856c3""",1436222,STANDARD,nccs-efile,1.4 mb,https://nccs-efile.s3.us-east-1.amazonaws.com/public/efile_v2_2/SF-P04-T00-FRGN-INTERESTS-2010.CSV
public/efile_v2_2/SF-P04-T00-FRGN-INTERESTS-2011.CSV,2026-08-11T15:33:55.000Z,"""027ddf386399257959b3383f87711498""",1865680,STANDARD,nccs-efile,1.9 mb,https://nccs-efile.s3.us-east-1.amazonaws.com/public/efile_v2_2/SF-P04-T00-FRGN-INTERESTS-2011.CSV
public/efile_v2_2/SF-P04-T00-FRGN-INTERESTS-2012.CSV,2026-08-11T15:33:55.000Z,"""39c9b17c5081fd25b11ca47734b3fce0""",2340863,STANDARD,nccs-efile,2.3 mb,https://nccs-efile.s3.us-east-1.amazonaws.com/public/efile_v2_2/SF-P04-T00-FRGN-INTERESTS-2012.CSV
public/efile_v2_2/SF-P04-T00-FRGN-INTERESTS-2013.CSV,2026-08-11T15:33:55.000Z,"""c9bfcf918affa2eb60362defa00e5198""",2658310,STANDARD,nccs-efile,2.7 mb,https://nccs-efile.s3.us-east-1.amazonaws.com/public/efile_v2_2/SF-P04-T00-FRGN-INTERESTS-2013.CSV
public/efile_v2_2/SF-P04-T00-FRGN-INTERESTS-2014.CSV,2026-08-11T15:33:55.000Z,"""575231f28719818e48831a033e5466e6""",2981563,STANDARD,nccs-efile,3 mb,https://nccs-efile.s3.us-east-1.amazonaws.com/public/efile_v2_2/SF-P04-T00-FRGN-INTERESTS-2014.CSV
public/efile_v2_2/SF-P04-T00-FRGN-INTERESTS-2015.CSV,2026-08-11T15:33:55.000Z,"""cb8862235caf27740f80a6147b8a2654""",3270818,STANDARD,nccs-efile,3.3 mb,https://nccs-efile.s3.us-east-1.amazonaws.com/public/efile_v2_2/SF-P04-T00-FRGN-INTERESTS-2015.CSV
public/efile_v2_2/SF-P04-T00-FRGN-INTERESTS-2016.CSV,2026-08-11T15:33:55.000Z,"""5abe8e341a0999e4ece4a1d2bd5239ce""",3454386,STANDARD,nccs-efile,3.5 mb,https://nccs-efile.s3.us-east-1.amazonaws.com/public/efile_v2_2/SF-P04-T00-FRGN-INTERESTS-2016.CSV
public/efile_v2_2/SF-P04-T00-FRGN-INTERESTS-2017.CSV,2026-08-11T15:33:55.000Z,"""68b0aa5838658f124d15a83337197860""",3740648,STANDARD,nccs-efile,3.7 mb,https://nccs-efile.s3.us-east-1.amazonaws.com/public/efile_v2_2/SF-P04-T00-FRGN-INTERESTS-2017.CSV
public/efile_v2_2/SF-P04-T00-FRGN-INTERESTS-2018.CSV,2026-08-11T15:33:55.000Z,"""c241a31c35380e8ca40e0350e610220f""",3923301,STANDARD,nccs-efile,3.9 mb,https://nccs-efile.s3.us-east-1.amazonaws.com/public/efile_v2_2/SF-P04-T00-FRGN-INTERESTS-2018.CSV
public/efile_v2_2/SF-P04-T00-FRGN-INTERESTS-2019.CSV,2026-08-11T15:33:55.000Z,"""713a8c03f646fd30dfd6bc1bc46b60b3""",4098913,STANDARD,nccs-efile,4.1 mb,https://nccs-efile.s3.us-east-1.amazonaws.com/public/efile_v2_2/SF-P04-T00-FRGN-INTERESTS-2019.CSV
public/efile_v2_2/SF-P04-T00-FRGN-INTERESTS-2020.CSV,2026-08-11T15:33:55.000Z,"""54f51132f2f96b62207656c1bc41f0f8""",4706279,STANDARD,nccs-efile,4.7 mb,https://nccs-efile.s3.us-east-1.amazonaws.com/public/efile_v2_2/SF-P04-T00-FRGN-INTERESTS-2020.CSV
public/efile_v2_2/SF-P04-T00-FRGN-INTERESTS-2021.CSV,2026-08-11T15:33:55.000Z,"""18ddc79cbfe56bc597161d4103cfc408""",4685718,STANDARD,nccs-efile,4.7 mb,https://nccs-efile.s3.us-east-1.amazonaws.com/public/efile_v2_2/SF-P04-T00-FRGN-INTERESTS-2021.CSV
public/efile_v2_2/SF-P04-T00-FRGN-INTERESTS-2022.CSV,2026-08-11T17:08:08.000Z,"""0790fe86ff5b361c70cb98965c6e97b8""",5022762,STANDARD,nccs-efile,5 mb,https://nccs-efile.s3.us-east-1.amazonaws.com/public/efile_v2_2/SF-P04-T00-FRGN-INTERESTS-2022.CSV
public/efile_v2_2/SF-P04-T00-FRGN-INTERESTS-2023.CSV,2026-08-11T17:08:08.000Z,"""e1729edab3c4e04ed4f2f7fa4db94e60""",5205138,STANDARD,nccs-efile,5.2 mb,https://nccs-efile.s3.us-east-1.amazonaws.com/public/efile_v2_2/SF-P04-T00-FRGN-INTERESTS-2023.CSV
public/efile_v2_2/SF-P04-T00-FRGN-INTERESTS-2024.CSV,2026-08-11T17:08:08.000Z,"""b10c8860444b8b83e36a0dbe60bacd2a""",4158180,STANDARD,nccs-efile,4.2 mb,https://nccs-efile.s3.us-east-1.amazonaws.com/public/efile_v2_2/SF-P04-T00-FRGN-INTERESTS-2024.CSV
public/efile_v2_2/SF-P99-T00-FRGN-ORG-GRANTS-2009.CSV,2026-08-11T15:33:55.000Z,"""cf6b327840ff570c3fe2fdd716efde3e""",47041,STANDARD,nccs-efile,0 mb,https://nccs-efile.s3.us-east-1.amazonaws.com/public/efile_v2_2/SF-P99-T00-FRGN-ORG-GRANTS-2009.CSV
public/efile_v2_2/SF-P99-T00-FRGN-ORG-GRANTS-2010.CSV,2026-08-11T15:33:55.000Z,"""d2452f912c670a6f37f7d39e08daa7b8""",217181,STANDARD,nccs-efile,0.2 mb,https://nccs-efile.s3.us-east-1.amazonaws.com/public/efile_v2_2/SF-P99-T00-FRGN-ORG-GRANTS-2010.CSV
public/efile_v2_2/SF-P99-T00-FRGN-ORG-GRANTS-2011.CSV,2026-08-11T15:33:56.000Z,"""93ae950b53eedfa3760798584bce751a""",299268,STANDARD,nccs-efile,0.3 mb,https://nccs-efile.s3.us-east-1.amazonaws.com/public/efile_v2_2/SF-P99-T00-FRGN-ORG-GRANTS-2011.CSV
public/efile_v2_2/SF-P99-T00-FRGN-ORG-GRANTS-2012.CSV,2026-08-11T15:33:56.000Z,"""3d7ef0e5f87c14399cb32e5b0790f039""",207,STANDARD,nccs-efile,0 mb,https://nccs-efile.s3.us-east-1.amazonaws.com/public/efile_v2_2/SF-P99-T00-FRGN-ORG-GRANTS-2012.CSV
public/efile_v2_2/SF-P99-T00-FRGN-ORG-GRANTS-2013.CSV,2026-08-11T15:33:56.000Z,"""3d7ef0e5f87c14399cb32e5b0790f039""",207,STANDARD,nccs-efile,0 mb,https://nccs-efile.s3.us-east-1.amazonaws.com/public/efile_v2_2/SF-P99-T00-FRGN-ORG-GRANTS-2013.CSV
public/efile_v2_2/SF-P99-T00-FRGN-ORG-GRANTS-2014.CSV,2026-08-11T15:33:56.000Z,"""3d7ef0e5f87c14399cb32e5b0790f039""",207,STANDARD,nccs-efile,0 mb,https://nccs-efile.s3.us-east-1.amazonaws.com/public/efile_v2_2/SF-P99-T00-FRGN-ORG-GRANTS-2014.CSV
public/efile_v2_2/SF-P99-T00-FRGN-ORG-GRANTS-2015.CSV,2026-08-11T15:33:56.000Z,"""3d7ef0e5f87c14399cb32e5b0790f039""",207,STANDARD,nccs-efile,0 mb,https://nccs-efile.s3.us-east-1.amazonaws.com/public/efile_v2_2/SF-P99-T00-FRGN-ORG-GRANTS-2015.CSV
public/efile_v2_2/SF-P99-T00-FRGN-ORG-GRANTS-2016.CSV,2026-08-11T15:33:56.000Z,"""3d7ef0e5f87c14399cb32e5b0790f039""",207,STANDARD,nccs-efile,0 mb,https://nccs-efile.s3.us-east-1.amazonaws.com/public/efile_v2_2/SF-P99-T00-FRGN-ORG-GRANTS-2016.CSV
public/efile_v2_2/SF-P99-T00-FRGN-ORG-GRANTS-2017.CSV,2026-08-11T15:33:56.000Z,"""3d7ef0e5f87c14399cb32e5b0790f039""",207,STANDARD,nccs-efile,0 mb,https://nccs-efile.s3.us-east-1.amazonaws.com/public/efile_v2_2/SF-P99-T00-FRGN-ORG-GRANTS-2017.CSV
public/efile_v2_2/SF-P99-T00-FRGN-ORG-GRANTS-2018.CSV,2026-08-11T15:33:56.000Z,"""3d7ef0e5f87c14399cb32e5b0790f039""",207,STANDARD,nccs-efile,0 mb,https://nccs-efile.s3.us-east-1.amazonaws.com/public/efile_v2_2/SF-P99-T00-FRGN-ORG-GRANTS-2018.CSV
public/efile_v2_2/SF-P99-T00-FRGN-ORG-GRANTS-2019.CSV,2026-08-11T15:33:56.000Z,"""3d7ef0e5f87c14399cb32e5b0790f039""",207,STANDARD,nccs-efile,0 mb,https://nccs-efile.s3.us-east-1.amazonaws.com/public/efile_v2_2/SF-P99-T00-FRGN-ORG-GRANTS-2019.CSV
public/efile_v2_2/SF-P99-T00-FRGN-ORG-GRANTS-2020.CSV,2026-08-11T15:33:56.000Z,"""3d7ef0e5f87c14399cb32e5b0790f039""",207,STANDARD,nccs-efile,0 mb,https://nccs-efile.s3.us-east-1.amazonaws.com/public/efile_v2_2/SF-P99-T00-FRGN-ORG-GRANTS-2020.CSV
public/efile_v2_2/SF-P99-T00-FRGN-ORG-GRANTS-2021.CSV,2026-08-11T15:33:56.000Z,"""3d7ef0e5f87c14399cb32e5b0790f039""",207,STANDARD,nccs-efile,0 mb,https://nccs-efile.s3.us-east-1.amazonaws.com/public/efile_v2_2/SF-P99-T00-FRGN-ORG-GRANTS-2021.CSV
public/efile_v2_2/SF-P99-T00-FRGN-ORG-GRANTS-2022.CSV,2026-08-11T17:08:08.000Z,"""3d7ef0e5f87c14399cb32e5b0790f039""",207,STANDARD,nccs-efile,0 mb,https://nccs-efile.s3.us-east-1.amazonaws.com/public/efile_v2_2/SF-P99-T00-FRGN-ORG-GRANTS-2022.CSV
public/efile_v2_2/SF-P99-T00-FRGN-ORG-GRANTS-2023.CSV,2026-08-11T17:08:08.000Z,"""3d7ef0e5f87c14399cb32e5b0790f039""",207,STANDARD,nccs-efile,0 mb,https://nccs-efile.s3.us-east-1.amazonaws.com/public/efile_v2_2/SF-P99-T00-FRGN-ORG-GRANTS-2023.CSV
public/efile_v2_2/SF-P99-T00-FRGN-ORG-GRANTS-2024.CSV,2026-08-11T17:08:08.000Z,"""3d7ef0e5f87c14399cb32e5b0790f039""",207,STANDARD,nccs-efile,0 mb,https://nccs-efile.s3.us-east-1.amazonaws.com/public/efile_v2_2/SF-P99-T00-FRGN-ORG-GRANTS-2024.CSV
public/efile_v2_2/SG-P01-T00-FUNDRAISING-ACTS-2009.CSV,2026-08-11T15:33:56.000Z,"""394aa512e73e4b582abec1a32a18e475""",1071541,STANDARD,nccs-efile,1.1 mb,https://nccs-efile.s3.us-east-1.amazonaws.com/public/efile_v2_2/SG-P01-T00-FUNDRAISING-ACTS-2009.CSV
public/efile_v2_2/SG-P01-T00-FUNDRAISING-ACTS-2010.CSV,2026-08-11T15:33:56.000Z,"""3419f269402143fb4a1d650279efb306""",3772662,STANDARD,nccs-efile,3.8 mb,https://nccs-efile.s3.us-east-1.amazonaws.com/public/efile_v2_2/SG-P01-T00-FUNDRAISING-ACTS-2010.CSV
public/efile_v2_2/SG-P01-T00-FUNDRAISING-ACTS-2011.CSV,2026-08-11T15:33:56.000Z,"""058bb9328cbf54a33e9ff5de7dc7468d""",5051200,STANDARD,nccs-efile,5.1 mb,https://nccs-efile.s3.us-east-1.amazonaws.com/public/efile_v2_2/SG-P01-T00-FUNDRAISING-ACTS-2011.CSV
public/efile_v2_2/SG-P01-T00-FUNDRAISING-ACTS-2012.CSV,2026-08-11T15:33:56.000Z,"""a5d682a3de7b641abb943190775bef7c""",5474064,STANDARD,nccs-efile,5.5 mb,https://nccs-efile.s3.us-east-1.amazonaws.com/public/efile_v2_2/SG-P01-T00-FUNDRAISING-ACTS-2012.CSV
public/efile_v2_2/SG-P01-T00-FUNDRAISING-ACTS-2013.CSV,2026-08-11T15:33:56.000Z,"""250f7088f9335f6d4ad71cf85cffc5eb""",6000131,STANDARD,nccs-efile,6 mb,https://nccs-efile.s3.us-east-1.amazonaws.com/public/efile_v2_2/SG-P01-T00-FUNDRAISING-ACTS-2013.CSV
public/efile_v2_2/SG-P01-T00-FUNDRAISING-ACTS-2014.CSV,2026-08-11T15:33:56.000Z,"""08e951fa34c9022d95fec845382e06f9""",6564073,STANDARD,nccs-efile,6.6 mb,https://nccs-efile.s3.us-east-1.amazonaws.com/public/efile_v2_2/SG-P01-T00-FUNDRAISING-ACTS-2014.CSV
public/efile_v2_2/SG-P01-T00-FUNDRAISING-ACTS-2015.CSV,2026-08-11T15:33:56.000Z,"""626bfc3f395a65bb059dfd3e066def2e""",6979257,STANDARD,nccs-efile,7 mb,https://nccs-efile.s3.us-east-1.amazonaws.com/public/efile_v2_2/SG-P01-T00-FUNDRAISING-ACTS-2015.CSV
public/efile_v2_2/SG-P01-T00-FUNDRAISING-ACTS-2016.CSV,2026-08-11T15:33:57.000Z,"""522918851b14b30b864609a6ed44e3f0""",7191194,STANDARD,nccs-efile,7.2 mb,https://nccs-efile.s3.us-east-1.amazonaws.com/public/efile_v2_2/SG-P01-T00-FUNDRAISING-ACTS-2016.CSV
public/efile_v2_2/SG-P01-T00-FUNDRAISING-ACTS-2017.CSV,2026-08-11T15:33:57.000Z,"""a5431da80f36b58e683ede1422a88739""",7727498,STANDARD,nccs-efile,7.7 mb,https://nccs-efile.s3.us-east-1.amazonaws.com/public/efile_v2_2/SG-P01-T00-FUNDRAISING-ACTS-2017.CSV
public/efile_v2_2/SG-P01-T00-FUNDRAISING-ACTS-2018.CSV,2026-08-11T15:33:57.000Z,"""e129b31c23f58cf8e7548f95b486009b""",7804876,STANDARD,nccs-efile,7.8 mb,https://nccs-efile.s3.us-east-1.amazonaws.com/public/efile_v2_2/SG-P01-T00-FUNDRAISING-ACTS-2018.CSV
public/efile_v2_2/SG-P01-T00-FUNDRAISING-ACTS-2019.CSV,2026-08-11T15:33:57.000Z,"""222f69d148d3805bf28062a76ee4e3ca""",7189127,STANDARD,nccs-efile,7.2 mb,https://nccs-efile.s3.us-east-1.amazonaws.com/public/efile_v2_2/SG-P01-T00-FUNDRAISING-ACTS-2019.CSV
public/efile_v2_2/SG-P01-T00-FUNDRAISING-ACTS-2020.CSV,2026-08-11T15:33:57.000Z,"""2c4af51015fa2b7b918f42c05e9b23bf""",6448102,STANDARD,nccs-efile,6.4 mb,https://nccs-efile.s3.us-east-1.amazonaws.com/public/efile_v2_2/SG-P01-T00-FUNDRAISING-ACTS-2020.CSV
public/efile_v2_2/SG-P01-T00-FUNDRAISING-ACTS-2021.CSV,2026-08-11T15:33:57.000Z,"""3f8f93afb35c0c2c5ea72f99c780fed0""",7212753,STANDARD,nccs-efile,7.2 mb,https://nccs-efile.s3.us-east-1.amazonaws.com/public/efile_v2_2/SG-P01-T00-FUNDRAISING-ACTS-2021.CSV
public/efile_v2_2/SG-P01-T00-FUNDRAISING-ACTS-2022.CSV,2026-08-11T17:08:08.000Z,"""51bd12148ec7e5909b8e746d1c09bf39""",8020029,STANDARD,nccs-efile,8 mb,https://nccs-efile.s3.us-east-1.amazonaws.com/public/efile_v2_2/SG-P01-T00-FUNDRAISING-ACTS-2022.CSV
public/efile_v2_2/SG-P01-T00-FUNDRAISING-ACTS-2023.CSV,2026-08-11T17:08:08.000Z,"""1c782802ad16bdde80541dfbb5065f3d""",8358130,STANDARD,nccs-efile,8.4 mb,https://nccs-efile.s3.us-east-1.amazonaws.com/public/efile_v2_2/SG-P01-T00-FUNDRAISING-ACTS-2023.CSV
public/efile_v2_2/SG-P01-T00-FUNDRAISING-ACTS-2024.CSV,2026-08-11T17:08:08.000Z,"""d9367f90667ed354745569c0ad4526d9""",6229041,STANDARD,nccs-efile,6.2 mb,https://nccs-efile.s3.us-east-1.amazonaws.com/public/efile_v2_2/SG-P01-T00-FUNDRAISING-ACTS-2024.CSV
public/efile_v2_2/SG-P01-T01-FUNDRAISERS-INFO-2009.CSV,2026-08-11T15:33:57.000Z,"""7c40006172d290d366fe97fc313a20f3""",769929,STANDARD,nccs-efile,0.8 mb,https://nccs-efile.s3.us-east-1.amazonaws.com/public/efile_v2_2/SG-P01-T01-FUNDRAISERS-INFO-2009.CSV
public/efile_v2_2/SG-P01-T01-FUNDRAISERS-INFO-2010.CSV,2026-08-11T15:33:57.000Z,"""c93a5d2e7fdb5d65cf7600e4b1c9092b""",1903811,STANDARD,nccs-efile,1.9 mb,https://nccs-efile.s3.us-east-1.amazonaws.com/public/efile_v2_2/SG-P01-T01-FUNDRAISERS-INFO-2010.CSV
public/efile_v2_2/SG-P01-T01-FUNDRAISERS-INFO-2011.CSV,2026-08-11T15:33:57.000Z,"""7625e5e719b6ce3d12d77e32d15992a8""",2351762,STANDARD,nccs-efile,2.4 mb,https://nccs-efile.s3.us-east-1.amazonaws.com/public/efile_v2_2/SG-P01-T01-FUNDRAISERS-INFO-2011.CSV
public/efile_v2_2/SG-P01-T01-FUNDRAISERS-INFO-2012.CSV,2026-08-11T15:33:57.000Z,"""59a2d1cb13fdaf31e60da8e386744fd8""",2681932,STANDARD,nccs-efile,2.7 mb,https://nccs-efile.s3.us-east-1.amazonaws.com/public/efile_v2_2/SG-P01-T01-FUNDRAISERS-INFO-2012.CSV
public/efile_v2_2/SG-P01-T01-FUNDRAISERS-INFO-2013.CSV,2026-08-11T15:33:57.000Z,"""03d4c004c644fa2e7c126455ab9b08a0""",2880408,STANDARD,nccs-efile,2.9 mb,https://nccs-efile.s3.us-east-1.amazonaws.com/public/efile_v2_2/SG-P01-T01-FUNDRAISERS-INFO-2013.CSV
public/efile_v2_2/SG-P01-T01-FUNDRAISERS-INFO-2014.CSV,2026-08-11T15:33:57.000Z,"""5fa0502943ceca06133c1844f351b1a0""",3010358,STANDARD,nccs-efile,3 mb,https://nccs-efile.s3.us-east-1.amazonaws.com/public/efile_v2_2/SG-P01-T01-FUNDRAISERS-INFO-2014.CSV
public/efile_v2_2/SG-P01-T01-FUNDRAISERS-INFO-2015.CSV,2026-08-11T15:33:57.000Z,"""13d521ff4d4f38967f86c58b4d6f0763""",3140070,STANDARD,nccs-efile,3.1 mb,https://nccs-efile.s3.us-east-1.amazonaws.com/public/efile_v2_2/SG-P01-T01-FUNDRAISERS-INFO-2015.CSV
public/efile_v2_2/SG-P01-T01-FUNDRAISERS-INFO-2016.CSV,2026-08-11T15:33:57.000Z,"""981766d3faf2d859089b75e8b4bef3ce""",3169410,STANDARD,nccs-efile,3.2 mb,https://nccs-efile.s3.us-east-1.amazonaws.com/public/efile_v2_2/SG-P01-T01-FUNDRAISERS-INFO-2016.CSV
public/efile_v2_2/SG-P01-T01-FUNDRAISERS-INFO-2017.CSV,2026-08-11T15:33:57.000Z,"""614f29dd4a17729f250448bc2009ddb0""",3376955,STANDARD,nccs-efile,3.4 mb,https://nccs-efile.s3.us-east-1.amazonaws.com/public/efile_v2_2/SG-P01-T01-FUNDRAISERS-INFO-2017.CSV
public/efile_v2_2/SG-P01-T01-FUNDRAISERS-INFO-2018.CSV,2026-08-11T15:33:57.000Z,"""de4684dd61b6623e196be5c8f8b0a44a""",3315813,STANDARD,nccs-efile,3.3 mb,https://nccs-efile.s3.us-east-1.amazonaws.com/public/efile_v2_2/SG-P01-T01-FUNDRAISERS-INFO-2018.CSV
public/efile_v2_2/SG-P01-T01-FUNDRAISERS-INFO-2019.CSV,2026-08-11T15:33:58.000Z,"""797143db0faba5434354db237b7cda33""",3325437,STANDARD,nccs-efile,3.3 mb,https://nccs-efile.s3.us-east-1.amazonaws.com/public/efile_v2_2/SG-P01-T01-FUNDRAISERS-INFO-2019.CSV
public/efile_v2_2/SG-P01-T01-FUNDRAISERS-INFO-2020.CSV,2026-08-11T15:33:58.000Z,"""ec967b8c0356122fe95a866d650dee31""",3554385,STANDARD,nccs-efile,3.6 mb,https://nccs-efile.s3.us-east-1.amazonaws.com/public/efile_v2_2/SG-P01-T01-FUNDRAISERS-INFO-2020.CSV
public/efile_v2_2/SG-P01-T01-FUNDRAISERS-INFO-2021.CSV,2026-08-11T15:33:58.000Z,"""a661d692f5dbacf5bab2692c5d09e0b3""",3530866,STANDARD,nccs-efile,3.5 mb,https://nccs-efile.s3.us-east-1.amazonaws.com/public/efile_v2_2/SG-P01-T01-FUNDRAISERS-INFO-2021.CSV
public/efile_v2_2/SG-P01-T01-FUNDRAISERS-INFO-2022.CSV,2026-08-11T17:08:08.000Z,"""5147427610559318a1121cd0a4e853cc""",3836448,STANDARD,nccs-efile,3.8 mb,https://nccs-efile.s3.us-east-1.amazonaws.com/public/efile_v2_2/SG-P01-T01-FUNDRAISERS-INFO-2022.CSV
public/efile_v2_2/SG-P01-T01-FUNDRAISERS-INFO-2023.CSV,2026-08-11T17:08:08.000Z,"""f910ad8233e1ea7c7ef60391e9b7fd40""",3948045,STANDARD,nccs-efile,3.9 mb,https://nccs-efile.s3.us-east-1.amazonaws.com/public/efile_v2_2/SG-P01-T01-FUNDRAISERS-INFO-2023.CSV
public/efile_v2_2/SG-P01-T01-FUNDRAISERS-INFO-2024.CSV,2026-08-11T17:08:08.000Z,"""0c43755e70b64889beb75d7542307491""",2700189,STANDARD,nccs-efile,2.7 mb,https://nccs-efile.s3.us-east-1.amazonaws.com/public/efile_v2_2/SG-P01-T01-FUNDRAISERS-INFO-2024.CSV
public/efile_v2_2/SG-P02-T00-FUNDRAISING-EVENTS-2009.CSV,2026-08-11T15:33:58.000Z,"""31585e76960434d89730f2de3b88a1a7""",3724163,STANDARD,nccs-efile,3.7 mb,https://nccs-efile.s3.us-east-1.amazonaws.com/public/efile_v2_2/SG-P02-T00-FUNDRAISING-EVENTS-2009.CSV
public/efile_v2_2/SG-P02-T00-FUNDRAISING-EVENTS-2010.CSV,2026-08-11T15:33:58.000Z,"""e0eaf25383e44edb35a97b8ed64f066f-2""",11849424,STANDARD,nccs-efile,11.8 mb,https://nccs-efile.s3.us-east-1.amazonaws.com/public/efile_v2_2/SG-P02-T00-FUNDRAISING-EVENTS-2010.CSV
public/efile_v2_2/SG-P02-T00-FUNDRAISING-EVENTS-2011.CSV,2026-08-11T15:33:58.000Z,"""9136fa1eee486587b4b7684023b3044d-2""",16653032,STANDARD,nccs-efile,16.7 mb,https://nccs-efile.s3.us-east-1.amazonaws.com/public/efile_v2_2/SG-P02-T00-FUNDRAISING-EVENTS-2011.CSV
public/efile_v2_2/SG-P02-T00-FUNDRAISING-EVENTS-2012.CSV,2026-08-11T15:33:58.000Z,"""8166e8989c02dd045ea18be14fa7df4c-3""",18910614,STANDARD,nccs-efile,18.9 mb,https://nccs-efile.s3.us-east-1.amazonaws.com/public/efile_v2_2/SG-P02-T00-FUNDRAISING-EVENTS-2012.CSV
public/efile_v2_2/SG-P02-T00-FUNDRAISING-EVENTS-2013.CSV,2026-08-11T15:33:58.000Z,"""05ff714d091526471666214e88517862""",1916638,STANDARD,nccs-efile,1.9 mb,https://nccs-efile.s3.us-east-1.amazonaws.com/public/efile_v2_2/SG-P02-T00-FUNDRAISING-EVENTS-2013.CSV
public/efile_v2_2/SG-P02-T00-FUNDRAISING-EVENTS-2014.CSV,2026-08-11T15:33:58.000Z,"""51f93590ceac5a3bbb6092e5fc558ec7""",2007857,STANDARD,nccs-efile,2 mb,https://nccs-efile.s3.us-east-1.amazonaws.com/public/efile_v2_2/SG-P02-T00-FUNDRAISING-EVENTS-2014.CSV
public/efile_v2_2/SG-P02-T00-FUNDRAISING-EVENTS-2015.CSV,2026-08-11T15:33:58.000Z,"""4ddf8c5c49f9342c8dd958b797cfe98c""",2138770,STANDARD,nccs-efile,2.1 mb,https://nccs-efile.s3.us-east-1.amazonaws.com/public/efile_v2_2/SG-P02-T00-FUNDRAISING-EVENTS-2015.CSV
public/efile_v2_2/SG-P02-T00-FUNDRAISING-EVENTS-2016.CSV,2026-08-11T15:33:58.000Z,"""dce04367956949c0bb0a2f2d4b150a18""",2180309,STANDARD,nccs-efile,2.2 mb,https://nccs-efile.s3.us-east-1.amazonaws.com/public/efile_v2_2/SG-P02-T00-FUNDRAISING-EVENTS-2016.CSV
public/efile_v2_2/SG-P02-T00-FUNDRAISING-EVENTS-2017.CSV,2026-08-11T15:33:58.000Z,"""1df5b4b2a42d3470ded47f290aa74c28""",2343215,STANDARD,nccs-efile,2.3 mb,https://nccs-efile.s3.us-east-1.amazonaws.com/public/efile_v2_2/SG-P02-T00-FUNDRAISING-EVENTS-2017.CSV
public/efile_v2_2/SG-P02-T00-FUNDRAISING-EVENTS-2018.CSV,2026-08-11T15:33:59.000Z,"""8141c0df410496e6ca33880de0b03f9d""",2538570,STANDARD,nccs-efile,2.5 mb,https://nccs-efile.s3.us-east-1.amazonaws.com/public/efile_v2_2/SG-P02-T00-FUNDRAISING-EVENTS-2018.CSV
public/efile_v2_2/SG-P02-T00-FUNDRAISING-EVENTS-2019.CSV,2026-08-11T15:33:59.000Z,"""63c371e585479f3730e420b8ab46c302""",2423681,STANDARD,nccs-efile,2.4 mb,https://nccs-efile.s3.us-east-1.amazonaws.com/public/efile_v2_2/SG-P02-T00-FUNDRAISING-EVENTS-2019.CSV
public/efile_v2_2/SG-P02-T00-FUNDRAISING-EVENTS-2020.CSV,2026-08-11T15:33:59.000Z,"""37b0ede7bc8ebc97edb3e92bf5796daf""",2147262,STANDARD,nccs-efile,2.1 mb,https://nccs-efile.s3.us-east-1.amazonaws.com/public/efile_v2_2/SG-P02-T00-FUNDRAISING-EVENTS-2020.CSV
public/efile_v2_2/SG-P02-T00-FUNDRAISING-EVENTS-2021.CSV,2026-08-11T15:33:59.000Z,"""669dffd75890b140b2dcf7e7eaadffa3""",3544926,STANDARD,nccs-efile,3.5 mb,https://nccs-efile.s3.us-east-1.amazonaws.com/public/efile_v2_2/SG-P02-T00-FUNDRAISING-EVENTS-2021.CSV
public/efile_v2_2/SG-P02-T00-FUNDRAISING-EVENTS-2022.CSV,2026-08-11T17:08:08.000Z,"""6fe91c535bfddfef058b962d98a36295""",4302257,STANDARD,nccs-efile,4.3 mb,https://nccs-efile.s3.us-east-1.amazonaws.com/public/efile_v2_2/SG-P02-T00-FUNDRAISING-EVENTS-2022.CSV
public/efile_v2_2/SG-P02-T00-FUNDRAISING-EVENTS-2023.CSV,2026-08-11T17:08:08.000Z,"""58b6be2117e5487f16da56cae8d9a4ce""",4776315,STANDARD,nccs-efile,4.8 mb,https://nccs-efile.s3.us-east-1.amazonaws.com/public/efile_v2_2/SG-P02-T00-FUNDRAISING-EVENTS-2023.CSV
public/efile_v2_2/SG-P02-T00-FUNDRAISING-EVENTS-2024.CSV,2026-08-11T17:08:09.000Z,"""96d307a023b2c2cd8af623253491f946""",4065358,STANDARD,nccs-efile,4.1 mb,https://nccs-efile.s3.us-east-1.amazonaws.com/public/efile_v2_2/SG-P02-T00-FUNDRAISING-EVENTS-2024.CSV
public/efile_v2_2/SG-P02-T01-FUNDRAISING-EVENTS-2009.CSV,2026-08-11T15:33:59.000Z,"""3f6aa339514633e8b78a99e6ca2bd080""",5400885,STANDARD,nccs-efile,5.4 mb,https://nccs-efile.s3.us-east-1.amazonaws.com/public/efile_v2_2/SG-P02-T01-FUNDRAISING-EVENTS-2009.CSV
public/efile_v2_2/SG-P02-T01-FUNDRAISING-EVENTS-2010.CSV,2026-08-11T15:33:59.000Z,"""7de7ee03b0b52cd2dd8000da13166f97-3""",17260545,STANDARD,nccs-efile,17.3 mb,https://nccs-efile.s3.us-east-1.amazonaws.com/public/efile_v2_2/SG-P02-T01-FUNDRAISING-EVENTS-2010.CSV
public/efile_v2_2/SG-P02-T01-FUNDRAISING-EVENTS-2011.CSV,2026-08-11T15:33:59.000Z,"""0bb064a85c4008249b9347d88221c4af-3""",24483250,STANDARD,nccs-efile,24.5 mb,https://nccs-efile.s3.us-east-1.amazonaws.com/public/efile_v2_2/SG-P02-T01-FUNDRAISING-EVENTS-2011.CSV
public/efile_v2_2/SG-P02-T01-FUNDRAISING-EVENTS-2012.CSV,2026-08-11T15:33:59.000Z,"""61aebdf1cec1822a09d5c640a8520874-4""",27784091,STANDARD,nccs-efile,27.8 mb,https://nccs-efile.s3.us-east-1.amazonaws.com/public/efile_v2_2/SG-P02-T01-FUNDRAISING-EVENTS-2012.CSV
public/efile_v2_2/SG-P02-T01-FUNDRAISING-EVENTS-2013.CSV,2026-08-11T15:33:59.000Z,"""36753226a07eb1f3c52287e7e811a8f9-4""",30903994,STANDARD,nccs-efile,30.9 mb,https://nccs-efile.s3.us-east-1.amazonaws.com/public/efile_v2_2/SG-P02-T01-FUNDRAISING-EVENTS-2013.CSV
public/efile_v2_2/SG-P02-T01-FUNDRAISING-EVENTS-2014.CSV,2026-08-11T15:34:00.000Z,"""aef230d4c2fe731af5e78e12800b6c67-5""",34324521,STANDARD,nccs-efile,34.3 mb,https://nccs-efile.s3.us-east-1.amazonaws.com/public/efile_v2_2/SG-P02-T01-FUNDRAISING-EVENTS-2014.CSV
public/efile_v2_2/SG-P02-T01-FUNDRAISING-EVENTS-2015.CSV,2026-08-11T15:34:00.000Z,"""d3c7c13d8c48fa6e3730d03671524e8d-5""",36757533,STANDARD,nccs-efile,36.8 mb,https://nccs-efile.s3.us-east-1.amazonaws.com/public/efile_v2_2/SG-P02-T01-FUNDRAISING-EVENTS-2015.CSV
public/efile_v2_2/SG-P02-T01-FUNDRAISING-EVENTS-2016.CSV,2026-08-11T15:34:00.000Z,"""7758fba4a200b25a1920f5bbd041a413-5""",37861858,STANDARD,nccs-efile,37.9 mb,https://nccs-efile.s3.us-east-1.amazonaws.com/public/efile_v2_2/SG-P02-T01-FUNDRAISING-EVENTS-2016.CSV
public/efile_v2_2/SG-P02-T01-FUNDRAISING-EVENTS-2017.CSV,2026-08-11T15:34:00.000Z,"""15c6dfb358ceb67186022195ab7035f3-5""",40913815,STANDARD,nccs-efile,40.9 mb,https://nccs-efile.s3.us-east-1.amazonaws.com/public/efile_v2_2/SG-P02-T01-FUNDRAISING-EVENTS-2017.CSV
public/efile_v2_2/SG-P02-T01-FUNDRAISING-EVENTS-2018.CSV,2026-08-11T15:34:01.000Z,"""7b789f0f579445d85c43c94ce1473010-6""",42095467,STANDARD,nccs-efile,42.1 mb,https://nccs-efile.s3.us-east-1.amazonaws.com/public/efile_v2_2/SG-P02-T01-FUNDRAISING-EVENTS-2018.CSV
public/efile_v2_2/SG-P02-T01-FUNDRAISING-EVENTS-2019.CSV,2026-08-11T15:34:01.000Z,"""c58b4761fa63f6a50736ec859849254f-5""",39864113,STANDARD,nccs-efile,39.9 mb,https://nccs-efile.s3.us-east-1.amazonaws.com/public/efile_v2_2/SG-P02-T01-FUNDRAISING-EVENTS-2019.CSV
public/efile_v2_2/SG-P02-T01-FUNDRAISING-EVENTS-2020.CSV,2026-08-11T15:34:01.000Z,"""d3eab0f538d02e7ae63ee91797d7514e-4""",32536961,STANDARD,nccs-efile,32.5 mb,https://nccs-efile.s3.us-east-1.amazonaws.com/public/efile_v2_2/SG-P02-T01-FUNDRAISING-EVENTS-2020.CSV
public/efile_v2_2/SG-P02-T01-FUNDRAISING-EVENTS-2021.CSV,2026-08-11T15:34:02.000Z,"""ee1b00860476843fd9075abf28e1a445-5""",39624575,STANDARD,nccs-efile,39.6 mb,https://nccs-efile.s3.us-east-1.amazonaws.com/public/efile_v2_2/SG-P02-T01-FUNDRAISING-EVENTS-2021.CSV
public/efile_v2_2/SG-P02-T01-FUNDRAISING-EVENTS-2022.CSV,2026-08-11T17:08:08.000Z,"""1683733ea14a792f2813a866f0eadcc9-6""",45221036,STANDARD,nccs-efile,45.2 mb,https://nccs-efile.s3.us-east-1.amazonaws.com/public/efile_v2_2/SG-P02-T01-FUNDRAISING-EVENTS-2022.CSV
public/efile_v2_2/SG-P02-T01-FUNDRAISING-EVENTS-2023.CSV,2026-08-11T17:08:09.000Z,"""ad279512a0c607769d5fa6c5dc33ebae-6""",47477077,STANDARD,nccs-efile,47.5 mb,https://nccs-efile.s3.us-east-1.amazonaws.com/public/efile_v2_2/SG-P02-T01-FUNDRAISING-EVENTS-2023.CSV
public/efile_v2_2/SG-P02-T01-FUNDRAISING-EVENTS-2024.CSV,2026-08-11T17:08:09.000Z,"""64cdaa68091c102a2e24e2e292f59fcf-5""",37132510,STANDARD,nccs-efile,37.1 mb,https://nccs-efile.s3.us-east-1.amazonaws.com/public/efile_v2_2/SG-P02-T01-FUNDRAISING-EVENTS-2024.CSV
public/efile_v2_2/SG-P03-T00-GAMING-2009.CSV,2026-08-11T15:34:02.000Z,"""672e30b0c7427c59a64ff9ff9bab4ac7""",934754,STANDARD,nccs-efile,0.9 mb,https://nccs-efile.s3.us-east-1.amazonaws.com/public/efile_v2_2/SG-P03-T00-GAMING-2009.CSV
public/efile_v2_2/SG-P03-T00-GAMING-2010.CSV,2026-08-11T15:34:02.000Z,"""a6aae9d6b10b8156ad138b6336fae789""",3192118,STANDARD,nccs-efile,3.2 mb,https://nccs-efile.s3.us-east-1.amazonaws.com/public/efile_v2_2/SG-P03-T00-GAMING-2010.CSV
public/efile_v2_2/SG-P03-T00-GAMING-2011.CSV,2026-08-11T15:34:02.000Z,"""eb3417dfa89c13e48829c3c438b49773""",4096800,STANDARD,nccs-efile,4.1 mb,https://nccs-efile.s3.us-east-1.amazonaws.com/public/efile_v2_2/SG-P03-T00-GAMING-2011.CSV
public/efile_v2_2/SG-P03-T00-GAMING-2012.CSV,2026-08-11T15:34:02.000Z,"""82db463489f790cb4ea4ee1d254f6127""",4650186,STANDARD,nccs-efile,4.7 mb,https://nccs-efile.s3.us-east-1.amazonaws.com/public/efile_v2_2/SG-P03-T00-GAMING-2012.CSV
public/efile_v2_2/SG-P03-T00-GAMING-2013.CSV,2026-08-11T15:34:02.000Z,"""2b4f9b755b6808f5079fa77d44ceba6c""",5284656,STANDARD,nccs-efile,5.3 mb,https://nccs-efile.s3.us-east-1.amazonaws.com/public/efile_v2_2/SG-P03-T00-GAMING-2013.CSV
public/efile_v2_2/SG-P03-T00-GAMING-2014.CSV,2026-08-11T15:34:02.000Z,"""4b848d1f29c9f96f8b7cacd55cfce179""",5776167,STANDARD,nccs-efile,5.8 mb,https://nccs-efile.s3.us-east-1.amazonaws.com/public/efile_v2_2/SG-P03-T00-GAMING-2014.CSV
public/efile_v2_2/SG-P03-T00-GAMING-2015.CSV,2026-08-11T15:34:02.000Z,"""32b6efbe340c5122ab310aa73910b5a7""",6542260,STANDARD,nccs-efile,6.5 mb,https://nccs-efile.s3.us-east-1.amazonaws.com/public/efile_v2_2/SG-P03-T00-GAMING-2015.CSV
public/efile_v2_2/SG-P03-T00-GAMING-2016.CSV,2026-08-11T15:34:02.000Z,"""e15a6cd8f18c4d33f1a4912781d3225a""",6457267,STANDARD,nccs-efile,6.5 mb,https://nccs-efile.s3.us-east-1.amazonaws.com/public/efile_v2_2/SG-P03-T00-GAMING-2016.CSV
public/efile_v2_2/SG-P03-T00-GAMING-2017.CSV,2026-08-11T15:34:03.000Z,"""9f1e10b2519a10ed37dd7d00a5793a71""",6871223,STANDARD,nccs-efile,6.9 mb,https://nccs-efile.s3.us-east-1.amazonaws.com/public/efile_v2_2/SG-P03-T00-GAMING-2017.CSV
public/efile_v2_2/SG-P03-T00-GAMING-2018.CSV,2026-08-11T15:34:03.000Z,"""d47f7caf3689258594c8108fda68dc65""",7145982,STANDARD,nccs-efile,7.1 mb,https://nccs-efile.s3.us-east-1.amazonaws.com/public/efile_v2_2/SG-P03-T00-GAMING-2018.CSV
public/efile_v2_2/SG-P03-T00-GAMING-2019.CSV,2026-08-11T15:34:03.000Z,"""8f2c80c1fef76ceb90b48d8d703d24b5""",7251957,STANDARD,nccs-efile,7.3 mb,https://nccs-efile.s3.us-east-1.amazonaws.com/public/efile_v2_2/SG-P03-T00-GAMING-2019.CSV
public/efile_v2_2/SG-P03-T00-GAMING-2020.CSV,2026-08-11T15:34:03.000Z,"""970f682dda27a61eadc26b4551cc0607""",7768768,STANDARD,nccs-efile,7.8 mb,https://nccs-efile.s3.us-east-1.amazonaws.com/public/efile_v2_2/SG-P03-T00-GAMING-2020.CSV
public/efile_v2_2/SG-P03-T00-GAMING-2021.CSV,2026-08-11T15:34:03.000Z,"""63280c7f834bc86cfedea288db3eb2e0-2""",8688418,STANDARD,nccs-efile,8.7 mb,https://nccs-efile.s3.us-east-1.amazonaws.com/public/efile_v2_2/SG-P03-T00-GAMING-2021.CSV
public/efile_v2_2/SG-P03-T00-GAMING-2022.CSV,2026-08-11T17:08:10.000Z,"""4b694388e6a9364511c7c331f62aad03-2""",9270831,STANDARD,nccs-efile,9.3 mb,https://nccs-efile.s3.us-east-1.amazonaws.com/public/efile_v2_2/SG-P03-T00-GAMING-2022.CSV
public/efile_v2_2/SG-P03-T00-GAMING-2023.CSV,2026-08-11T17:08:10.000Z,"""6c097841f7e466028cb1587988ec941b-2""",9638762,STANDARD,nccs-efile,9.6 mb,https://nccs-efile.s3.us-east-1.amazonaws.com/public/efile_v2_2/SG-P03-T00-GAMING-2023.CSV
public/efile_v2_2/SG-P03-T00-GAMING-2024.CSV,2026-08-11T17:08:10.000Z,"""f638dc4caa557f5d725fa66e6a520d15""",7699072,STANDARD,nccs-efile,7.7 mb,https://nccs-efile.s3.us-east-1.amazonaws.com/public/efile_v2_2/SG-P03-T00-GAMING-2024.CSV
public/efile_v2_2/SH-P01-T00-FAP-COMMUNITY-BENEFIT-POLICY-2009.CSV,2026-08-11T15:34:03.000Z,"""207b6e55e83061fdbc46e315b04f1883""",1067301,STANDARD,nccs-efile,1.1 mb,https://nccs-efile.s3.us-east-1.amazonaws.com/public/efile_v2_2/SH-P01-T00-FAP-COMMUNITY-BENEFIT-POLICY-2009.CSV
public/efile_v2_2/SH-P01-T00-FAP-COMMUNITY-BENEFIT-POLICY-2010.CSV,2026-08-11T15:34:03.000Z,"""972894deb2f25e5f139c6a4ea5e7561a""",1683599,STANDARD,nccs-efile,1.7 mb,https://nccs-efile.s3.us-east-1.amazonaws.com/public/efile_v2_2/SH-P01-T00-FAP-COMMUNITY-BENEFIT-POLICY-2010.CSV
public/efile_v2_2/SH-P01-T00-FAP-COMMUNITY-BENEFIT-POLICY-2011.CSV,2026-08-11T15:34:03.000Z,"""8eed498b674084fef079ab5a62e3c118""",1688188,STANDARD,nccs-efile,1.7 mb,https://nccs-efile.s3.us-east-1.amazonaws.com/public/efile_v2_2/SH-P01-T00-FAP-COMMUNITY-BENEFIT-POLICY-2011.CSV
public/efile_v2_2/SH-P01-T00-FAP-COMMUNITY-BENEFIT-POLICY-2012.CSV,2026-08-11T15:34:03.000Z,"""0cda4abdc8612131a408171dfb134d13""",1678377,STANDARD,nccs-efile,1.7 mb,https://nccs-efile.s3.us-east-1.amazonaws.com/public/efile_v2_2/SH-P01-T00-FAP-COMMUNITY-BENEFIT-POLICY-2012.CSV
public/efile_v2_2/SH-P01-T00-FAP-COMMUNITY-BENEFIT-POLICY-2013.CSV,2026-08-11T15:34:04.000Z,"""317aaae41c3e2e41b90aeb3a84d64f5f""",1668675,STANDARD,nccs-efile,1.7 mb,https://nccs-efile.s3.us-east-1.amazonaws.com/public/efile_v2_2/SH-P01-T00-FAP-COMMUNITY-BENEFIT-POLICY-2013.CSV
public/efile_v2_2/SH-P01-T00-FAP-COMMUNITY-BENEFIT-POLICY-2014.CSV,2026-08-11T15:34:04.000Z,"""72235889718c455af88208907b55080c""",1652489,STANDARD,nccs-efile,1.7 mb,https://nccs-efile.s3.us-east-1.amazonaws.com/public/efile_v2_2/SH-P01-T00-FAP-COMMUNITY-BENEFIT-POLICY-2014.CSV
public/efile_v2_2/SH-P01-T00-FAP-COMMUNITY-BENEFIT-POLICY-2015.CSV,2026-08-11T15:34:04.000Z,"""c558a0ceda38ee69a56984a3958346eb""",1635106,STANDARD,nccs-efile,1.6 mb,https://nccs-efile.s3.us-east-1.amazonaws.com/public/efile_v2_2/SH-P01-T00-FAP-COMMUNITY-BENEFIT-POLICY-2015.CSV
public/efile_v2_2/SH-P01-T00-FAP-COMMUNITY-BENEFIT-POLICY-2016.CSV,2026-08-11T15:34:04.000Z,"""1bb72d91743087eb617e9431a0d6522b""",1590161,STANDARD,nccs-efile,1.6 mb,https://nccs-efile.s3.us-east-1.amazonaws.com/public/efile_v2_2/SH-P01-T00-FAP-COMMUNITY-BENEFIT-POLICY-2016.CSV
public/efile_v2_2/SH-P01-T00-FAP-COMMUNITY-BENEFIT-POLICY-2017.CSV,2026-08-11T15:34:04.000Z,"""3b4f7c1274809c8165a595730972f495""",1648838,STANDARD,nccs-efile,1.6 mb,https://nccs-efile.s3.us-east-1.amazonaws.com/public/efile_v2_2/SH-P01-T00-FAP-COMMUNITY-BENEFIT-POLICY-2017.CSV
public/efile_v2_2/SH-P01-T00-FAP-COMMUNITY-BENEFIT-POLICY-2018.CSV,2026-08-11T15:34:04.000Z,"""03b9c2e0eb9212ca865a120f09d2f422""",1593802,STANDARD,nccs-efile,1.6 mb,https://nccs-efile.s3.us-east-1.amazonaws.com/public/efile_v2_2/SH-P01-T00-FAP-COMMUNITY-BENEFIT-POLICY-2018.CSV
public/efile_v2_2/SH-P01-T00-FAP-COMMUNITY-BENEFIT-POLICY-2019.CSV,2026-08-11T15:34:04.000Z,"""9a48617a7227a98054be64a33968d926""",1577381,STANDARD,nccs-efile,1.6 mb,https://nccs-efile.s3.us-east-1.amazonaws.com/public/efile_v2_2/SH-P01-T00-FAP-COMMUNITY-BENEFIT-POLICY-2019.CSV
public/efile_v2_2/SH-P01-T00-FAP-COMMUNITY-BENEFIT-POLICY-2020.CSV,2026-08-11T15:34:04.000Z,"""6ff6b681d561f4ce3224f57dd3e43bb6""",1659506,STANDARD,nccs-efile,1.7 mb,https://nccs-efile.s3.us-east-1.amazonaws.com/public/efile_v2_2/SH-P01-T00-FAP-COMMUNITY-BENEFIT-POLICY-2020.CSV
public/efile_v2_2/SH-P01-T00-FAP-COMMUNITY-BENEFIT-POLICY-2021.CSV,2026-08-11T15:34:04.000Z,"""817bb7371d4427c11caca41eb39d9709""",1582492,STANDARD,nccs-efile,1.6 mb,https://nccs-efile.s3.us-east-1.amazonaws.com/public/efile_v2_2/SH-P01-T00-FAP-COMMUNITY-BENEFIT-POLICY-2021.CSV
public/efile_v2_2/SH-P01-T00-FAP-COMMUNITY-BENEFIT-POLICY-2022.CSV,2026-08-11T17:08:10.000Z,"""9e87a25d998064850b6f5a4b5f53be20""",1601338,STANDARD,nccs-efile,1.6 mb,https://nccs-efile.s3.us-east-1.amazonaws.com/public/efile_v2_2/SH-P01-T00-FAP-COMMUNITY-BENEFIT-POLICY-2022.CSV
public/efile_v2_2/SH-P01-T00-FAP-COMMUNITY-BENEFIT-POLICY-2023.CSV,2026-08-11T17:08:10.000Z,"""2c483c4b9be92d8ed09e21f5baad93f0""",1570634,STANDARD,nccs-efile,1.6 mb,https://nccs-efile.s3.us-east-1.amazonaws.com/public/efile_v2_2/SH-P01-T00-FAP-COMMUNITY-BENEFIT-POLICY-2023.CSV
public/efile_v2_2/SH-P01-T00-FAP-COMMUNITY-BENEFIT-POLICY-2024.CSV,2026-08-11T17:08:10.000Z,"""a69f5e4b4b34b007a7ff55a9a3ac3675""",671081,STANDARD,nccs-efile,0.7 mb,https://nccs-efile.s3.us-east-1.amazonaws.com/public/efile_v2_2/SH-P01-T00-FAP-COMMUNITY-BENEFIT-POLICY-2024.CSV
public/efile_v2_2/SH-P02-T00-FAP-COMMUNITY-BENEFIT-POLICY-2009.CSV,2026-08-11T15:34:04.000Z,"""39f0f5d5eda834b3cd7d91aa2c1c16a9""",396859,STANDARD,nccs-efile,0.4 mb,https://nccs-efile.s3.us-east-1.amazonaws.com/public/efile_v2_2/SH-P02-T00-FAP-COMMUNITY-BENEFIT-POLICY-2009.CSV
public/efile_v2_2/SH-P02-T00-FAP-COMMUNITY-BENEFIT-POLICY-2010.CSV,2026-08-11T15:34:04.000Z,"""e816f050416a37d9fa8b96a81d1ac88f""",662486,STANDARD,nccs-efile,0.7 mb,https://nccs-efile.s3.us-east-1.amazonaws.com/public/efile_v2_2/SH-P02-T00-FAP-COMMUNITY-BENEFIT-POLICY-2010.CSV
public/efile_v2_2/SH-P02-T00-FAP-COMMUNITY-BENEFIT-POLICY-2011.CSV,2026-08-11T15:34:04.000Z,"""19939cd867f86b15eab831d05702ef30""",666946,STANDARD,nccs-efile,0.7 mb,https://nccs-efile.s3.us-east-1.amazonaws.com/public/efile_v2_2/SH-P02-T00-FAP-COMMUNITY-BENEFIT-POLICY-2011.CSV
public/efile_v2_2/SH-P02-T00-FAP-COMMUNITY-BENEFIT-POLICY-2012.CSV,2026-08-11T15:34:04.000Z,"""9bf4dfdef74afb6b1d13c45f7166ebdf""",676030,STANDARD,nccs-efile,0.7 mb,https://nccs-efile.s3.us-east-1.amazonaws.com/public/efile_v2_2/SH-P02-T00-FAP-COMMUNITY-BENEFIT-POLICY-2012.CSV
public/efile_v2_2/SH-P02-T00-FAP-COMMUNITY-BENEFIT-POLICY-2013.CSV,2026-08-11T15:34:04.000Z,"""23274b19d393d3cb809eed5927a708f1""",671435,STANDARD,nccs-efile,0.7 mb,https://nccs-efile.s3.us-east-1.amazonaws.com/public/efile_v2_2/SH-P02-T00-FAP-COMMUNITY-BENEFIT-POLICY-2013.CSV
public/efile_v2_2/SH-P02-T00-FAP-COMMUNITY-BENEFIT-POLICY-2014.CSV,2026-08-11T15:34:04.000Z,"""1a65287529ad61dd95e803cbf2ee6fcb""",648312,STANDARD,nccs-efile,0.6 mb,https://nccs-efile.s3.us-east-1.amazonaws.com/public/efile_v2_2/SH-P02-T00-FAP-COMMUNITY-BENEFIT-POLICY-2014.CSV
public/efile_v2_2/SH-P02-T00-FAP-COMMUNITY-BENEFIT-POLICY-2015.CSV,2026-08-11T15:34:04.000Z,"""59d2d9bb02d4e9e0dc30eae5da528143""",648942,STANDARD,nccs-efile,0.6 mb,https://nccs-efile.s3.us-east-1.amazonaws.com/public/efile_v2_2/SH-P02-T00-FAP-COMMUNITY-BENEFIT-POLICY-2015.CSV
public/efile_v2_2/SH-P02-T00-FAP-COMMUNITY-BENEFIT-POLICY-2016.CSV,2026-08-11T15:34:05.000Z,"""a020bca32a7ded6d9917fab3144ebfd5""",626005,STANDARD,nccs-efile,0.6 mb,https://nccs-efile.s3.us-east-1.amazonaws.com/public/efile_v2_2/SH-P02-T00-FAP-COMMUNITY-BENEFIT-POLICY-2016.CSV
public/efile_v2_2/SH-P02-T00-FAP-COMMUNITY-BENEFIT-POLICY-2017.CSV,2026-08-11T15:34:05.000Z,"""ba98708acb8caa040ef0accbf800b9b8""",640181,STANDARD,nccs-efile,0.6 mb,https://nccs-efile.s3.us-east-1.amazonaws.com/public/efile_v2_2/SH-P02-T00-FAP-COMMUNITY-BENEFIT-POLICY-2017.CSV
public/efile_v2_2/SH-P02-T00-FAP-COMMUNITY-BENEFIT-POLICY-2018.CSV,2026-08-11T15:34:05.000Z,"""5c7dd9c56a5871bb415a054a04dc8401""",611656,STANDARD,nccs-efile,0.6 mb,https://nccs-efile.s3.us-east-1.amazonaws.com/public/efile_v2_2/SH-P02-T00-FAP-COMMUNITY-BENEFIT-POLICY-2018.CSV
public/efile_v2_2/SH-P02-T00-FAP-COMMUNITY-BENEFIT-POLICY-2019.CSV,2026-08-11T15:34:05.000Z,"""6ef84b78624d1fd06aa0f33fe6cbc2df""",595409,STANDARD,nccs-efile,0.6 mb,https://nccs-efile.s3.us-east-1.amazonaws.com/public/efile_v2_2/SH-P02-T00-FAP-COMMUNITY-BENEFIT-POLICY-2019.CSV
public/efile_v2_2/SH-P02-T00-FAP-COMMUNITY-BENEFIT-POLICY-2020.CSV,2026-08-11T15:34:05.000Z,"""f5878d2561226713936b1b73297b7c2d""",592451,STANDARD,nccs-efile,0.6 mb,https://nccs-efile.s3.us-east-1.amazonaws.com/public/efile_v2_2/SH-P02-T00-FAP-COMMUNITY-BENEFIT-POLICY-2020.CSV
public/efile_v2_2/SH-P02-T00-FAP-COMMUNITY-BENEFIT-POLICY-2021.CSV,2026-08-11T15:34:05.000Z,"""b30d0ab988e459c1253a03ebae8e70c0""",600499,STANDARD,nccs-efile,0.6 mb,https://nccs-efile.s3.us-east-1.amazonaws.com/public/efile_v2_2/SH-P02-T00-FAP-COMMUNITY-BENEFIT-POLICY-2021.CSV
public/efile_v2_2/SH-P02-T00-FAP-COMMUNITY-BENEFIT-POLICY-2022.CSV,2026-08-11T17:08:10.000Z,"""40b68114b0b4512e6a06555eef1ebbe6""",630507,STANDARD,nccs-efile,0.6 mb,https://nccs-efile.s3.us-east-1.amazonaws.com/public/efile_v2_2/SH-P02-T00-FAP-COMMUNITY-BENEFIT-POLICY-2022.CSV
public/efile_v2_2/SH-P02-T00-FAP-COMMUNITY-BENEFIT-POLICY-2023.CSV,2026-08-11T17:08:10.000Z,"""6ebb17344941c0f70cb48371328158e2""",674914,STANDARD,nccs-efile,0.7 mb,https://nccs-efile.s3.us-east-1.amazonaws.com/public/efile_v2_2/SH-P02-T00-FAP-COMMUNITY-BENEFIT-POLICY-2023.CSV
public/efile_v2_2/SH-P02-T00-FAP-COMMUNITY-BENEFIT-POLICY-2024.CSV,2026-08-11T17:08:10.000Z,"""2dbf4d419e3165fe2903edc548726cac""",268747,STANDARD,nccs-efile,0.3 mb,https://nccs-efile.s3.us-east-1.amazonaws.com/public/efile_v2_2/SH-P02-T00-FAP-COMMUNITY-BENEFIT-POLICY-2024.CSV
public/efile_v2_2/SH-P03-T00-FAP-COMMUNITY-BENEFIT-POLICY-2009.CSV,2026-08-11T15:34:05.000Z,"""a91de3a6ae53b42ac0ae15bdbcee562b""",483010,STANDARD,nccs-efile,0.5 mb,https://nccs-efile.s3.us-east-1.amazonaws.com/public/efile_v2_2/SH-P03-T00-FAP-COMMUNITY-BENEFIT-POLICY-2009.CSV
public/efile_v2_2/SH-P03-T00-FAP-COMMUNITY-BENEFIT-POLICY-2010.CSV,2026-08-11T15:34:05.000Z,"""22b47e7969ec0d50592286d45013e187""",792811,STANDARD,nccs-efile,0.8 mb,https://nccs-efile.s3.us-east-1.amazonaws.com/public/efile_v2_2/SH-P03-T00-FAP-COMMUNITY-BENEFIT-POLICY-2010.CSV
public/efile_v2_2/SH-P03-T00-FAP-COMMUNITY-BENEFIT-POLICY-2011.CSV,2026-08-11T15:34:05.000Z,"""00cc514f0a321118a04b0e568288270e""",794445,STANDARD,nccs-efile,0.8 mb,https://nccs-efile.s3.us-east-1.amazonaws.com/public/efile_v2_2/SH-P03-T00-FAP-COMMUNITY-BENEFIT-POLICY-2011.CSV
public/efile_v2_2/SH-P03-T00-FAP-COMMUNITY-BENEFIT-POLICY-2012.CSV,2026-08-11T15:34:05.000Z,"""ba33ac2c043b7d0a1ad94553044c1541""",789817,STANDARD,nccs-efile,0.8 mb,https://nccs-efile.s3.us-east-1.amazonaws.com/public/efile_v2_2/SH-P03-T00-FAP-COMMUNITY-BENEFIT-POLICY-2012.CSV
public/efile_v2_2/SH-P03-T00-FAP-COMMUNITY-BENEFIT-POLICY-2013.CSV,2026-08-11T15:34:05.000Z,"""60fadc4558f40ae78c054ff20dc3a204""",785178,STANDARD,nccs-efile,0.8 mb,https://nccs-efile.s3.us-east-1.amazonaws.com/public/efile_v2_2/SH-P03-T00-FAP-COMMUNITY-BENEFIT-POLICY-2013.CSV
public/efile_v2_2/SH-P03-T00-FAP-COMMUNITY-BENEFIT-POLICY-2014.CSV,2026-08-11T15:34:05.000Z,"""7db585a9575a00d5e001039cd2b16f81""",780339,STANDARD,nccs-efile,0.8 mb,https://nccs-efile.s3.us-east-1.amazonaws.com/public/efile_v2_2/SH-P03-T00-FAP-COMMUNITY-BENEFIT-POLICY-2014.CSV
public/efile_v2_2/SH-P03-T00-FAP-COMMUNITY-BENEFIT-POLICY-2015.CSV,2026-08-11T15:34:05.000Z,"""5765996dea6caefde2dbc63b73d30b23""",772187,STANDARD,nccs-efile,0.8 mb,https://nccs-efile.s3.us-east-1.amazonaws.com/public/efile_v2_2/SH-P03-T00-FAP-COMMUNITY-BENEFIT-POLICY-2015.CSV
public/efile_v2_2/SH-P03-T00-FAP-COMMUNITY-BENEFIT-POLICY-2016.CSV,2026-08-11T15:34:05.000Z,"""4af7cfdbd392e08359f7dc62f73a4323""",750621,STANDARD,nccs-efile,0.8 mb,https://nccs-efile.s3.us-east-1.amazonaws.com/public/efile_v2_2/SH-P03-T00-FAP-COMMUNITY-BENEFIT-POLICY-2016.CSV
public/efile_v2_2/SH-P03-T00-FAP-COMMUNITY-BENEFIT-POLICY-2017.CSV,2026-08-11T15:34:05.000Z,"""3b4698778e1663d03a22624a04d20bac""",779280,STANDARD,nccs-efile,0.8 mb,https://nccs-efile.s3.us-east-1.amazonaws.com/public/efile_v2_2/SH-P03-T00-FAP-COMMUNITY-BENEFIT-POLICY-2017.CSV
public/efile_v2_2/SH-P03-T00-FAP-COMMUNITY-BENEFIT-POLICY-2018.CSV,2026-08-11T15:34:05.000Z,"""7068902081af5a27d19a7ef64a6fb79a""",751389,STANDARD,nccs-efile,0.8 mb,https://nccs-efile.s3.us-east-1.amazonaws.com/public/efile_v2_2/SH-P03-T00-FAP-COMMUNITY-BENEFIT-POLICY-2018.CSV
public/efile_v2_2/SH-P03-T00-FAP-COMMUNITY-BENEFIT-POLICY-2019.CSV,2026-08-11T15:34:05.000Z,"""190212a7eb7a2a2cf61005e784440ffc""",742889,STANDARD,nccs-efile,0.7 mb,https://nccs-efile.s3.us-east-1.amazonaws.com/public/efile_v2_2/SH-P03-T00-FAP-COMMUNITY-BENEFIT-POLICY-2019.CSV
public/efile_v2_2/SH-P03-T00-FAP-COMMUNITY-BENEFIT-POLICY-2020.CSV,2026-08-11T15:34:06.000Z,"""a042224b3ec35b28be323444b17b0530""",783736,STANDARD,nccs-efile,0.8 mb,https://nccs-efile.s3.us-east-1.amazonaws.com/public/efile_v2_2/SH-P03-T00-FAP-COMMUNITY-BENEFIT-POLICY-2020.CSV
public/efile_v2_2/SH-P03-T00-FAP-COMMUNITY-BENEFIT-POLICY-2021.CSV,2026-08-11T15:34:06.000Z,"""84c3b20d308054b6a46cbc6d013004d4""",746693,STANDARD,nccs-efile,0.7 mb,https://nccs-efile.s3.us-east-1.amazonaws.com/public/efile_v2_2/SH-P03-T00-FAP-COMMUNITY-BENEFIT-POLICY-2021.CSV
public/efile_v2_2/SH-P03-T00-FAP-COMMUNITY-BENEFIT-POLICY-2022.CSV,2026-08-11T17:08:11.000Z,"""1ab4e31c7f814cfc2ebafca5700373fa""",755023,STANDARD,nccs-efile,0.8 mb,https://nccs-efile.s3.us-east-1.amazonaws.com/public/efile_v2_2/SH-P03-T00-FAP-COMMUNITY-BENEFIT-POLICY-2022.CSV
public/efile_v2_2/SH-P03-T00-FAP-COMMUNITY-BENEFIT-POLICY-2023.CSV,2026-08-11T17:08:11.000Z,"""2d9b4f79191d62009dca7d7f0cb85f9d""",742024,STANDARD,nccs-efile,0.7 mb,https://nccs-efile.s3.us-east-1.amazonaws.com/public/efile_v2_2/SH-P03-T00-FAP-COMMUNITY-BENEFIT-POLICY-2023.CSV
public/efile_v2_2/SH-P03-T00-FAP-COMMUNITY-BENEFIT-POLICY-2024.CSV,2026-08-11T17:08:11.000Z,"""69832dee8e3831cf00480cefadc8c080""",314719,STANDARD,nccs-efile,0.3 mb,https://nccs-efile.s3.us-east-1.amazonaws.com/public/efile_v2_2/SH-P03-T00-FAP-COMMUNITY-BENEFIT-POLICY-2024.CSV
public/efile_v2_2/SH-P04-T01-COMPANY-JOINT-VENTURES-2009.CSV,2026-08-11T15:34:06.000Z,"""4aaf2e8d7c9e9a228b0f98f9cac95444""",266069,STANDARD,nccs-efile,0.3 mb,https://nccs-efile.s3.us-east-1.amazonaws.com/public/efile_v2_2/SH-P04-T01-COMPANY-JOINT-VENTURES-2009.CSV
public/efile_v2_2/SH-P04-T01-COMPANY-JOINT-VENTURES-2010.CSV,2026-08-11T15:34:06.000Z,"""2cb52b8c02cc6847cbb9a47eb64ec322""",472012,STANDARD,nccs-efile,0.5 mb,https://nccs-efile.s3.us-east-1.amazonaws.com/public/efile_v2_2/SH-P04-T01-COMPANY-JOINT-VENTURES-2010.CSV
public/efile_v2_2/SH-P04-T01-COMPANY-JOINT-VENTURES-2011.CSV,2026-08-11T15:34:06.000Z,"""ba54290c1c7493e400b48ffd9f41d77a""",479205,STANDARD,nccs-efile,0.5 mb,https://nccs-efile.s3.us-east-1.amazonaws.com/public/efile_v2_2/SH-P04-T01-COMPANY-JOINT-VENTURES-2011.CSV
public/efile_v2_2/SH-P04-T01-COMPANY-JOINT-VENTURES-2012.CSV,2026-08-11T15:34:06.000Z,"""fef63f3e21403a6b5f0074146dd43997""",483629,STANDARD,nccs-efile,0.5 mb,https://nccs-efile.s3.us-east-1.amazonaws.com/public/efile_v2_2/SH-P04-T01-COMPANY-JOINT-VENTURES-2012.CSV
public/efile_v2_2/SH-P04-T01-COMPANY-JOINT-VENTURES-2013.CSV,2026-08-11T15:34:06.000Z,"""ea61856d96bdc7abc108b3dc008576ab""",459045,STANDARD,nccs-efile,0.5 mb,https://nccs-efile.s3.us-east-1.amazonaws.com/public/efile_v2_2/SH-P04-T01-COMPANY-JOINT-VENTURES-2013.CSV
public/efile_v2_2/SH-P04-T01-COMPANY-JOINT-VENTURES-2014.CSV,2026-08-11T15:34:06.000Z,"""bb832647107b5b85d4780210211813d8""",451289,STANDARD,nccs-efile,0.5 mb,https://nccs-efile.s3.us-east-1.amazonaws.com/public/efile_v2_2/SH-P04-T01-COMPANY-JOINT-VENTURES-2014.CSV
public/efile_v2_2/SH-P04-T01-COMPANY-JOINT-VENTURES-2015.CSV,2026-08-11T15:34:06.000Z,"""7897f7ef14c642e6cfd88e2d4e7bffef""",418884,STANDARD,nccs-efile,0.4 mb,https://nccs-efile.s3.us-east-1.amazonaws.com/public/efile_v2_2/SH-P04-T01-COMPANY-JOINT-VENTURES-2015.CSV
public/efile_v2_2/SH-P04-T01-COMPANY-JOINT-VENTURES-2016.CSV,2026-08-11T15:34:06.000Z,"""1df60afeb2a3a54da66525cde74b613e""",389379,STANDARD,nccs-efile,0.4 mb,https://nccs-efile.s3.us-east-1.amazonaws.com/public/efile_v2_2/SH-P04-T01-COMPANY-JOINT-VENTURES-2016.CSV
public/efile_v2_2/SH-P04-T01-COMPANY-JOINT-VENTURES-2017.CSV,2026-08-11T15:34:06.000Z,"""bfb843fe4ae22fb594ed923096975072""",389720,STANDARD,nccs-efile,0.4 mb,https://nccs-efile.s3.us-east-1.amazonaws.com/public/efile_v2_2/SH-P04-T01-COMPANY-JOINT-VENTURES-2017.CSV
public/efile_v2_2/SH-P04-T01-COMPANY-JOINT-VENTURES-2018.CSV,2026-08-11T15:34:06.000Z,"""ca2da682137fdc48d16459b4f148b340""",376010,STANDARD,nccs-efile,0.4 mb,https://nccs-efile.s3.us-east-1.amazonaws.com/public/efile_v2_2/SH-P04-T01-COMPANY-JOINT-VENTURES-2018.CSV
public/efile_v2_2/SH-P04-T01-COMPANY-JOINT-VENTURES-2019.CSV,2026-08-11T15:34:06.000Z,"""ba21b586b573cb637479ffc910aa5838""",370838,STANDARD,nccs-efile,0.4 mb,https://nccs-efile.s3.us-east-1.amazonaws.com/public/efile_v2_2/SH-P04-T01-COMPANY-JOINT-VENTURES-2019.CSV
public/efile_v2_2/SH-P04-T01-COMPANY-JOINT-VENTURES-2020.CSV,2026-08-11T15:34:06.000Z,"""a27243439093283b0a862ec3b20ad916""",368943,STANDARD,nccs-efile,0.4 mb,https://nccs-efile.s3.us-east-1.amazonaws.com/public/efile_v2_2/SH-P04-T01-COMPANY-JOINT-VENTURES-2020.CSV
public/efile_v2_2/SH-P04-T01-COMPANY-JOINT-VENTURES-2021.CSV,2026-08-11T15:34:06.000Z,"""bd491fed42fc181b26f5e1ac50b18728""",358144,STANDARD,nccs-efile,0.4 mb,https://nccs-efile.s3.us-east-1.amazonaws.com/public/efile_v2_2/SH-P04-T01-COMPANY-JOINT-VENTURES-2021.CSV
public/efile_v2_2/SH-P04-T01-COMPANY-JOINT-VENTURES-2022.CSV,2026-08-11T17:08:11.000Z,"""f9277b5c002e8deebd2c1fc7953d8398""",353969,STANDARD,nccs-efile,0.4 mb,https://nccs-efile.s3.us-east-1.amazonaws.com/public/efile_v2_2/SH-P04-T01-COMPANY-JOINT-VENTURES-2022.CSV
public/efile_v2_2/SH-P04-T01-COMPANY-JOINT-VENTURES-2023.CSV,2026-08-11T17:08:11.000Z,"""af2b6dd5b633b3ae1102cca53b4946e5""",331786,STANDARD,nccs-efile,0.3 mb,https://nccs-efile.s3.us-east-1.amazonaws.com/public/efile_v2_2/SH-P04-T01-COMPANY-JOINT-VENTURES-2023.CSV
public/efile_v2_2/SH-P04-T01-COMPANY-JOINT-VENTURES-2024.CSV,2026-08-11T17:08:11.000Z,"""128317c8382901c6393431c38eb4d2e2""",181000,STANDARD,nccs-efile,0.2 mb,https://nccs-efile.s3.us-east-1.amazonaws.com/public/efile_v2_2/SH-P04-T01-COMPANY-JOINT-VENTURES-2024.CSV
public/efile_v2_2/SH-P05-T00-FAP-COMMUNITY-BENEFIT-POLICY-2009.CSV,2026-08-11T15:34:06.000Z,"""3d7ef0e5f87c14399cb32e5b0790f039""",207,STANDARD,nccs-efile,0 mb,https://nccs-efile.s3.us-east-1.amazonaws.com/public/efile_v2_2/SH-P05-T00-FAP-COMMUNITY-BENEFIT-POLICY-2009.CSV
public/efile_v2_2/SH-P05-T00-FAP-COMMUNITY-BENEFIT-POLICY-2010.CSV,2026-08-11T15:34:06.000Z,"""5ea6799d6399cd25058b867b5dff2959""",976734,STANDARD,nccs-efile,1 mb,https://nccs-efile.s3.us-east-1.amazonaws.com/public/efile_v2_2/SH-P05-T00-FAP-COMMUNITY-BENEFIT-POLICY-2010.CSV
public/efile_v2_2/SH-P05-T00-FAP-COMMUNITY-BENEFIT-POLICY-2011.CSV,2026-08-11T15:34:07.000Z,"""3fabf73d2f8e4eb5c90718583642a058""",992434,STANDARD,nccs-efile,1 mb,https://nccs-efile.s3.us-east-1.amazonaws.com/public/efile_v2_2/SH-P05-T00-FAP-COMMUNITY-BENEFIT-POLICY-2011.CSV
public/efile_v2_2/SH-P05-T00-FAP-COMMUNITY-BENEFIT-POLICY-2012.CSV,2026-08-11T15:34:07.000Z,"""71729ce68f32ead6b469812977219e88""",1005495,STANDARD,nccs-efile,1 mb,https://nccs-efile.s3.us-east-1.amazonaws.com/public/efile_v2_2/SH-P05-T00-FAP-COMMUNITY-BENEFIT-POLICY-2012.CSV
public/efile_v2_2/SH-P05-T00-FAP-COMMUNITY-BENEFIT-POLICY-2013.CSV,2026-08-11T15:34:07.000Z,"""f6a43f14eb53e64f0ae4f2d97fe6e410""",1143326,STANDARD,nccs-efile,1.1 mb,https://nccs-efile.s3.us-east-1.amazonaws.com/public/efile_v2_2/SH-P05-T00-FAP-COMMUNITY-BENEFIT-POLICY-2013.CSV
public/efile_v2_2/SH-P05-T00-FAP-COMMUNITY-BENEFIT-POLICY-2014.CSV,2026-08-11T15:34:07.000Z,"""bb6913ed934a4b00630ea2fafa22bff1""",1544884,STANDARD,nccs-efile,1.5 mb,https://nccs-efile.s3.us-east-1.amazonaws.com/public/efile_v2_2/SH-P05-T00-FAP-COMMUNITY-BENEFIT-POLICY-2014.CSV
public/efile_v2_2/SH-P05-T00-FAP-COMMUNITY-BENEFIT-POLICY-2015.CSV,2026-08-11T15:34:07.000Z,"""0c7e6ef39a318dba09de1f67a07ffa66""",1645094,STANDARD,nccs-efile,1.6 mb,https://nccs-efile.s3.us-east-1.amazonaws.com/public/efile_v2_2/SH-P05-T00-FAP-COMMUNITY-BENEFIT-POLICY-2015.CSV
public/efile_v2_2/SH-P05-T00-FAP-COMMUNITY-BENEFIT-POLICY-2016.CSV,2026-08-11T15:34:07.000Z,"""c4e491915e5891ffd398c56206c39564""",1634080,STANDARD,nccs-efile,1.6 mb,https://nccs-efile.s3.us-east-1.amazonaws.com/public/efile_v2_2/SH-P05-T00-FAP-COMMUNITY-BENEFIT-POLICY-2016.CSV
public/efile_v2_2/SH-P05-T00-FAP-COMMUNITY-BENEFIT-POLICY-2017.CSV,2026-08-11T15:34:07.000Z,"""ac09ece3959492167dc8984a3622ecd3""",1701035,STANDARD,nccs-efile,1.7 mb,https://nccs-efile.s3.us-east-1.amazonaws.com/public/efile_v2_2/SH-P05-T00-FAP-COMMUNITY-BENEFIT-POLICY-2017.CSV
public/efile_v2_2/SH-P05-T00-FAP-COMMUNITY-BENEFIT-POLICY-2018.CSV,2026-08-11T15:34:07.000Z,"""eab8d03a347cad69fb70e5df8b3e91d8""",1649919,STANDARD,nccs-efile,1.6 mb,https://nccs-efile.s3.us-east-1.amazonaws.com/public/efile_v2_2/SH-P05-T00-FAP-COMMUNITY-BENEFIT-POLICY-2018.CSV
public/efile_v2_2/SH-P05-T00-FAP-COMMUNITY-BENEFIT-POLICY-2019.CSV,2026-08-11T15:34:07.000Z,"""826f9334912596a47b756c618f4681cd""",1629104,STANDARD,nccs-efile,1.6 mb,https://nccs-efile.s3.us-east-1.amazonaws.com/public/efile_v2_2/SH-P05-T00-FAP-COMMUNITY-BENEFIT-POLICY-2019.CSV
public/efile_v2_2/SH-P05-T00-FAP-COMMUNITY-BENEFIT-POLICY-2020.CSV,2026-08-11T15:34:07.000Z,"""fc8c75c6464fc577ecf9c71d2745c58a""",1725258,STANDARD,nccs-efile,1.7 mb,https://nccs-efile.s3.us-east-1.amazonaws.com/public/efile_v2_2/SH-P05-T00-FAP-COMMUNITY-BENEFIT-POLICY-2020.CSV
public/efile_v2_2/SH-P05-T00-FAP-COMMUNITY-BENEFIT-POLICY-2021.CSV,2026-08-11T15:34:07.000Z,"""a95b487ead42c7fc633cc5d56397131a""",1664371,STANDARD,nccs-efile,1.7 mb,https://nccs-efile.s3.us-east-1.amazonaws.com/public/efile_v2_2/SH-P05-T00-FAP-COMMUNITY-BENEFIT-POLICY-2021.CSV
public/efile_v2_2/SH-P05-T00-FAP-COMMUNITY-BENEFIT-POLICY-2022.CSV,2026-08-11T17:08:11.000Z,"""1b2894a94b00e57e686484720db9fb96""",1693756,STANDARD,nccs-efile,1.7 mb,https://nccs-efile.s3.us-east-1.amazonaws.com/public/efile_v2_2/SH-P05-T00-FAP-COMMUNITY-BENEFIT-POLICY-2022.CSV
public/efile_v2_2/SH-P05-T00-FAP-COMMUNITY-BENEFIT-POLICY-2023.CSV,2026-08-11T17:08:11.000Z,"""b2753eaf769415539464355bc7204963""",1697242,STANDARD,nccs-efile,1.7 mb,https://nccs-efile.s3.us-east-1.amazonaws.com/public/efile_v2_2/SH-P05-T00-FAP-COMMUNITY-BENEFIT-POLICY-2023.CSV
public/efile_v2_2/SH-P05-T00-FAP-COMMUNITY-BENEFIT-POLICY-2024.CSV,2026-08-11T17:08:11.000Z,"""5f885bbf1c2fdd93b565f3a5ddb85aab""",716836,STANDARD,nccs-efile,0.7 mb,https://nccs-efile.s3.us-east-1.amazonaws.com/public/efile_v2_2/SH-P05-T00-FAP-COMMUNITY-BENEFIT-POLICY-2024.CSV
public/efile_v2_2/SH-P05-T01-HOSPITAL-FACILITY-2009.CSV,2026-08-11T15:34:07.000Z,"""951e9b460e56954ffac6874e5b6bf84d-3""",18475409,STANDARD,nccs-efile,18.5 mb,https://nccs-efile.s3.us-east-1.amazonaws.com/public/efile_v2_2/SH-P05-T01-HOSPITAL-FACILITY-2009.CSV
public/efile_v2_2/SH-P05-T01-HOSPITAL-FACILITY-2010.CSV,2026-08-11T15:34:07.000Z,"""4be3697cb624fa702816d125605181cc-7""",51691102,STANDARD,nccs-efile,51.7 mb,https://nccs-efile.s3.us-east-1.amazonaws.com/public/efile_v2_2/SH-P05-T01-HOSPITAL-FACILITY-2010.CSV
public/efile_v2_2/SH-P05-T01-HOSPITAL-FACILITY-2011.CSV,2026-08-11T15:34:08.000Z,"""8709d126b98bf2c3c653f053661672f7-8""",60297566,STANDARD,nccs-efile,60.3 mb,https://nccs-efile.s3.us-east-1.amazonaws.com/public/efile_v2_2/SH-P05-T01-HOSPITAL-FACILITY-2011.CSV
public/efile_v2_2/SH-P05-T01-HOSPITAL-FACILITY-2012.CSV,2026-08-11T15:34:08.000Z,"""350f58fdf1fde8533cce6004d419c3bc-9""",68515198,STANDARD,nccs-efile,68.5 mb,https://nccs-efile.s3.us-east-1.amazonaws.com/public/efile_v2_2/SH-P05-T01-HOSPITAL-FACILITY-2012.CSV
public/efile_v2_2/SH-P05-T01-HOSPITAL-FACILITY-2013.CSV,2026-08-11T15:34:07.000Z,"""f12e6535773d5bbc9eb8ccb587f40860""",1501550,STANDARD,nccs-efile,1.5 mb,https://nccs-efile.s3.us-east-1.amazonaws.com/public/efile_v2_2/SH-P05-T01-HOSPITAL-FACILITY-2013.CSV
public/efile_v2_2/SH-P05-T01-HOSPITAL-FACILITY-2014.CSV,2026-08-11T15:34:08.000Z,"""d30fdbdc63d9cef2ab365159b40a7900""",1533824,STANDARD,nccs-efile,1.5 mb,https://nccs-efile.s3.us-east-1.amazonaws.com/public/efile_v2_2/SH-P05-T01-HOSPITAL-FACILITY-2014.CSV
public/efile_v2_2/SH-P05-T01-HOSPITAL-FACILITY-2015.CSV,2026-08-11T15:34:07.000Z,"""06cba55b98708b80b0b30c6e0bc1a866""",1512205,STANDARD,nccs-efile,1.5 mb,https://nccs-efile.s3.us-east-1.amazonaws.com/public/efile_v2_2/SH-P05-T01-HOSPITAL-FACILITY-2015.CSV
public/efile_v2_2/SH-P05-T01-HOSPITAL-FACILITY-2016.CSV,2026-08-11T15:34:08.000Z,"""c36b057d413bb9be8365bf36b4d6a439""",1499496,STANDARD,nccs-efile,1.5 mb,https://nccs-efile.s3.us-east-1.amazonaws.com/public/efile_v2_2/SH-P05-T01-HOSPITAL-FACILITY-2016.CSV
public/efile_v2_2/SH-P05-T01-HOSPITAL-FACILITY-2017.CSV,2026-08-11T15:34:08.000Z,"""13f39e5a92a12f374976c287c5c9ec2c""",1582990,STANDARD,nccs-efile,1.6 mb,https://nccs-efile.s3.us-east-1.amazonaws.com/public/efile_v2_2/SH-P05-T01-HOSPITAL-FACILITY-2017.CSV
public/efile_v2_2/SH-P05-T01-HOSPITAL-FACILITY-2018.CSV,2026-08-11T15:34:08.000Z,"""67a5105348319b0948caa76926875215""",1537467,STANDARD,nccs-efile,1.5 mb,https://nccs-efile.s3.us-east-1.amazonaws.com/public/efile_v2_2/SH-P05-T01-HOSPITAL-FACILITY-2018.CSV
public/efile_v2_2/SH-P05-T01-HOSPITAL-FACILITY-2019.CSV,2026-08-11T15:34:08.000Z,"""2883435160aa684620ad914c22b60872""",1537619,STANDARD,nccs-efile,1.5 mb,https://nccs-efile.s3.us-east-1.amazonaws.com/public/efile_v2_2/SH-P05-T01-HOSPITAL-FACILITY-2019.CSV
public/efile_v2_2/SH-P05-T01-HOSPITAL-FACILITY-2020.CSV,2026-08-11T15:34:08.000Z,"""128f67529313eab0f134c706eb741e1e""",1624586,STANDARD,nccs-efile,1.6 mb,https://nccs-efile.s3.us-east-1.amazonaws.com/public/efile_v2_2/SH-P05-T01-HOSPITAL-FACILITY-2020.CSV
public/efile_v2_2/SH-P05-T01-HOSPITAL-FACILITY-2021.CSV,2026-08-11T15:34:08.000Z,"""0e8827d49302237bfbf6fc9aeb9f37c9""",1559089,STANDARD,nccs-efile,1.6 mb,https://nccs-efile.s3.us-east-1.amazonaws.com/public/efile_v2_2/SH-P05-T01-HOSPITAL-FACILITY-2021.CSV
public/efile_v2_2/SH-P05-T01-HOSPITAL-FACILITY-2022.CSV,2026-08-11T17:08:11.000Z,"""a432f5a323cfcd96961325e7b3af2e65""",1580693,STANDARD,nccs-efile,1.6 mb,https://nccs-efile.s3.us-east-1.amazonaws.com/public/efile_v2_2/SH-P05-T01-HOSPITAL-FACILITY-2022.CSV
public/efile_v2_2/SH-P05-T01-HOSPITAL-FACILITY-2023.CSV,2026-08-11T17:08:11.000Z,"""d4baa43dfd748921b25461b53a445d87""",1585690,STANDARD,nccs-efile,1.6 mb,https://nccs-efile.s3.us-east-1.amazonaws.com/public/efile_v2_2/SH-P05-T01-HOSPITAL-FACILITY-2023.CSV
public/efile_v2_2/SH-P05-T01-HOSPITAL-FACILITY-2024.CSV,2026-08-11T17:08:11.000Z,"""ad63f48e4cea8b71380964e2bf9540ec""",731744,STANDARD,nccs-efile,0.7 mb,https://nccs-efile.s3.us-east-1.amazonaws.com/public/efile_v2_2/SH-P05-T01-HOSPITAL-FACILITY-2024.CSV
public/efile_v2_2/SH-P05-T02-NON-HOSPITAL-FACILITY-2009.CSV,2026-08-11T15:34:08.000Z,"""ae61efe317ff9cb213ecc85c5cb95a76""",216,STANDARD,nccs-efile,0 mb,https://nccs-efile.s3.us-east-1.amazonaws.com/public/efile_v2_2/SH-P05-T02-NON-HOSPITAL-FACILITY-2009.CSV
public/efile_v2_2/SH-P05-T02-NON-HOSPITAL-FACILITY-2010.CSV,2026-08-11T15:34:08.000Z,"""75f8148c6b011e55603c481ab160d889""",4787842,STANDARD,nccs-efile,4.8 mb,https://nccs-efile.s3.us-east-1.amazonaws.com/public/efile_v2_2/SH-P05-T02-NON-HOSPITAL-FACILITY-2010.CSV
public/efile_v2_2/SH-P05-T02-NON-HOSPITAL-FACILITY-2011.CSV,2026-08-11T15:34:09.000Z,"""76dcf39e4f6882717f6dbf7e17878273""",5620507,STANDARD,nccs-efile,5.6 mb,https://nccs-efile.s3.us-east-1.amazonaws.com/public/efile_v2_2/SH-P05-T02-NON-HOSPITAL-FACILITY-2011.CSV
public/efile_v2_2/SH-P05-T02-NON-HOSPITAL-FACILITY-2012.CSV,2026-08-11T15:34:09.000Z,"""17a5eb779cf7cc51d56af01c2bb591ec""",5846795,STANDARD,nccs-efile,5.8 mb,https://nccs-efile.s3.us-east-1.amazonaws.com/public/efile_v2_2/SH-P05-T02-NON-HOSPITAL-FACILITY-2012.CSV
public/efile_v2_2/SH-P05-T02-NON-HOSPITAL-FACILITY-2013.CSV,2026-08-11T15:34:09.000Z,"""df3a8d90f56b530799d61299a568f0a1""",6450516,STANDARD,nccs-efile,6.5 mb,https://nccs-efile.s3.us-east-1.amazonaws.com/public/efile_v2_2/SH-P05-T02-NON-HOSPITAL-FACILITY-2013.CSV
public/efile_v2_2/SH-P05-T02-NON-HOSPITAL-FACILITY-2014.CSV,2026-08-11T15:34:09.000Z,"""27e40598dc83c33f950fac06728dd3f4""",6865828,STANDARD,nccs-efile,6.9 mb,https://nccs-efile.s3.us-east-1.amazonaws.com/public/efile_v2_2/SH-P05-T02-NON-HOSPITAL-FACILITY-2014.CSV
public/efile_v2_2/SH-P05-T02-NON-HOSPITAL-FACILITY-2015.CSV,2026-08-11T15:34:09.000Z,"""2fe7ea96c4f7af112d56e24001a6825c""",7535048,STANDARD,nccs-efile,7.5 mb,https://nccs-efile.s3.us-east-1.amazonaws.com/public/efile_v2_2/SH-P05-T02-NON-HOSPITAL-FACILITY-2015.CSV
public/efile_v2_2/SH-P05-T02-NON-HOSPITAL-FACILITY-2016.CSV,2026-08-11T15:34:09.000Z,"""bc33f702e71691f411b2e4b7ae1db650""",7970071,STANDARD,nccs-efile,8 mb,https://nccs-efile.s3.us-east-1.amazonaws.com/public/efile_v2_2/SH-P05-T02-NON-HOSPITAL-FACILITY-2016.CSV
public/efile_v2_2/SH-P05-T02-NON-HOSPITAL-FACILITY-2017.CSV,2026-08-11T15:34:09.000Z,"""b4c9f3c16b719fb40cb4076301bc642b-2""",8478071,STANDARD,nccs-efile,8.5 mb,https://nccs-efile.s3.us-east-1.amazonaws.com/public/efile_v2_2/SH-P05-T02-NON-HOSPITAL-FACILITY-2017.CSV
public/efile_v2_2/SH-P05-T02-NON-HOSPITAL-FACILITY-2018.CSV,2026-08-11T15:34:09.000Z,"""1638abd0c3538dcb95360cfa0df25a84-2""",9111780,STANDARD,nccs-efile,9.1 mb,https://nccs-efile.s3.us-east-1.amazonaws.com/public/efile_v2_2/SH-P05-T02-NON-HOSPITAL-FACILITY-2018.CSV
public/efile_v2_2/SH-P05-T02-NON-HOSPITAL-FACILITY-2019.CSV,2026-08-11T15:34:09.000Z,"""86e61375cfa8c2c8095da93fa10b348e-2""",9501053,STANDARD,nccs-efile,9.5 mb,https://nccs-efile.s3.us-east-1.amazonaws.com/public/efile_v2_2/SH-P05-T02-NON-HOSPITAL-FACILITY-2019.CSV
public/efile_v2_2/SH-P05-T02-NON-HOSPITAL-FACILITY-2020.CSV,2026-08-11T15:34:09.000Z,"""52544e5a0d32b1367e1e32d852b64a1b-2""",9674386,STANDARD,nccs-efile,9.7 mb,https://nccs-efile.s3.us-east-1.amazonaws.com/public/efile_v2_2/SH-P05-T02-NON-HOSPITAL-FACILITY-2020.CSV
public/efile_v2_2/SH-P05-T02-NON-HOSPITAL-FACILITY-2021.CSV,2026-08-11T15:34:09.000Z,"""4819df70f7c2e78a37b41710319acb71-2""",9867222,STANDARD,nccs-efile,9.9 mb,https://nccs-efile.s3.us-east-1.amazonaws.com/public/efile_v2_2/SH-P05-T02-NON-HOSPITAL-FACILITY-2021.CSV
public/efile_v2_2/SH-P05-T02-NON-HOSPITAL-FACILITY-2022.CSV,2026-08-11T17:08:11.000Z,"""20063aa6c94c64e1f9a8e5d06f551464-2""",10347919,STANDARD,nccs-efile,10.3 mb,https://nccs-efile.s3.us-east-1.amazonaws.com/public/efile_v2_2/SH-P05-T02-NON-HOSPITAL-FACILITY-2022.CSV
public/efile_v2_2/SH-P05-T02-NON-HOSPITAL-FACILITY-2023.CSV,2026-08-11T17:08:11.000Z,"""b6f584727014b37266462be4e5ccd145-2""",10410230,STANDARD,nccs-efile,10.4 mb,https://nccs-efile.s3.us-east-1.amazonaws.com/public/efile_v2_2/SH-P05-T02-NON-HOSPITAL-FACILITY-2023.CSV
public/efile_v2_2/SH-P05-T02-NON-HOSPITAL-FACILITY-2024.CSV,2026-08-11T17:08:11.000Z,"""6509f057e03a75b4109d11bd90a3f6d3""",6490693,STANDARD,nccs-efile,6.5 mb,https://nccs-efile.s3.us-east-1.amazonaws.com/public/efile_v2_2/SH-P05-T02-NON-HOSPITAL-FACILITY-2024.CSV
public/efile_v2_2/SH-P99-T00-FAP-COMMUNITY-BENEFIT-POLICY-2009.CSV,2026-08-11T15:34:10.000Z,"""3d7ef0e5f87c14399cb32e5b0790f039""",207,STANDARD,nccs-efile,0 mb,https://nccs-efile.s3.us-east-1.amazonaws.com/public/efile_v2_2/SH-P99-T00-FAP-COMMUNITY-BENEFIT-POLICY-2009.CSV
public/efile_v2_2/SH-P99-T00-FAP-COMMUNITY-BENEFIT-POLICY-2010.CSV,2026-08-11T15:34:10.000Z,"""581c29cd0dbe414d2da8244c8abc5b42""",291873,STANDARD,nccs-efile,0.3 mb,https://nccs-efile.s3.us-east-1.amazonaws.com/public/efile_v2_2/SH-P99-T00-FAP-COMMUNITY-BENEFIT-POLICY-2010.CSV
public/efile_v2_2/SH-P99-T00-FAP-COMMUNITY-BENEFIT-POLICY-2011.CSV,2026-08-11T15:34:10.000Z,"""eb2f8542e993e7d97c2edda4f49954b1""",961908,STANDARD,nccs-efile,1 mb,https://nccs-efile.s3.us-east-1.amazonaws.com/public/efile_v2_2/SH-P99-T00-FAP-COMMUNITY-BENEFIT-POLICY-2011.CSV
public/efile_v2_2/SH-P99-T00-FAP-COMMUNITY-BENEFIT-POLICY-2012.CSV,2026-08-11T15:34:10.000Z,"""cf1c1e7a13b168bb4a2a9f2177ef6b87""",994380,STANDARD,nccs-efile,1 mb,https://nccs-efile.s3.us-east-1.amazonaws.com/public/efile_v2_2/SH-P99-T00-FAP-COMMUNITY-BENEFIT-POLICY-2012.CSV
public/efile_v2_2/SH-P99-T00-FAP-COMMUNITY-BENEFIT-POLICY-2013.CSV,2026-08-11T15:34:10.000Z,"""a7c8b28886fe9e8addab25c279991a00""",913058,STANDARD,nccs-efile,0.9 mb,https://nccs-efile.s3.us-east-1.amazonaws.com/public/efile_v2_2/SH-P99-T00-FAP-COMMUNITY-BENEFIT-POLICY-2013.CSV
public/efile_v2_2/SH-P99-T00-FAP-COMMUNITY-BENEFIT-POLICY-2014.CSV,2026-08-11T15:34:10.000Z,"""d4f8a462f7fbf67ded91b217a476461e""",686901,STANDARD,nccs-efile,0.7 mb,https://nccs-efile.s3.us-east-1.amazonaws.com/public/efile_v2_2/SH-P99-T00-FAP-COMMUNITY-BENEFIT-POLICY-2014.CSV
public/efile_v2_2/SH-P99-T00-FAP-COMMUNITY-BENEFIT-POLICY-2015.CSV,2026-08-11T15:34:10.000Z,"""6e962dcc1b048b3d453f6b64b9f539e3""",679351,STANDARD,nccs-efile,0.7 mb,https://nccs-efile.s3.us-east-1.amazonaws.com/public/efile_v2_2/SH-P99-T00-FAP-COMMUNITY-BENEFIT-POLICY-2015.CSV
public/efile_v2_2/SH-P99-T00-FAP-COMMUNITY-BENEFIT-POLICY-2016.CSV,2026-08-11T15:34:10.000Z,"""3d7ef0e5f87c14399cb32e5b0790f039""",207,STANDARD,nccs-efile,0 mb,https://nccs-efile.s3.us-east-1.amazonaws.com/public/efile_v2_2/SH-P99-T00-FAP-COMMUNITY-BENEFIT-POLICY-2016.CSV
public/efile_v2_2/SH-P99-T00-FAP-COMMUNITY-BENEFIT-POLICY-2017.CSV,2026-08-11T15:34:10.000Z,"""3d7ef0e5f87c14399cb32e5b0790f039""",207,STANDARD,nccs-efile,0 mb,https://nccs-efile.s3.us-east-1.amazonaws.com/public/efile_v2_2/SH-P99-T00-FAP-COMMUNITY-BENEFIT-POLICY-2017.CSV
public/efile_v2_2/SH-P99-T00-FAP-COMMUNITY-BENEFIT-POLICY-2018.CSV,2026-08-11T15:34:10.000Z,"""3d7ef0e5f87c14399cb32e5b0790f039""",207,STANDARD,nccs-efile,0 mb,https://nccs-efile.s3.us-east-1.amazonaws.com/public/efile_v2_2/SH-P99-T00-FAP-COMMUNITY-BENEFIT-POLICY-2018.CSV
public/efile_v2_2/SH-P99-T00-FAP-COMMUNITY-BENEFIT-POLICY-2019.CSV,2026-08-11T15:34:10.000Z,"""3d7ef0e5f87c14399cb32e5b0790f039""",207,STANDARD,nccs-efile,0 mb,https://nccs-efile.s3.us-east-1.amazonaws.com/public/efile_v2_2/SH-P99-T00-FAP-COMMUNITY-BENEFIT-POLICY-2019.CSV
public/efile_v2_2/SH-P99-T00-FAP-COMMUNITY-BENEFIT-POLICY-2020.CSV,2026-08-11T15:34:10.000Z,"""3d7ef0e5f87c14399cb32e5b0790f039""",207,STANDARD,nccs-efile,0 mb,https://nccs-efile.s3.us-east-1.amazonaws.com/public/efile_v2_2/SH-P99-T00-FAP-COMMUNITY-BENEFIT-POLICY-2020.CSV
public/efile_v2_2/SH-P99-T00-FAP-COMMUNITY-BENEFIT-POLICY-2021.CSV,2026-08-11T15:34:10.000Z,"""3d7ef0e5f87c14399cb32e5b0790f039""",207,STANDARD,nccs-efile,0 mb,https://nccs-efile.s3.us-east-1.amazonaws.com/public/efile_v2_2/SH-P99-T00-FAP-COMMUNITY-BENEFIT-POLICY-2021.CSV
public/efile_v2_2/SH-P99-T00-FAP-COMMUNITY-BENEFIT-POLICY-2022.CSV,2026-08-11T17:08:11.000Z,"""3d7ef0e5f87c14399cb32e5b0790f039""",207,STANDARD,nccs-efile,0 mb,https://nccs-efile.s3.us-east-1.amazonaws.com/public/efile_v2_2/SH-P99-T00-FAP-COMMUNITY-BENEFIT-POLICY-2022.CSV
public/efile_v2_2/SH-P99-T00-FAP-COMMUNITY-BENEFIT-POLICY-2023.CSV,2026-08-11T17:08:11.000Z,"""3d7ef0e5f87c14399cb32e5b0790f039""",207,STANDARD,nccs-efile,0 mb,https://nccs-efile.s3.us-east-1.amazonaws.com/public/efile_v2_2/SH-P99-T00-FAP-COMMUNITY-BENEFIT-POLICY-2023.CSV
public/efile_v2_2/SH-P99-T00-FAP-COMMUNITY-BENEFIT-POLICY-2024.CSV,2026-08-11T17:08:11.000Z,"""3d7ef0e5f87c14399cb32e5b0790f039""",207,STANDARD,nccs-efile,0 mb,https://nccs-efile.s3.us-east-1.amazonaws.com/public/efile_v2_2/SH-P99-T00-FAP-COMMUNITY-BENEFIT-POLICY-2024.CSV
public/efile_v2_2/SI-P01-T00-GRANTS-INFO-2009.CSV,2026-08-11T15:34:11.000Z,"""f2132ec968fc85f6ed375e5bcc32380a""",2586230,STANDARD,nccs-efile,2.6 mb,https://nccs-efile.s3.us-east-1.amazonaws.com/public/efile_v2_2/SI-P01-T00-GRANTS-INFO-2009.CSV
public/efile_v2_2/SI-P01-T00-GRANTS-INFO-2010.CSV,2026-08-11T15:34:11.000Z,"""d9a6f68d096959526b8b888bb1ea6241""",7482307,STANDARD,nccs-efile,7.5 mb,https://nccs-efile.s3.us-east-1.amazonaws.com/public/efile_v2_2/SI-P01-T00-GRANTS-INFO-2010.CSV
public/efile_v2_2/SI-P01-T00-GRANTS-INFO-2011.CSV,2026-08-11T15:34:11.000Z,"""508c4e89297252ebb6da43b0d712c717-2""",9640753,STANDARD,nccs-efile,9.6 mb,https://nccs-efile.s3.us-east-1.amazonaws.com/public/efile_v2_2/SI-P01-T00-GRANTS-INFO-2011.CSV
public/efile_v2_2/SI-P01-T00-GRANTS-INFO-2012.CSV,2026-08-11T15:34:11.000Z,"""d960b0bbfd4b38b29a00524fea7da552-2""",11236003,STANDARD,nccs-efile,11.2 mb,https://nccs-efile.s3.us-east-1.amazonaws.com/public/efile_v2_2/SI-P01-T00-GRANTS-INFO-2012.CSV
public/efile_v2_2/SI-P01-T00-GRANTS-INFO-2013.CSV,2026-08-11T15:34:11.000Z,"""eb4c8b43fe46f6b76a0e06b95937b3b8-2""",12150228,STANDARD,nccs-efile,12.2 mb,https://nccs-efile.s3.us-east-1.amazonaws.com/public/efile_v2_2/SI-P01-T00-GRANTS-INFO-2013.CSV
public/efile_v2_2/SI-P01-T00-GRANTS-INFO-2014.CSV,2026-08-11T15:34:11.000Z,"""d57c04b3ab0e88e2f8aad5b93db28134-2""",13206450,STANDARD,nccs-efile,13.2 mb,https://nccs-efile.s3.us-east-1.amazonaws.com/public/efile_v2_2/SI-P01-T00-GRANTS-INFO-2014.CSV
public/efile_v2_2/SI-P01-T00-GRANTS-INFO-2015.CSV,2026-08-11T15:34:11.000Z,"""6c167bf9bd052394de19a2a627f63684-2""",13995451,STANDARD,nccs-efile,14 mb,https://nccs-efile.s3.us-east-1.amazonaws.com/public/efile_v2_2/SI-P01-T00-GRANTS-INFO-2015.CSV
public/efile_v2_2/SI-P01-T00-GRANTS-INFO-2016.CSV,2026-08-11T15:34:11.000Z,"""356bd7a535a6e7a004edd44e32307059-2""",14677683,STANDARD,nccs-efile,14.7 mb,https://nccs-efile.s3.us-east-1.amazonaws.com/public/efile_v2_2/SI-P01-T00-GRANTS-INFO-2016.CSV
public/efile_v2_2/SI-P01-T00-GRANTS-INFO-2017.CSV,2026-08-11T15:34:12.000Z,"""5df4fe12bbd321af00e140ff0209c980-2""",15992611,STANDARD,nccs-efile,16 mb,https://nccs-efile.s3.us-east-1.amazonaws.com/public/efile_v2_2/SI-P01-T00-GRANTS-INFO-2017.CSV
public/efile_v2_2/SI-P01-T00-GRANTS-INFO-2018.CSV,2026-08-11T15:34:12.000Z,"""c713463e2718e4a4fd0a850c5e8c17cd-2""",16514496,STANDARD,nccs-efile,16.5 mb,https://nccs-efile.s3.us-east-1.amazonaws.com/public/efile_v2_2/SI-P01-T00-GRANTS-INFO-2018.CSV
public/efile_v2_2/SI-P01-T00-GRANTS-INFO-2019.CSV,2026-08-11T15:34:12.000Z,"""29d04e7c97ff3722dc032e53c3971b8d-3""",17210490,STANDARD,nccs-efile,17.2 mb,https://nccs-efile.s3.us-east-1.amazonaws.com/public/efile_v2_2/SI-P01-T00-GRANTS-INFO-2019.CSV
public/efile_v2_2/SI-P01-T00-GRANTS-INFO-2020.CSV,2026-08-11T15:34:12.000Z,"""0a8178b45c7bb1ead69296890b4b7da7-3""",20512669,STANDARD,nccs-efile,20.5 mb,https://nccs-efile.s3.us-east-1.amazonaws.com/public/efile_v2_2/SI-P01-T00-GRANTS-INFO-2020.CSV
public/efile_v2_2/SI-P01-T00-GRANTS-INFO-2021.CSV,2026-08-11T15:34:12.000Z,"""5529d08b8beccdc9b3ec838015c02fb3-3""",19878656,STANDARD,nccs-efile,19.9 mb,https://nccs-efile.s3.us-east-1.amazonaws.com/public/efile_v2_2/SI-P01-T00-GRANTS-INFO-2021.CSV
public/efile_v2_2/SI-P01-T00-GRANTS-INFO-2022.CSV,2026-08-11T17:08:11.000Z,"""f76a9afaf3bec54e9fb62279ae14b4ed-3""",20993806,STANDARD,nccs-efile,21 mb,https://nccs-efile.s3.us-east-1.amazonaws.com/public/efile_v2_2/SI-P01-T00-GRANTS-INFO-2022.CSV
public/efile_v2_2/SI-P01-T00-GRANTS-INFO-2023.CSV,2026-08-11T17:08:12.000Z,"""d19b3f4a5fc306c0c8eba56e3bc19f9d-3""",21582584,STANDARD,nccs-efile,21.6 mb,https://nccs-efile.s3.us-east-1.amazonaws.com/public/efile_v2_2/SI-P01-T00-GRANTS-INFO-2023.CSV
public/efile_v2_2/SI-P01-T00-GRANTS-INFO-2024.CSV,2026-08-11T17:08:12.000Z,"""9410bf8f4637c5d5f9b271c2a89b0db1-2""",16428898,STANDARD,nccs-efile,16.4 mb,https://nccs-efile.s3.us-east-1.amazonaws.com/public/efile_v2_2/SI-P01-T00-GRANTS-INFO-2024.CSV
public/efile_v2_2/SI-P02-T00-GRANTS-US-ORGS-GOVTS-2009.CSV,2026-08-11T15:34:13.000Z,"""99601e794a7c58398877b60488d4b83b""",1298408,STANDARD,nccs-efile,1.3 mb,https://nccs-efile.s3.us-east-1.amazonaws.com/public/efile_v2_2/SI-P02-T00-GRANTS-US-ORGS-GOVTS-2009.CSV
public/efile_v2_2/SI-P02-T00-GRANTS-US-ORGS-GOVTS-2010.CSV,2026-08-11T15:34:13.000Z,"""7ad64b6206bfa5840dd2d5433983212a""",3882437,STANDARD,nccs-efile,3.9 mb,https://nccs-efile.s3.us-east-1.amazonaws.com/public/efile_v2_2/SI-P02-T00-GRANTS-US-ORGS-GOVTS-2010.CSV
public/efile_v2_2/SI-P02-T00-GRANTS-US-ORGS-GOVTS-2011.CSV,2026-08-11T15:34:13.000Z,"""3255a987ba81d3d6cbab89b860c30a5f""",4975152,STANDARD,nccs-efile,5 mb,https://nccs-efile.s3.us-east-1.amazonaws.com/public/efile_v2_2/SI-P02-T00-GRANTS-US-ORGS-GOVTS-2011.CSV
public/efile_v2_2/SI-P02-T00-GRANTS-US-ORGS-GOVTS-2012.CSV,2026-08-11T15:34:13.000Z,"""d82b79ebea1176adce4db3b8a319b5ea""",5573814,STANDARD,nccs-efile,5.6 mb,https://nccs-efile.s3.us-east-1.amazonaws.com/public/efile_v2_2/SI-P02-T00-GRANTS-US-ORGS-GOVTS-2012.CSV
public/efile_v2_2/SI-P02-T00-GRANTS-US-ORGS-GOVTS-2013.CSV,2026-08-11T15:34:13.000Z,"""ad09cef637484e47d8b5d584cd21d88d""",5940370,STANDARD,nccs-efile,5.9 mb,https://nccs-efile.s3.us-east-1.amazonaws.com/public/efile_v2_2/SI-P02-T00-GRANTS-US-ORGS-GOVTS-2013.CSV
public/efile_v2_2/SI-P02-T00-GRANTS-US-ORGS-GOVTS-2014.CSV,2026-08-11T15:34:13.000Z,"""7ee1c07cc3ef5c2b24b23f1c88c543d8""",6502221,STANDARD,nccs-efile,6.5 mb,https://nccs-efile.s3.us-east-1.amazonaws.com/public/efile_v2_2/SI-P02-T00-GRANTS-US-ORGS-GOVTS-2014.CSV
public/efile_v2_2/SI-P02-T00-GRANTS-US-ORGS-GOVTS-2015.CSV,2026-08-11T15:34:13.000Z,"""68be046a61bc400b8038be294577c143""",6884216,STANDARD,nccs-efile,6.9 mb,https://nccs-efile.s3.us-east-1.amazonaws.com/public/efile_v2_2/SI-P02-T00-GRANTS-US-ORGS-GOVTS-2015.CSV
public/efile_v2_2/SI-P02-T00-GRANTS-US-ORGS-GOVTS-2016.CSV,2026-08-11T15:34:13.000Z,"""360ca2f971a4588a1ba8cc81566e2741""",7184135,STANDARD,nccs-efile,7.2 mb,https://nccs-efile.s3.us-east-1.amazonaws.com/public/efile_v2_2/SI-P02-T00-GRANTS-US-ORGS-GOVTS-2016.CSV
public/efile_v2_2/SI-P02-T00-GRANTS-US-ORGS-GOVTS-2017.CSV,2026-08-11T15:34:13.000Z,"""ffb82883ba05be1ce7acc56c30a1aa93""",7888914,STANDARD,nccs-efile,7.9 mb,https://nccs-efile.s3.us-east-1.amazonaws.com/public/efile_v2_2/SI-P02-T00-GRANTS-US-ORGS-GOVTS-2017.CSV
public/efile_v2_2/SI-P02-T00-GRANTS-US-ORGS-GOVTS-2018.CSV,2026-08-11T15:34:13.000Z,"""d9fc38f567922ab6adc800edd4d0fb7b""",8171866,STANDARD,nccs-efile,8.2 mb,https://nccs-efile.s3.us-east-1.amazonaws.com/public/efile_v2_2/SI-P02-T00-GRANTS-US-ORGS-GOVTS-2018.CSV
public/efile_v2_2/SI-P02-T00-GRANTS-US-ORGS-GOVTS-2019.CSV,2026-08-11T15:34:13.000Z,"""26a1b54b279699db9a2de0a664cc1a7e-2""",8466426,STANDARD,nccs-efile,8.5 mb,https://nccs-efile.s3.us-east-1.amazonaws.com/public/efile_v2_2/SI-P02-T00-GRANTS-US-ORGS-GOVTS-2019.CSV
public/efile_v2_2/SI-P02-T00-GRANTS-US-ORGS-GOVTS-2020.CSV,2026-08-11T15:34:14.000Z,"""757cc176fbecce17dc59ef3fbbe5d837-2""",10055217,STANDARD,nccs-efile,10.1 mb,https://nccs-efile.s3.us-east-1.amazonaws.com/public/efile_v2_2/SI-P02-T00-GRANTS-US-ORGS-GOVTS-2020.CSV
public/efile_v2_2/SI-P02-T00-GRANTS-US-ORGS-GOVTS-2021.CSV,2026-08-11T15:34:14.000Z,"""590d6cc304dfce4b1a33ebbcbe060c3b-2""",9792323,STANDARD,nccs-efile,9.8 mb,https://nccs-efile.s3.us-east-1.amazonaws.com/public/efile_v2_2/SI-P02-T00-GRANTS-US-ORGS-GOVTS-2021.CSV
public/efile_v2_2/SI-P02-T00-GRANTS-US-ORGS-GOVTS-2022.CSV,2026-08-11T17:08:12.000Z,"""4048d31c76456b45e52f94f27a756903-2""",10257695,STANDARD,nccs-efile,10.3 mb,https://nccs-efile.s3.us-east-1.amazonaws.com/public/efile_v2_2/SI-P02-T00-GRANTS-US-ORGS-GOVTS-2022.CSV
public/efile_v2_2/SI-P02-T00-GRANTS-US-ORGS-GOVTS-2023.CSV,2026-08-11T17:08:12.000Z,"""d767fe1735bba526904b2f2cbdd8abe6-2""",10527355,STANDARD,nccs-efile,10.5 mb,https://nccs-efile.s3.us-east-1.amazonaws.com/public/efile_v2_2/SI-P02-T00-GRANTS-US-ORGS-GOVTS-2023.CSV
public/efile_v2_2/SI-P02-T00-GRANTS-US-ORGS-GOVTS-2024.CSV,2026-08-11T17:08:12.000Z,"""716d623cdc84a360ac8f0211a5967afe""",7727663,STANDARD,nccs-efile,7.7 mb,https://nccs-efile.s3.us-east-1.amazonaws.com/public/efile_v2_2/SI-P02-T00-GRANTS-US-ORGS-GOVTS-2024.CSV
public/efile_v2_2/SI-P02-T01-GRANTS-US-ORGS-GOVTS-2009.CSV,2026-08-11T15:34:14.000Z,"""0ded33ccc4ab6801c07ce83a71a124cf-5""",35119967,STANDARD,nccs-efile,35.1 mb,https://nccs-efile.s3.us-east-1.amazonaws.com/public/efile_v2_2/SI-P02-T01-GRANTS-US-ORGS-GOVTS-2009.CSV
public/efile_v2_2/SI-P02-T01-GRANTS-US-ORGS-GOVTS-2010.CSV,2026-08-11T15:34:15.000Z,"""08c5b1d3964218d017d5417a0cfc9d4c-12""",96741704,STANDARD,nccs-efile,96.7 mb,https://nccs-efile.s3.us-east-1.amazonaws.com/public/efile_v2_2/SI-P02-T01-GRANTS-US-ORGS-GOVTS-2010.CSV
public/efile_v2_2/SI-P02-T01-GRANTS-US-ORGS-GOVTS-2011.CSV,2026-08-11T15:34:15.000Z,"""578e83ed2a95fafe60f081540400293f-14""",114913885,STANDARD,nccs-efile,114.9 mb,https://nccs-efile.s3.us-east-1.amazonaws.com/public/efile_v2_2/SI-P02-T01-GRANTS-US-ORGS-GOVTS-2011.CSV
public/efile_v2_2/SI-P02-T01-GRANTS-US-ORGS-GOVTS-2012.CSV,2026-08-11T15:34:16.000Z,"""be7074152b2c2f392557b27d4cda706d-16""",128569653,STANDARD,nccs-efile,128.6 mb,https://nccs-efile.s3.us-east-1.amazonaws.com/public/efile_v2_2/SI-P02-T01-GRANTS-US-ORGS-GOVTS-2012.CSV
public/efile_v2_2/SI-P02-T01-GRANTS-US-ORGS-GOVTS-2013.CSV,2026-08-11T15:34:17.000Z,"""8f8c12d8247c6c1e2b733f44f234441e-18""",143073990,STANDARD,nccs-efile,143.1 mb,https://nccs-efile.s3.us-east-1.amazonaws.com/public/efile_v2_2/SI-P02-T01-GRANTS-US-ORGS-GOVTS-2013.CSV
public/efile_v2_2/SI-P02-T01-GRANTS-US-ORGS-GOVTS-2014.CSV,2026-08-11T15:34:18.000Z,"""e898207203122ed6dab1028212b02ac5-21""",172310412,STANDARD,nccs-efile,172.3 mb,https://nccs-efile.s3.us-east-1.amazonaws.com/public/efile_v2_2/SI-P02-T01-GRANTS-US-ORGS-GOVTS-2014.CSV
public/efile_v2_2/SI-P02-T01-GRANTS-US-ORGS-GOVTS-2015.CSV,2026-08-11T15:34:20.000Z,"""d842973e0c9537a27973075dfa6e99a6-23""",188194691,STANDARD,nccs-efile,188.2 mb,https://nccs-efile.s3.us-east-1.amazonaws.com/public/efile_v2_2/SI-P02-T01-GRANTS-US-ORGS-GOVTS-2015.CSV
public/efile_v2_2/SI-P02-T01-GRANTS-US-ORGS-GOVTS-2016.CSV,2026-08-11T15:34:21.000Z,"""e38cabd91ac4903a7527c7c9676cfbeb-26""",215581542,STANDARD,nccs-efile,215.6 mb,https://nccs-efile.s3.us-east-1.amazonaws.com/public/efile_v2_2/SI-P02-T01-GRANTS-US-ORGS-GOVTS-2016.CSV
public/efile_v2_2/SI-P02-T01-GRANTS-US-ORGS-GOVTS-2017.CSV,2026-08-11T15:34:22.000Z,"""0f94917d78ad4f0e54ca74542fa8008c-28""",234331324,STANDARD,nccs-efile,234.3 mb,https://nccs-efile.s3.us-east-1.amazonaws.com/public/efile_v2_2/SI-P02-T01-GRANTS-US-ORGS-GOVTS-2017.CSV
public/efile_v2_2/SI-P02-T01-GRANTS-US-ORGS-GOVTS-2018.CSV,2026-08-11T15:34:23.000Z,"""a8e919e58399bbb66890b499fcaaafe0-31""",255740325,STANDARD,nccs-efile,255.7 mb,https://nccs-efile.s3.us-east-1.amazonaws.com/public/efile_v2_2/SI-P02-T01-GRANTS-US-ORGS-GOVTS-2018.CSV
public/efile_v2_2/SI-P02-T01-GRANTS-US-ORGS-GOVTS-2019.CSV,2026-08-11T15:34:25.000Z,"""a4793a67f977b289e7916e811a4ef9f1-35""",290962295,STANDARD,nccs-efile,291 mb,https://nccs-efile.s3.us-east-1.amazonaws.com/public/efile_v2_2/SI-P02-T01-GRANTS-US-ORGS-GOVTS-2019.CSV
public/efile_v2_2/SI-P02-T01-GRANTS-US-ORGS-GOVTS-2020.CSV,2026-08-11T15:34:26.000Z,"""181352828b830958c4a3de88e880b25c-53""",440030552,STANDARD,nccs-efile,440 mb,https://nccs-efile.s3.us-east-1.amazonaws.com/public/efile_v2_2/SI-P02-T01-GRANTS-US-ORGS-GOVTS-2020.CSV
public/efile_v2_2/SI-P02-T01-GRANTS-US-ORGS-GOVTS-2021.CSV,2026-08-11T15:34:28.000Z,"""0d68be306a949fecc86adf3ee56f4a2d-45""",377157465,STANDARD,nccs-efile,377.2 mb,https://nccs-efile.s3.us-east-1.amazonaws.com/public/efile_v2_2/SI-P02-T01-GRANTS-US-ORGS-GOVTS-2021.CSV
public/efile_v2_2/SI-P02-T01-GRANTS-US-ORGS-GOVTS-2022.CSV,2026-08-11T17:08:13.000Z,"""a7841c76bde84bb64f7220bbc1567496-46""",384497904,STANDARD,nccs-efile,384.5 mb,https://nccs-efile.s3.us-east-1.amazonaws.com/public/efile_v2_2/SI-P02-T01-GRANTS-US-ORGS-GOVTS-2022.CSV
public/efile_v2_2/SI-P02-T01-GRANTS-US-ORGS-GOVTS-2023.CSV,2026-08-11T17:08:18.000Z,"""715ba0119e630e5301887c76c7412494-49""",403742372,STANDARD,nccs-efile,403.7 mb,https://nccs-efile.s3.us-east-1.amazonaws.com/public/efile_v2_2/SI-P02-T01-GRANTS-US-ORGS-GOVTS-2023.CSV
public/efile_v2_2/SI-P02-T01-GRANTS-US-ORGS-GOVTS-2024.CSV,2026-08-11T17:08:22.000Z,"""8076356bcdd496fd2f1e5854b312fa32-32""",266780385,STANDARD,nccs-efile,266.8 mb,https://nccs-efile.s3.us-east-1.amazonaws.com/public/efile_v2_2/SI-P02-T01-GRANTS-US-ORGS-GOVTS-2024.CSV
public/efile_v2_2/SI-P03-T01-GRANTS-US-INDIV-2009.CSV,2026-08-11T15:34:25.000Z,"""06e63b592b1c1a59d7674b864d2ca932""",4418949,STANDARD,nccs-efile,4.4 mb,https://nccs-efile.s3.us-east-1.amazonaws.com/public/efile_v2_2/SI-P03-T01-GRANTS-US-INDIV-2009.CSV
public/efile_v2_2/SI-P03-T01-GRANTS-US-INDIV-2010.CSV,2026-08-11T15:34:36.000Z,"""462ee584db31823cea5f822746e818ba-2""",10137760,STANDARD,nccs-efile,10.1 mb,https://nccs-efile.s3.us-east-1.amazonaws.com/public/efile_v2_2/SI-P03-T01-GRANTS-US-INDIV-2010.CSV
public/efile_v2_2/SI-P03-T01-GRANTS-US-INDIV-2011.CSV,2026-08-11T15:34:36.000Z,"""c03a200d33ea6a8a5da8ee0dff11fbc4-2""",12353377,STANDARD,nccs-efile,12.4 mb,https://nccs-efile.s3.us-east-1.amazonaws.com/public/efile_v2_2/SI-P03-T01-GRANTS-US-INDIV-2011.CSV
public/efile_v2_2/SI-P03-T01-GRANTS-US-INDIV-2012.CSV,2026-08-11T15:34:36.000Z,"""cdff4f98e748e4c7c142296166426265-2""",13609864,STANDARD,nccs-efile,13.6 mb,https://nccs-efile.s3.us-east-1.amazonaws.com/public/efile_v2_2/SI-P03-T01-GRANTS-US-INDIV-2012.CSV
public/efile_v2_2/SI-P03-T01-GRANTS-US-INDIV-2013.CSV,2026-08-11T15:34:37.000Z,"""1dbc530aa1b08f7935b119ef24e2be9a-2""",14482913,STANDARD,nccs-efile,14.5 mb,https://nccs-efile.s3.us-east-1.amazonaws.com/public/efile_v2_2/SI-P03-T01-GRANTS-US-INDIV-2013.CSV
public/efile_v2_2/SI-P03-T01-GRANTS-US-INDIV-2014.CSV,2026-08-11T15:34:37.000Z,"""c95cad8fa14427d55b04e0cf84b5c59c-2""",15694342,STANDARD,nccs-efile,15.7 mb,https://nccs-efile.s3.us-east-1.amazonaws.com/public/efile_v2_2/SI-P03-T01-GRANTS-US-INDIV-2014.CSV
public/efile_v2_2/SI-P03-T01-GRANTS-US-INDIV-2015.CSV,2026-08-11T15:34:37.000Z,"""2a6cc610a287d96469dece9c9e916c38-2""",16418968,STANDARD,nccs-efile,16.4 mb,https://nccs-efile.s3.us-east-1.amazonaws.com/public/efile_v2_2/SI-P03-T01-GRANTS-US-INDIV-2015.CSV
public/efile_v2_2/SI-P03-T01-GRANTS-US-INDIV-2016.CSV,2026-08-11T15:34:37.000Z,"""6d8fee7a2403ae6bcc9897a64fbdfa5e-3""",17010551,STANDARD,nccs-efile,17 mb,https://nccs-efile.s3.us-east-1.amazonaws.com/public/efile_v2_2/SI-P03-T01-GRANTS-US-INDIV-2016.CSV
public/efile_v2_2/SI-P03-T01-GRANTS-US-INDIV-2017.CSV,2026-08-11T15:34:37.000Z,"""98d2e9681d59e468bcd2353c2aaeca72-3""",18902105,STANDARD,nccs-efile,18.9 mb,https://nccs-efile.s3.us-east-1.amazonaws.com/public/efile_v2_2/SI-P03-T01-GRANTS-US-INDIV-2017.CSV
public/efile_v2_2/SI-P03-T01-GRANTS-US-INDIV-2018.CSV,2026-08-11T15:34:38.000Z,"""56aec2dd84ffffd3fbf9e353e1343a59-3""",19356371,STANDARD,nccs-efile,19.4 mb,https://nccs-efile.s3.us-east-1.amazonaws.com/public/efile_v2_2/SI-P03-T01-GRANTS-US-INDIV-2018.CSV
public/efile_v2_2/SI-P03-T01-GRANTS-US-INDIV-2019.CSV,2026-08-11T15:34:38.000Z,"""eab0ca476d6afa61e197641bd9d17963-3""",19941011,STANDARD,nccs-efile,19.9 mb,https://nccs-efile.s3.us-east-1.amazonaws.com/public/efile_v2_2/SI-P03-T01-GRANTS-US-INDIV-2019.CSV
public/efile_v2_2/SI-P03-T01-GRANTS-US-INDIV-2020.CSV,2026-08-11T15:34:38.000Z,"""35cbf28c32a18d88d06b87f22a505f36-3""",23762552,STANDARD,nccs-efile,23.8 mb,https://nccs-efile.s3.us-east-1.amazonaws.com/public/efile_v2_2/SI-P03-T01-GRANTS-US-INDIV-2020.CSV
public/efile_v2_2/SI-P03-T01-GRANTS-US-INDIV-2021.CSV,2026-08-11T15:34:38.000Z,"""b22b988677bbd8a796f4c4fbcc27332b-3""",22643043,STANDARD,nccs-efile,22.6 mb,https://nccs-efile.s3.us-east-1.amazonaws.com/public/efile_v2_2/SI-P03-T01-GRANTS-US-INDIV-2021.CSV
public/efile_v2_2/SI-P03-T01-GRANTS-US-INDIV-2022.CSV,2026-08-11T17:08:24.000Z,"""69619d31f38ebf6794e5c0bf4bb676fc-3""",24167361,STANDARD,nccs-efile,24.2 mb,https://nccs-efile.s3.us-east-1.amazonaws.com/public/efile_v2_2/SI-P03-T01-GRANTS-US-INDIV-2022.CSV
public/efile_v2_2/SI-P03-T01-GRANTS-US-INDIV-2023.CSV,2026-08-11T17:08:25.000Z,"""c9f76a11db1d65a5d9cc58349e39fcba-3""",24594454,STANDARD,nccs-efile,24.6 mb,https://nccs-efile.s3.us-east-1.amazonaws.com/public/efile_v2_2/SI-P03-T01-GRANTS-US-INDIV-2023.CSV
public/efile_v2_2/SI-P03-T01-GRANTS-US-INDIV-2024.CSV,2026-08-11T17:08:25.000Z,"""88de4d124de8a4e14e519c53e32ab1fc-3""",17585200,STANDARD,nccs-efile,17.6 mb,https://nccs-efile.s3.us-east-1.amazonaws.com/public/efile_v2_2/SI-P03-T01-GRANTS-US-INDIV-2024.CSV
public/efile_v2_2/SI-P99-T00-GRANTS-US-ORGS-GOVTS-2009.CSV,2026-08-11T15:34:38.000Z,"""6256e32ce9da80663308cb5fa78d4ddd""",210172,STANDARD,nccs-efile,0.2 mb,https://nccs-efile.s3.us-east-1.amazonaws.com/public/efile_v2_2/SI-P99-T00-GRANTS-US-ORGS-GOVTS-2009.CSV
public/efile_v2_2/SI-P99-T00-GRANTS-US-ORGS-GOVTS-2010.CSV,2026-08-11T15:34:39.000Z,"""6c0406d6f1de9ba259d392e305b79134""",893246,STANDARD,nccs-efile,0.9 mb,https://nccs-efile.s3.us-east-1.amazonaws.com/public/efile_v2_2/SI-P99-T00-GRANTS-US-ORGS-GOVTS-2010.CSV
public/efile_v2_2/SI-P99-T00-GRANTS-US-ORGS-GOVTS-2011.CSV,2026-08-11T15:34:39.000Z,"""c51f95890aee694156a0cf0963cc6446""",1163033,STANDARD,nccs-efile,1.2 mb,https://nccs-efile.s3.us-east-1.amazonaws.com/public/efile_v2_2/SI-P99-T00-GRANTS-US-ORGS-GOVTS-2011.CSV
public/efile_v2_2/SI-P99-T00-GRANTS-US-ORGS-GOVTS-2012.CSV,2026-08-11T15:34:39.000Z,"""3d7ef0e5f87c14399cb32e5b0790f039""",207,STANDARD,nccs-efile,0 mb,https://nccs-efile.s3.us-east-1.amazonaws.com/public/efile_v2_2/SI-P99-T00-GRANTS-US-ORGS-GOVTS-2012.CSV
public/efile_v2_2/SI-P99-T00-GRANTS-US-ORGS-GOVTS-2013.CSV,2026-08-11T15:34:39.000Z,"""3d7ef0e5f87c14399cb32e5b0790f039""",207,STANDARD,nccs-efile,0 mb,https://nccs-efile.s3.us-east-1.amazonaws.com/public/efile_v2_2/SI-P99-T00-GRANTS-US-ORGS-GOVTS-2013.CSV
public/efile_v2_2/SI-P99-T00-GRANTS-US-ORGS-GOVTS-2014.CSV,2026-08-11T15:34:39.000Z,"""3d7ef0e5f87c14399cb32e5b0790f039""",207,STANDARD,nccs-efile,0 mb,https://nccs-efile.s3.us-east-1.amazonaws.com/public/efile_v2_2/SI-P99-T00-GRANTS-US-ORGS-GOVTS-2014.CSV
public/efile_v2_2/SI-P99-T00-GRANTS-US-ORGS-GOVTS-2015.CSV,2026-08-11T15:34:39.000Z,"""3d7ef0e5f87c14399cb32e5b0790f039""",207,STANDARD,nccs-efile,0 mb,https://nccs-efile.s3.us-east-1.amazonaws.com/public/efile_v2_2/SI-P99-T00-GRANTS-US-ORGS-GOVTS-2015.CSV
public/efile_v2_2/SI-P99-T00-GRANTS-US-ORGS-GOVTS-2016.CSV,2026-08-11T15:34:39.000Z,"""3d7ef0e5f87c14399cb32e5b0790f039""",207,STANDARD,nccs-efile,0 mb,https://nccs-efile.s3.us-east-1.amazonaws.com/public/efile_v2_2/SI-P99-T00-GRANTS-US-ORGS-GOVTS-2016.CSV
public/efile_v2_2/SI-P99-T00-GRANTS-US-ORGS-GOVTS-2017.CSV,2026-08-11T15:34:39.000Z,"""3d7ef0e5f87c14399cb32e5b0790f039""",207,STANDARD,nccs-efile,0 mb,https://nccs-efile.s3.us-east-1.amazonaws.com/public/efile_v2_2/SI-P99-T00-GRANTS-US-ORGS-GOVTS-2017.CSV
public/efile_v2_2/SI-P99-T00-GRANTS-US-ORGS-GOVTS-2018.CSV,2026-08-11T15:34:39.000Z,"""3d7ef0e5f87c14399cb32e5b0790f039""",207,STANDARD,nccs-efile,0 mb,https://nccs-efile.s3.us-east-1.amazonaws.com/public/efile_v2_2/SI-P99-T00-GRANTS-US-ORGS-GOVTS-2018.CSV
public/efile_v2_2/SI-P99-T00-GRANTS-US-ORGS-GOVTS-2019.CSV,2026-08-11T15:34:39.000Z,"""3d7ef0e5f87c14399cb32e5b0790f039""",207,STANDARD,nccs-efile,0 mb,https://nccs-efile.s3.us-east-1.amazonaws.com/public/efile_v2_2/SI-P99-T00-GRANTS-US-ORGS-GOVTS-2019.CSV
public/efile_v2_2/SI-P99-T00-GRANTS-US-ORGS-GOVTS-2020.CSV,2026-08-11T15:34:39.000Z,"""3d7ef0e5f87c14399cb32e5b0790f039""",207,STANDARD,nccs-efile,0 mb,https://nccs-efile.s3.us-east-1.amazonaws.com/public/efile_v2_2/SI-P99-T00-GRANTS-US-ORGS-GOVTS-2020.CSV
public/efile_v2_2/SI-P99-T00-GRANTS-US-ORGS-GOVTS-2021.CSV,2026-08-11T15:34:39.000Z,"""3d7ef0e5f87c14399cb32e5b0790f039""",207,STANDARD,nccs-efile,0 mb,https://nccs-efile.s3.us-east-1.amazonaws.com/public/efile_v2_2/SI-P99-T00-GRANTS-US-ORGS-GOVTS-2021.CSV
public/efile_v2_2/SI-P99-T00-GRANTS-US-ORGS-GOVTS-2022.CSV,2026-08-11T17:08:25.000Z,"""3d7ef0e5f87c14399cb32e5b0790f039""",207,STANDARD,nccs-efile,0 mb,https://nccs-efile.s3.us-east-1.amazonaws.com/public/efile_v2_2/SI-P99-T00-GRANTS-US-ORGS-GOVTS-2022.CSV
public/efile_v2_2/SI-P99-T00-GRANTS-US-ORGS-GOVTS-2023.CSV,2026-08-11T17:08:25.000Z,"""3d7ef0e5f87c14399cb32e5b0790f039""",207,STANDARD,nccs-efile,0 mb,https://nccs-efile.s3.us-east-1.amazonaws.com/public/efile_v2_2/SI-P99-T00-GRANTS-US-ORGS-GOVTS-2023.CSV
public/efile_v2_2/SI-P99-T00-GRANTS-US-ORGS-GOVTS-2024.CSV,2026-08-11T17:08:25.000Z,"""3d7ef0e5f87c14399cb32e5b0790f039""",207,STANDARD,nccs-efile,0 mb,https://nccs-efile.s3.us-east-1.amazonaws.com/public/efile_v2_2/SI-P99-T00-GRANTS-US-ORGS-GOVTS-2024.CSV
public/efile_v2_2/SJ-P01-T00-COMPENSATION-2009.CSV,2026-08-11T15:34:40.000Z,"""7b73f2798bbaf8562312f49515e2ea9f""",4846311,STANDARD,nccs-efile,4.8 mb,https://nccs-efile.s3.us-east-1.amazonaws.com/public/efile_v2_2/SJ-P01-T00-COMPENSATION-2009.CSV
public/efile_v2_2/SJ-P01-T00-COMPENSATION-2010.CSV,2026-08-11T15:34:40.000Z,"""eb6614cb9c6e093e72b7aed665db27c8-2""",11321626,STANDARD,nccs-efile,11.3 mb,https://nccs-efile.s3.us-east-1.amazonaws.com/public/efile_v2_2/SJ-P01-T00-COMPENSATION-2010.CSV
public/efile_v2_2/SJ-P01-T00-COMPENSATION-2011.CSV,2026-08-11T15:34:40.000Z,"""e912b23a399c186bf85da94c0647b184-2""",13164238,STANDARD,nccs-efile,13.2 mb,https://nccs-efile.s3.us-east-1.amazonaws.com/public/efile_v2_2/SJ-P01-T00-COMPENSATION-2011.CSV
public/efile_v2_2/SJ-P01-T00-COMPENSATION-2012.CSV,2026-08-11T15:34:40.000Z,"""f5bf8bd07fa810883929c45c64fa253a-2""",14336566,STANDARD,nccs-efile,14.3 mb,https://nccs-efile.s3.us-east-1.amazonaws.com/public/efile_v2_2/SJ-P01-T00-COMPENSATION-2012.CSV
public/efile_v2_2/SJ-P01-T00-COMPENSATION-2013.CSV,2026-08-11T15:34:40.000Z,"""d7ce911541ccaf64b7565d55e66e1a03-2""",15448288,STANDARD,nccs-efile,15.4 mb,https://nccs-efile.s3.us-east-1.amazonaws.com/public/efile_v2_2/SJ-P01-T00-COMPENSATION-2013.CSV
public/efile_v2_2/SJ-P01-T00-COMPENSATION-2014.CSV,2026-08-11T15:34:40.000Z,"""d9f7d9d0f37fefc05b5a0de3e468233e-2""",16739361,STANDARD,nccs-efile,16.7 mb,https://nccs-efile.s3.us-east-1.amazonaws.com/public/efile_v2_2/SJ-P01-T00-COMPENSATION-2014.CSV
public/efile_v2_2/SJ-P01-T00-COMPENSATION-2015.CSV,2026-08-11T15:34:40.000Z,"""a602b0e96069227132d9ea7ef6be75cb-3""",17815655,STANDARD,nccs-efile,17.8 mb,https://nccs-efile.s3.us-east-1.amazonaws.com/public/efile_v2_2/SJ-P01-T00-COMPENSATION-2015.CSV
public/efile_v2_2/SJ-P01-T00-COMPENSATION-2016.CSV,2026-08-11T15:34:40.000Z,"""284fb81d5743a25d78c24192e3f3c70a-3""",18617947,STANDARD,nccs-efile,18.6 mb,https://nccs-efile.s3.us-east-1.amazonaws.com/public/efile_v2_2/SJ-P01-T00-COMPENSATION-2016.CSV
public/efile_v2_2/SJ-P01-T00-COMPENSATION-2017.CSV,2026-08-11T15:34:41.000Z,"""082529703b8fef910c5b9d9c47f12802-3""",20235916,STANDARD,nccs-efile,20.2 mb,https://nccs-efile.s3.us-east-1.amazonaws.com/public/efile_v2_2/SJ-P01-T00-COMPENSATION-2017.CSV
public/efile_v2_2/SJ-P01-T00-COMPENSATION-2018.CSV,2026-08-11T15:34:41.000Z,"""453de8156ecda335f094fc3ecbad34b8-3""",20734219,STANDARD,nccs-efile,20.7 mb,https://nccs-efile.s3.us-east-1.amazonaws.com/public/efile_v2_2/SJ-P01-T00-COMPENSATION-2018.CSV
public/efile_v2_2/SJ-P01-T00-COMPENSATION-2019.CSV,2026-08-11T15:34:41.000Z,"""6d6c3f049720d5d1197ecddecadf2d7c-3""",21765110,STANDARD,nccs-efile,21.8 mb,https://nccs-efile.s3.us-east-1.amazonaws.com/public/efile_v2_2/SJ-P01-T00-COMPENSATION-2019.CSV
public/efile_v2_2/SJ-P01-T00-COMPENSATION-2020.CSV,2026-08-11T15:34:41.000Z,"""bc958b5df4dda82725e50e23ec374397-4""",25761412,STANDARD,nccs-efile,25.8 mb,https://nccs-efile.s3.us-east-1.amazonaws.com/public/efile_v2_2/SJ-P01-T00-COMPENSATION-2020.CSV
public/efile_v2_2/SJ-P01-T00-COMPENSATION-2021.CSV,2026-08-11T15:34:42.000Z,"""baf06e5a4f6c6389be4259e5e3021090-3""",25105006,STANDARD,nccs-efile,25.1 mb,https://nccs-efile.s3.us-east-1.amazonaws.com/public/efile_v2_2/SJ-P01-T00-COMPENSATION-2021.CSV
public/efile_v2_2/SJ-P01-T00-COMPENSATION-2022.CSV,2026-08-11T17:08:25.000Z,"""f753860d568023af107d7c1c1a9fc877-4""",26622569,STANDARD,nccs-efile,26.6 mb,https://nccs-efile.s3.us-east-1.amazonaws.com/public/efile_v2_2/SJ-P01-T00-COMPENSATION-2022.CSV
public/efile_v2_2/SJ-P01-T00-COMPENSATION-2023.CSV,2026-08-11T17:08:26.000Z,"""198a1303da117747a51b534abdc74e74-4""",27934978,STANDARD,nccs-efile,27.9 mb,https://nccs-efile.s3.us-east-1.amazonaws.com/public/efile_v2_2/SJ-P01-T00-COMPENSATION-2023.CSV
public/efile_v2_2/SJ-P01-T00-COMPENSATION-2024.CSV,2026-08-11T17:08:26.000Z,"""7ec8a9f526d80b9deed470ef3af2940b-3""",19384458,STANDARD,nccs-efile,19.4 mb,https://nccs-efile.s3.us-east-1.amazonaws.com/public/efile_v2_2/SJ-P01-T00-COMPENSATION-2024.CSV
public/efile_v2_2/SJ-P02-T01-COMPENSATION-DTK-2009.CSV,2026-08-11T15:34:43.000Z,"""d8970581c061ff4f52acc64ffd8550d8-4""",29724652,STANDARD,nccs-efile,29.7 mb,https://nccs-efile.s3.us-east-1.amazonaws.com/public/efile_v2_2/SJ-P02-T01-COMPENSATION-DTK-2009.CSV
public/efile_v2_2/SJ-P02-T01-COMPENSATION-DTK-2010.CSV,2026-08-11T15:34:43.000Z,"""ec6db77e1a622f46bdeefb81a3ba8acd-8""",61949145,STANDARD,nccs-efile,61.9 mb,https://nccs-efile.s3.us-east-1.amazonaws.com/public/efile_v2_2/SJ-P02-T01-COMPENSATION-DTK-2010.CSV
public/efile_v2_2/SJ-P02-T01-COMPENSATION-DTK-2011.CSV,2026-08-11T15:34:43.000Z,"""a178bdfb2d47329c25cd8577a85d53de-9""",69970373,STANDARD,nccs-efile,70 mb,https://nccs-efile.s3.us-east-1.amazonaws.com/public/efile_v2_2/SJ-P02-T01-COMPENSATION-DTK-2011.CSV
public/efile_v2_2/SJ-P02-T01-COMPENSATION-DTK-2012.CSV,2026-08-11T15:34:44.000Z,"""35f362dd1d251efc278b57b6fd78d99a-10""",78743461,STANDARD,nccs-efile,78.7 mb,https://nccs-efile.s3.us-east-1.amazonaws.com/public/efile_v2_2/SJ-P02-T01-COMPENSATION-DTK-2012.CSV
public/efile_v2_2/SJ-P02-T01-COMPENSATION-DTK-2013.CSV,2026-08-11T15:34:45.000Z,"""945b4911968e2f43d4d22f5c54f981cd-8""",62571355,STANDARD,nccs-efile,62.6 mb,https://nccs-efile.s3.us-east-1.amazonaws.com/public/efile_v2_2/SJ-P02-T01-COMPENSATION-DTK-2013.CSV
public/efile_v2_2/SJ-P02-T01-COMPENSATION-DTK-2014.CSV,2026-08-11T15:34:45.000Z,"""c8c878d0e7e8164e1328e9f08ea29e9d-9""",67502858,STANDARD,nccs-efile,67.5 mb,https://nccs-efile.s3.us-east-1.amazonaws.com/public/efile_v2_2/SJ-P02-T01-COMPENSATION-DTK-2014.CSV
public/efile_v2_2/SJ-P02-T01-COMPENSATION-DTK-2015.CSV,2026-08-11T15:34:46.000Z,"""6d6c90ff329207124e151ce7a4d2adc7-9""",72211498,STANDARD,nccs-efile,72.2 mb,https://nccs-efile.s3.us-east-1.amazonaws.com/public/efile_v2_2/SJ-P02-T01-COMPENSATION-DTK-2015.CSV
public/efile_v2_2/SJ-P02-T01-COMPENSATION-DTK-2016.CSV,2026-08-11T15:34:46.000Z,"""e413380ac5ad32f9d38b34b58bf306c5-9""",75235791,STANDARD,nccs-efile,75.2 mb,https://nccs-efile.s3.us-east-1.amazonaws.com/public/efile_v2_2/SJ-P02-T01-COMPENSATION-DTK-2016.CSV
public/efile_v2_2/SJ-P02-T01-COMPENSATION-DTK-2017.CSV,2026-08-11T15:34:47.000Z,"""26125e85ccb25140ca8a8b4a59488162-10""",82668455,STANDARD,nccs-efile,82.7 mb,https://nccs-efile.s3.us-east-1.amazonaws.com/public/efile_v2_2/SJ-P02-T01-COMPENSATION-DTK-2017.CSV
public/efile_v2_2/SJ-P02-T01-COMPENSATION-DTK-2018.CSV,2026-08-11T15:34:48.000Z,"""7abc951718ffc7019907d192defb133f-11""",84805853,STANDARD,nccs-efile,84.8 mb,https://nccs-efile.s3.us-east-1.amazonaws.com/public/efile_v2_2/SJ-P02-T01-COMPENSATION-DTK-2018.CSV
public/efile_v2_2/SJ-P02-T01-COMPENSATION-DTK-2019.CSV,2026-08-11T15:34:48.000Z,"""10eb4fe1fe65e3060b89d31ea35a5418-11""",89369516,STANDARD,nccs-efile,89.4 mb,https://nccs-efile.s3.us-east-1.amazonaws.com/public/efile_v2_2/SJ-P02-T01-COMPENSATION-DTK-2019.CSV
public/efile_v2_2/SJ-P02-T01-COMPENSATION-DTK-2020.CSV,2026-08-11T15:34:49.000Z,"""dfddb456badab3465c39c2a3ca3bd510-13""",104003515,STANDARD,nccs-efile,104 mb,https://nccs-efile.s3.us-east-1.amazonaws.com/public/efile_v2_2/SJ-P02-T01-COMPENSATION-DTK-2020.CSV
public/efile_v2_2/SJ-P02-T01-COMPENSATION-DTK-2021.CSV,2026-08-11T15:34:50.000Z,"""2ea760d45b81e69638f17bbbf0913189-13""",102726597,STANDARD,nccs-efile,102.7 mb,https://nccs-efile.s3.us-east-1.amazonaws.com/public/efile_v2_2/SJ-P02-T01-COMPENSATION-DTK-2021.CSV
public/efile_v2_2/SJ-P02-T01-COMPENSATION-DTK-2022.CSV,2026-08-11T17:08:26.000Z,"""e512bb6fe5685175ab5694c28e649fce-14""",110329321,STANDARD,nccs-efile,110.3 mb,https://nccs-efile.s3.us-east-1.amazonaws.com/public/efile_v2_2/SJ-P02-T01-COMPENSATION-DTK-2022.CSV
public/efile_v2_2/SJ-P02-T01-COMPENSATION-DTK-2023.CSV,2026-08-11T17:08:28.000Z,"""991fb0471f56939c62a1033b49e4430f-14""",116399733,STANDARD,nccs-efile,116.4 mb,https://nccs-efile.s3.us-east-1.amazonaws.com/public/efile_v2_2/SJ-P02-T01-COMPENSATION-DTK-2023.CSV
public/efile_v2_2/SJ-P02-T01-COMPENSATION-DTK-2024.CSV,2026-08-11T17:08:29.000Z,"""cc5228497814f077b93ee5b1354ba1b3-9""",73839362,STANDARD,nccs-efile,73.8 mb,https://nccs-efile.s3.us-east-1.amazonaws.com/public/efile_v2_2/SJ-P02-T01-COMPENSATION-DTK-2024.CSV
public/efile_v2_2/SK-P01-T01-BOND-ISSUES-2009.CSV,2026-08-11T15:34:49.000Z,"""07fedc11963dd98bec37d516f7bbcb4c""",2922656,STANDARD,nccs-efile,2.9 mb,https://nccs-efile.s3.us-east-1.amazonaws.com/public/efile_v2_2/SK-P01-T01-BOND-ISSUES-2009.CSV
public/efile_v2_2/SK-P01-T01-BOND-ISSUES-2010.CSV,2026-08-11T15:34:49.000Z,"""82b0f4a87e3b171790fae2fc46a3f6a0""",5049730,STANDARD,nccs-efile,5 mb,https://nccs-efile.s3.us-east-1.amazonaws.com/public/efile_v2_2/SK-P01-T01-BOND-ISSUES-2010.CSV
public/efile_v2_2/SK-P01-T01-BOND-ISSUES-2011.CSV,2026-08-11T15:34:50.000Z,"""b261af71f57fc8da4c41597e811caea8""",5498986,STANDARD,nccs-efile,5.5 mb,https://nccs-efile.s3.us-east-1.amazonaws.com/public/efile_v2_2/SK-P01-T01-BOND-ISSUES-2011.CSV
public/efile_v2_2/SK-P01-T01-BOND-ISSUES-2012.CSV,2026-08-11T15:34:50.000Z,"""071eb7fdfbe6f2d119e7b7fd494c7a51""",6029180,STANDARD,nccs-efile,6 mb,https://nccs-efile.s3.us-east-1.amazonaws.com/public/efile_v2_2/SK-P01-T01-BOND-ISSUES-2012.CSV
public/efile_v2_2/SK-P01-T01-BOND-ISSUES-2013.CSV,2026-08-11T15:34:50.000Z,"""b0c1b77e6b0a0e8c73e773472f2c789c""",4115035,STANDARD,nccs-efile,4.1 mb,https://nccs-efile.s3.us-east-1.amazonaws.com/public/efile_v2_2/SK-P01-T01-BOND-ISSUES-2013.CSV
public/efile_v2_2/SK-P01-T01-BOND-ISSUES-2014.CSV,2026-08-11T15:34:50.000Z,"""ea96d20e92109fe062f4d0994b3dc8f0""",4194413,STANDARD,nccs-efile,4.2 mb,https://nccs-efile.s3.us-east-1.amazonaws.com/public/efile_v2_2/SK-P01-T01-BOND-ISSUES-2014.CSV
public/efile_v2_2/SK-P01-T01-BOND-ISSUES-2015.CSV,2026-08-11T15:34:51.000Z,"""ba63d05904f91188ee89f973342e2c17""",4242873,STANDARD,nccs-efile,4.2 mb,https://nccs-efile.s3.us-east-1.amazonaws.com/public/efile_v2_2/SK-P01-T01-BOND-ISSUES-2015.CSV
public/efile_v2_2/SK-P01-T01-BOND-ISSUES-2016.CSV,2026-08-11T15:34:51.000Z,"""684cdfe50ce97b88ab7d1076bf0225b1""",4217128,STANDARD,nccs-efile,4.2 mb,https://nccs-efile.s3.us-east-1.amazonaws.com/public/efile_v2_2/SK-P01-T01-BOND-ISSUES-2016.CSV
public/efile_v2_2/SK-P01-T01-BOND-ISSUES-2017.CSV,2026-08-11T15:34:51.000Z,"""ec15834ce9202b3413663efdd3965619""",4459275,STANDARD,nccs-efile,4.5 mb,https://nccs-efile.s3.us-east-1.amazonaws.com/public/efile_v2_2/SK-P01-T01-BOND-ISSUES-2017.CSV
public/efile_v2_2/SK-P01-T01-BOND-ISSUES-2018.CSV,2026-08-11T15:34:51.000Z,"""dd193e48084c57c15fb975923855940a""",4215953,STANDARD,nccs-efile,4.2 mb,https://nccs-efile.s3.us-east-1.amazonaws.com/public/efile_v2_2/SK-P01-T01-BOND-ISSUES-2018.CSV
public/efile_v2_2/SK-P01-T01-BOND-ISSUES-2019.CSV,2026-08-11T15:34:51.000Z,"""936c5d5cd89340bec3658b270ea90acb""",4204858,STANDARD,nccs-efile,4.2 mb,https://nccs-efile.s3.us-east-1.amazonaws.com/public/efile_v2_2/SK-P01-T01-BOND-ISSUES-2019.CSV
public/efile_v2_2/SK-P01-T01-BOND-ISSUES-2020.CSV,2026-08-11T15:34:51.000Z,"""9f2628348fcc523ed349a75161b73ece""",4691004,STANDARD,nccs-efile,4.7 mb,https://nccs-efile.s3.us-east-1.amazonaws.com/public/efile_v2_2/SK-P01-T01-BOND-ISSUES-2020.CSV
public/efile_v2_2/SK-P01-T01-BOND-ISSUES-2021.CSV,2026-08-11T15:34:51.000Z,"""093addd30afeda8724549f17d761788a""",4163106,STANDARD,nccs-efile,4.2 mb,https://nccs-efile.s3.us-east-1.amazonaws.com/public/efile_v2_2/SK-P01-T01-BOND-ISSUES-2021.CSV
public/efile_v2_2/SK-P01-T01-BOND-ISSUES-2022.CSV,2026-08-11T17:08:30.000Z,"""6119ade37710101426ddc30151545ce3""",4112750,STANDARD,nccs-efile,4.1 mb,https://nccs-efile.s3.us-east-1.amazonaws.com/public/efile_v2_2/SK-P01-T01-BOND-ISSUES-2022.CSV
public/efile_v2_2/SK-P01-T01-BOND-ISSUES-2023.CSV,2026-08-11T17:08:30.000Z,"""259cd9a9c78a177a888cdd0c71d5540a""",4057370,STANDARD,nccs-efile,4.1 mb,https://nccs-efile.s3.us-east-1.amazonaws.com/public/efile_v2_2/SK-P01-T01-BOND-ISSUES-2023.CSV
public/efile_v2_2/SK-P01-T01-BOND-ISSUES-2024.CSV,2026-08-11T17:08:30.000Z,"""ab1163d734bd288270e488631e47d0f3""",1993772,STANDARD,nccs-efile,2 mb,https://nccs-efile.s3.us-east-1.amazonaws.com/public/efile_v2_2/SK-P01-T01-BOND-ISSUES-2024.CSV
public/efile_v2_2/SK-P02-T01-BOND-PROCEEDS-2009.CSV,2026-08-11T15:34:52.000Z,"""144631a08515b7c11170725c85cbb42f""",1915182,STANDARD,nccs-efile,1.9 mb,https://nccs-efile.s3.us-east-1.amazonaws.com/public/efile_v2_2/SK-P02-T01-BOND-PROCEEDS-2009.CSV
public/efile_v2_2/SK-P02-T01-BOND-PROCEEDS-2010.CSV,2026-08-11T15:34:52.000Z,"""5665894c6337905d980d0588bbafbc6c""",3347218,STANDARD,nccs-efile,3.3 mb,https://nccs-efile.s3.us-east-1.amazonaws.com/public/efile_v2_2/SK-P02-T01-BOND-PROCEEDS-2010.CSV
public/efile_v2_2/SK-P02-T01-BOND-PROCEEDS-2011.CSV,2026-08-11T15:34:52.000Z,"""c02c984b9d0eda9b14eebc01fa4a469e""",3685819,STANDARD,nccs-efile,3.7 mb,https://nccs-efile.s3.us-east-1.amazonaws.com/public/efile_v2_2/SK-P02-T01-BOND-PROCEEDS-2011.CSV
public/efile_v2_2/SK-P02-T01-BOND-PROCEEDS-2012.CSV,2026-08-11T15:34:52.000Z,"""5750e477785712275ef90f473f6602a3""",4022248,STANDARD,nccs-efile,4 mb,https://nccs-efile.s3.us-east-1.amazonaws.com/public/efile_v2_2/SK-P02-T01-BOND-PROCEEDS-2012.CSV
public/efile_v2_2/SK-P02-T01-BOND-PROCEEDS-2013.CSV,2026-08-11T15:34:52.000Z,"""9ee3a163d267c5d36e27363e66b651ec""",3523879,STANDARD,nccs-efile,3.5 mb,https://nccs-efile.s3.us-east-1.amazonaws.com/public/efile_v2_2/SK-P02-T01-BOND-PROCEEDS-2013.CSV
public/efile_v2_2/SK-P02-T01-BOND-PROCEEDS-2014.CSV,2026-08-11T15:34:52.000Z,"""53e55c770a96e23c51974a80026507a8""",3605324,STANDARD,nccs-efile,3.6 mb,https://nccs-efile.s3.us-east-1.amazonaws.com/public/efile_v2_2/SK-P02-T01-BOND-PROCEEDS-2014.CSV
public/efile_v2_2/SK-P02-T01-BOND-PROCEEDS-2015.CSV,2026-08-11T15:34:52.000Z,"""a795c521d3e1f601df67a7f15e4c1098""",3654477,STANDARD,nccs-efile,3.7 mb,https://nccs-efile.s3.us-east-1.amazonaws.com/public/efile_v2_2/SK-P02-T01-BOND-PROCEEDS-2015.CSV
public/efile_v2_2/SK-P02-T01-BOND-PROCEEDS-2016.CSV,2026-08-11T15:34:52.000Z,"""2ce9d0804ec3c2158d774a0d2addd8c5""",3638162,STANDARD,nccs-efile,3.6 mb,https://nccs-efile.s3.us-east-1.amazonaws.com/public/efile_v2_2/SK-P02-T01-BOND-PROCEEDS-2016.CSV
public/efile_v2_2/SK-P02-T01-BOND-PROCEEDS-2017.CSV,2026-08-11T15:34:52.000Z,"""8d2ed906a4b5c3c64c0c6ce2ddd22c42""",3853968,STANDARD,nccs-efile,3.9 mb,https://nccs-efile.s3.us-east-1.amazonaws.com/public/efile_v2_2/SK-P02-T01-BOND-PROCEEDS-2017.CSV
public/efile_v2_2/SK-P02-T01-BOND-PROCEEDS-2018.CSV,2026-08-11T15:34:52.000Z,"""677db6dc1f0df7a3f1c05aeffbf8547b""",3605913,STANDARD,nccs-efile,3.6 mb,https://nccs-efile.s3.us-east-1.amazonaws.com/public/efile_v2_2/SK-P02-T01-BOND-PROCEEDS-2018.CSV
public/efile_v2_2/SK-P02-T01-BOND-PROCEEDS-2019.CSV,2026-08-11T15:34:52.000Z,"""23baa9ab8f291ed3e6f0be5aaca8ea99""",3595535,STANDARD,nccs-efile,3.6 mb,https://nccs-efile.s3.us-east-1.amazonaws.com/public/efile_v2_2/SK-P02-T01-BOND-PROCEEDS-2019.CSV
public/efile_v2_2/SK-P02-T01-BOND-PROCEEDS-2020.CSV,2026-08-11T15:34:52.000Z,"""0c7828ff9e5102aa2cb40848447ebdbf""",4006776,STANDARD,nccs-efile,4 mb,https://nccs-efile.s3.us-east-1.amazonaws.com/public/efile_v2_2/SK-P02-T01-BOND-PROCEEDS-2020.CSV
public/efile_v2_2/SK-P02-T01-BOND-PROCEEDS-2021.CSV,2026-08-11T15:34:52.000Z,"""4f0151b162cfa2f029f303f74d1e27ff""",3568315,STANDARD,nccs-efile,3.6 mb,https://nccs-efile.s3.us-east-1.amazonaws.com/public/efile_v2_2/SK-P02-T01-BOND-PROCEEDS-2021.CSV
public/efile_v2_2/SK-P02-T01-BOND-PROCEEDS-2022.CSV,2026-08-11T17:08:31.000Z,"""f6c14e49ca0a6f3d5e402e903c35afef""",3526548,STANDARD,nccs-efile,3.5 mb,https://nccs-efile.s3.us-east-1.amazonaws.com/public/efile_v2_2/SK-P02-T01-BOND-PROCEEDS-2022.CSV
public/efile_v2_2/SK-P02-T01-BOND-PROCEEDS-2023.CSV,2026-08-11T17:08:30.000Z,"""003ec2721019ae918ff827be6d920e54""",3484155,STANDARD,nccs-efile,3.5 mb,https://nccs-efile.s3.us-east-1.amazonaws.com/public/efile_v2_2/SK-P02-T01-BOND-PROCEEDS-2023.CSV
public/efile_v2_2/SK-P02-T01-BOND-PROCEEDS-2024.CSV,2026-08-11T17:08:30.000Z,"""18b10b6d7e0189d54816a9e629e02a00""",1708951,STANDARD,nccs-efile,1.7 mb,https://nccs-efile.s3.us-east-1.amazonaws.com/public/efile_v2_2/SK-P02-T01-BOND-PROCEEDS-2024.CSV
public/efile_v2_2/SK-P03-T01-BOND-PRIVATE-BIZ-USE-2009.CSV,2026-08-11T15:34:53.000Z,"""31ab7618702480f0b93fd68f16a10d6f""",1440769,STANDARD,nccs-efile,1.4 mb,https://nccs-efile.s3.us-east-1.amazonaws.com/public/efile_v2_2/SK-P03-T01-BOND-PRIVATE-BIZ-USE-2009.CSV
public/efile_v2_2/SK-P03-T01-BOND-PRIVATE-BIZ-USE-2010.CSV,2026-08-11T15:34:53.000Z,"""5e73df10c6ad309a1777c0bf7cbf7f95""",2522834,STANDARD,nccs-efile,2.5 mb,https://nccs-efile.s3.us-east-1.amazonaws.com/public/efile_v2_2/SK-P03-T01-BOND-PRIVATE-BIZ-USE-2010.CSV
public/efile_v2_2/SK-P03-T01-BOND-PRIVATE-BIZ-USE-2011.CSV,2026-08-11T15:34:53.000Z,"""7cc93c73da98f26d755f19aa3cbaacfc""",2874094,STANDARD,nccs-efile,2.9 mb,https://nccs-efile.s3.us-east-1.amazonaws.com/public/efile_v2_2/SK-P03-T01-BOND-PRIVATE-BIZ-USE-2011.CSV
public/efile_v2_2/SK-P03-T01-BOND-PRIVATE-BIZ-USE-2012.CSV,2026-08-11T15:34:53.000Z,"""4097fab1d4c4ab919b82a6151cbfeb7c""",3141145,STANDARD,nccs-efile,3.1 mb,https://nccs-efile.s3.us-east-1.amazonaws.com/public/efile_v2_2/SK-P03-T01-BOND-PRIVATE-BIZ-USE-2012.CSV
public/efile_v2_2/SK-P03-T01-BOND-PRIVATE-BIZ-USE-2013.CSV,2026-08-11T15:34:53.000Z,"""143abbd7217f0fc0343a04b46adfdc66""",3186843,STANDARD,nccs-efile,3.2 mb,https://nccs-efile.s3.us-east-1.amazonaws.com/public/efile_v2_2/SK-P03-T01-BOND-PRIVATE-BIZ-USE-2013.CSV
public/efile_v2_2/SK-P03-T01-BOND-PRIVATE-BIZ-USE-2014.CSV,2026-08-11T15:34:53.000Z,"""16100dd5aaee9ba6c4bcee2e2509cef7""",3211437,STANDARD,nccs-efile,3.2 mb,https://nccs-efile.s3.us-east-1.amazonaws.com/public/efile_v2_2/SK-P03-T01-BOND-PRIVATE-BIZ-USE-2014.CSV
public/efile_v2_2/SK-P03-T01-BOND-PRIVATE-BIZ-USE-2015.CSV,2026-08-11T15:34:53.000Z,"""38a88d38f68b410868c97be08a8b825e""",3278155,STANDARD,nccs-efile,3.3 mb,https://nccs-efile.s3.us-east-1.amazonaws.com/public/efile_v2_2/SK-P03-T01-BOND-PRIVATE-BIZ-USE-2015.CSV
public/efile_v2_2/SK-P03-T01-BOND-PRIVATE-BIZ-USE-2016.CSV,2026-08-11T15:34:53.000Z,"""cb941f64270eadc65dba6f81ff369048""",3245667,STANDARD,nccs-efile,3.2 mb,https://nccs-efile.s3.us-east-1.amazonaws.com/public/efile_v2_2/SK-P03-T01-BOND-PRIVATE-BIZ-USE-2016.CSV
public/efile_v2_2/SK-P03-T01-BOND-PRIVATE-BIZ-USE-2017.CSV,2026-08-11T15:34:53.000Z,"""527661e7b0cb4ea21200e8eedc060616""",3418013,STANDARD,nccs-efile,3.4 mb,https://nccs-efile.s3.us-east-1.amazonaws.com/public/efile_v2_2/SK-P03-T01-BOND-PRIVATE-BIZ-USE-2017.CSV
public/efile_v2_2/SK-P03-T01-BOND-PRIVATE-BIZ-USE-2018.CSV,2026-08-11T15:34:53.000Z,"""4facdbeb35e4a24714f17f3a67cf1ad3""",3223203,STANDARD,nccs-efile,3.2 mb,https://nccs-efile.s3.us-east-1.amazonaws.com/public/efile_v2_2/SK-P03-T01-BOND-PRIVATE-BIZ-USE-2018.CSV
public/efile_v2_2/SK-P03-T01-BOND-PRIVATE-BIZ-USE-2019.CSV,2026-08-11T15:34:53.000Z,"""6802c1e404327ab7366b37a5fce00242""",3213336,STANDARD,nccs-efile,3.2 mb,https://nccs-efile.s3.us-east-1.amazonaws.com/public/efile_v2_2/SK-P03-T01-BOND-PRIVATE-BIZ-USE-2019.CSV
public/efile_v2_2/SK-P03-T01-BOND-PRIVATE-BIZ-USE-2020.CSV,2026-08-11T15:34:53.000Z,"""d91da1469e21b16283ca132b074ee85c""",3556396,STANDARD,nccs-efile,3.6 mb,https://nccs-efile.s3.us-east-1.amazonaws.com/public/efile_v2_2/SK-P03-T01-BOND-PRIVATE-BIZ-USE-2020.CSV
public/efile_v2_2/SK-P03-T01-BOND-PRIVATE-BIZ-USE-2021.CSV,2026-08-11T15:34:53.000Z,"""a3221399d70a4063c6cf24d7b92d6a07""",3170497,STANDARD,nccs-efile,3.2 mb,https://nccs-efile.s3.us-east-1.amazonaws.com/public/efile_v2_2/SK-P03-T01-BOND-PRIVATE-BIZ-USE-2021.CSV
public/efile_v2_2/SK-P03-T01-BOND-PRIVATE-BIZ-USE-2022.CSV,2026-08-11T17:08:30.000Z,"""989ad29963d079c74bb961ffd15a5dd3""",3120519,STANDARD,nccs-efile,3.1 mb,https://nccs-efile.s3.us-east-1.amazonaws.com/public/efile_v2_2/SK-P03-T01-BOND-PRIVATE-BIZ-USE-2022.CSV
public/efile_v2_2/SK-P03-T01-BOND-PRIVATE-BIZ-USE-2023.CSV,2026-08-11T17:08:30.000Z,"""3e875a9cfb9b45b0b35b5db877234524""",3076622,STANDARD,nccs-efile,3.1 mb,https://nccs-efile.s3.us-east-1.amazonaws.com/public/efile_v2_2/SK-P03-T01-BOND-PRIVATE-BIZ-USE-2023.CSV
public/efile_v2_2/SK-P03-T01-BOND-PRIVATE-BIZ-USE-2024.CSV,2026-08-11T17:08:30.000Z,"""36f373a7c42e834f37cb70b1852d9296""",1505685,STANDARD,nccs-efile,1.5 mb,https://nccs-efile.s3.us-east-1.amazonaws.com/public/efile_v2_2/SK-P03-T01-BOND-PRIVATE-BIZ-USE-2024.CSV
public/efile_v2_2/SK-P04-T01-BOND-ARBITRAGE-2009.CSV,2026-08-11T15:34:53.000Z,"""9db77d24772cbae8800507589e243b51""",1612618,STANDARD,nccs-efile,1.6 mb,https://nccs-efile.s3.us-east-1.amazonaws.com/public/efile_v2_2/SK-P04-T01-BOND-ARBITRAGE-2009.CSV
public/efile_v2_2/SK-P04-T01-BOND-ARBITRAGE-2010.CSV,2026-08-11T15:34:53.000Z,"""c5e6cfbfb626fc183fdb4450e7d0b818""",2787393,STANDARD,nccs-efile,2.8 mb,https://nccs-efile.s3.us-east-1.amazonaws.com/public/efile_v2_2/SK-P04-T01-BOND-ARBITRAGE-2010.CSV
public/efile_v2_2/SK-P04-T01-BOND-ARBITRAGE-2011.CSV,2026-08-11T15:34:53.000Z,"""950a812af2d320db735d37d101d06fdc""",3036050,STANDARD,nccs-efile,3 mb,https://nccs-efile.s3.us-east-1.amazonaws.com/public/efile_v2_2/SK-P04-T01-BOND-ARBITRAGE-2011.CSV
public/efile_v2_2/SK-P04-T01-BOND-ARBITRAGE-2012.CSV,2026-08-11T15:34:54.000Z,"""eb49864ced7e90fe39940a6754d12a20""",3302322,STANDARD,nccs-efile,3.3 mb,https://nccs-efile.s3.us-east-1.amazonaws.com/public/efile_v2_2/SK-P04-T01-BOND-ARBITRAGE-2012.CSV
public/efile_v2_2/SK-P04-T01-BOND-ARBITRAGE-2013.CSV,2026-08-11T15:34:54.000Z,"""1c1b13c324637b2eea6020c1a7551e52""",3368475,STANDARD,nccs-efile,3.4 mb,https://nccs-efile.s3.us-east-1.amazonaws.com/public/efile_v2_2/SK-P04-T01-BOND-ARBITRAGE-2013.CSV
public/efile_v2_2/SK-P04-T01-BOND-ARBITRAGE-2014.CSV,2026-08-11T15:34:54.000Z,"""b2c708a30c1eab17a3410eac77043a3d""",3447202,STANDARD,nccs-efile,3.4 mb,https://nccs-efile.s3.us-east-1.amazonaws.com/public/efile_v2_2/SK-P04-T01-BOND-ARBITRAGE-2014.CSV
public/efile_v2_2/SK-P04-T01-BOND-ARBITRAGE-2015.CSV,2026-08-11T15:34:54.000Z,"""0d67c62d04314ec4da6de72706b905df""",3489940,STANDARD,nccs-efile,3.5 mb,https://nccs-efile.s3.us-east-1.amazonaws.com/public/efile_v2_2/SK-P04-T01-BOND-ARBITRAGE-2015.CSV
public/efile_v2_2/SK-P04-T01-BOND-ARBITRAGE-2016.CSV,2026-08-11T15:34:54.000Z,"""5fbde3ff45a9c72b6701390c907dc3a3""",3474154,STANDARD,nccs-efile,3.5 mb,https://nccs-efile.s3.us-east-1.amazonaws.com/public/efile_v2_2/SK-P04-T01-BOND-ARBITRAGE-2016.CSV
public/efile_v2_2/SK-P04-T01-BOND-ARBITRAGE-2017.CSV,2026-08-11T15:34:54.000Z,"""77c728356da4a59436030f1b292d1089""",3683844,STANDARD,nccs-efile,3.7 mb,https://nccs-efile.s3.us-east-1.amazonaws.com/public/efile_v2_2/SK-P04-T01-BOND-ARBITRAGE-2017.CSV
public/efile_v2_2/SK-P04-T01-BOND-ARBITRAGE-2018.CSV,2026-08-11T15:34:54.000Z,"""cf2a92d4c45d18030db842d97b46c7b3""",3481498,STANDARD,nccs-efile,3.5 mb,https://nccs-efile.s3.us-east-1.amazonaws.com/public/efile_v2_2/SK-P04-T01-BOND-ARBITRAGE-2018.CSV
public/efile_v2_2/SK-P04-T01-BOND-ARBITRAGE-2019.CSV,2026-08-11T15:34:54.000Z,"""21035147514a216b4dde72324cb6765a""",3466425,STANDARD,nccs-efile,3.5 mb,https://nccs-efile.s3.us-east-1.amazonaws.com/public/efile_v2_2/SK-P04-T01-BOND-ARBITRAGE-2019.CSV
public/efile_v2_2/SK-P04-T01-BOND-ARBITRAGE-2020.CSV,2026-08-11T15:34:54.000Z,"""a6ff8dfedb96a4d700f55a798e86366c""",3853520,STANDARD,nccs-efile,3.9 mb,https://nccs-efile.s3.us-east-1.amazonaws.com/public/efile_v2_2/SK-P04-T01-BOND-ARBITRAGE-2020.CSV
public/efile_v2_2/SK-P04-T01-BOND-ARBITRAGE-2021.CSV,2026-08-11T15:34:54.000Z,"""99945c4b4b889e3a768a98c1792501b5""",3423706,STANDARD,nccs-efile,3.4 mb,https://nccs-efile.s3.us-east-1.amazonaws.com/public/efile_v2_2/SK-P04-T01-BOND-ARBITRAGE-2021.CSV
public/efile_v2_2/SK-P04-T01-BOND-ARBITRAGE-2022.CSV,2026-08-11T17:08:30.000Z,"""468d9ec05cec5da618be04b58b20d821""",3380360,STANDARD,nccs-efile,3.4 mb,https://nccs-efile.s3.us-east-1.amazonaws.com/public/efile_v2_2/SK-P04-T01-BOND-ARBITRAGE-2022.CSV
public/efile_v2_2/SK-P04-T01-BOND-ARBITRAGE-2023.CSV,2026-08-11T17:08:30.000Z,"""85c683e3cc8ab20394aabb7b53ca2248""",3343149,STANDARD,nccs-efile,3.3 mb,https://nccs-efile.s3.us-east-1.amazonaws.com/public/efile_v2_2/SK-P04-T01-BOND-ARBITRAGE-2023.CSV
public/efile_v2_2/SK-P04-T01-BOND-ARBITRAGE-2024.CSV,2026-08-11T17:08:30.000Z,"""001f4fef5dec031991a1776ac9a806e9""",1646684,STANDARD,nccs-efile,1.6 mb,https://nccs-efile.s3.us-east-1.amazonaws.com/public/efile_v2_2/SK-P04-T01-BOND-ARBITRAGE-2024.CSV
public/efile_v2_2/SK-P05-T01-PROCEDURE-CORRECTIVE-ACT-2009.CSV,2026-08-11T15:34:54.000Z,"""ae61efe317ff9cb213ecc85c5cb95a76""",216,STANDARD,nccs-efile,0 mb,https://nccs-efile.s3.us-east-1.amazonaws.com/public/efile_v2_2/SK-P05-T01-PROCEDURE-CORRECTIVE-ACT-2009.CSV
public/efile_v2_2/SK-P05-T01-PROCEDURE-CORRECTIVE-ACT-2010.CSV,2026-08-11T15:34:54.000Z,"""1f0c435b48e26ea933c75ed02651f307""",1374683,STANDARD,nccs-efile,1.4 mb,https://nccs-efile.s3.us-east-1.amazonaws.com/public/efile_v2_2/SK-P05-T01-PROCEDURE-CORRECTIVE-ACT-2010.CSV
public/efile_v2_2/SK-P05-T01-PROCEDURE-CORRECTIVE-ACT-2011.CSV,2026-08-11T15:34:54.000Z,"""799497bb2ad78a56de774d232969bbdf""",2065726,STANDARD,nccs-efile,2.1 mb,https://nccs-efile.s3.us-east-1.amazonaws.com/public/efile_v2_2/SK-P05-T01-PROCEDURE-CORRECTIVE-ACT-2011.CSV
public/efile_v2_2/SK-P05-T01-PROCEDURE-CORRECTIVE-ACT-2012.CSV,2026-08-11T15:34:54.000Z,"""0bf99229cd4b6c873b9d391660a24906""",4725474,STANDARD,nccs-efile,4.7 mb,https://nccs-efile.s3.us-east-1.amazonaws.com/public/efile_v2_2/SK-P05-T01-PROCEDURE-CORRECTIVE-ACT-2012.CSV
public/efile_v2_2/SK-P05-T01-PROCEDURE-CORRECTIVE-ACT-2013.CSV,2026-08-11T15:34:54.000Z,"""a34c23cd3fba4c6c873c37159cb1a6e5""",2410847,STANDARD,nccs-efile,2.4 mb,https://nccs-efile.s3.us-east-1.amazonaws.com/public/efile_v2_2/SK-P05-T01-PROCEDURE-CORRECTIVE-ACT-2013.CSV
public/efile_v2_2/SK-P05-T01-PROCEDURE-CORRECTIVE-ACT-2014.CSV,2026-08-11T15:34:55.000Z,"""b4ae9beb3d16633755ef8f47442712c1""",2607769,STANDARD,nccs-efile,2.6 mb,https://nccs-efile.s3.us-east-1.amazonaws.com/public/efile_v2_2/SK-P05-T01-PROCEDURE-CORRECTIVE-ACT-2014.CSV
public/efile_v2_2/SK-P05-T01-PROCEDURE-CORRECTIVE-ACT-2015.CSV,2026-08-11T15:34:55.000Z,"""968d6e4de1b6165dd4108f58322ad5f3""",2772622,STANDARD,nccs-efile,2.8 mb,https://nccs-efile.s3.us-east-1.amazonaws.com/public/efile_v2_2/SK-P05-T01-PROCEDURE-CORRECTIVE-ACT-2015.CSV
public/efile_v2_2/SK-P05-T01-PROCEDURE-CORRECTIVE-ACT-2016.CSV,2026-08-11T15:34:55.000Z,"""3e795b3fd973f9a128c35bfd09e6f560""",2780940,STANDARD,nccs-efile,2.8 mb,https://nccs-efile.s3.us-east-1.amazonaws.com/public/efile_v2_2/SK-P05-T01-PROCEDURE-CORRECTIVE-ACT-2016.CSV
public/efile_v2_2/SK-P05-T01-PROCEDURE-CORRECTIVE-ACT-2017.CSV,2026-08-11T15:34:55.000Z,"""59d306da22dd4a7c93dff6cc15f0c928""",2944990,STANDARD,nccs-efile,2.9 mb,https://nccs-efile.s3.us-east-1.amazonaws.com/public/efile_v2_2/SK-P05-T01-PROCEDURE-CORRECTIVE-ACT-2017.CSV
public/efile_v2_2/SK-P05-T01-PROCEDURE-CORRECTIVE-ACT-2018.CSV,2026-08-11T15:34:55.000Z,"""0fa99790d2f467adb457a6351e25a4ea""",2794395,STANDARD,nccs-efile,2.8 mb,https://nccs-efile.s3.us-east-1.amazonaws.com/public/efile_v2_2/SK-P05-T01-PROCEDURE-CORRECTIVE-ACT-2018.CSV
public/efile_v2_2/SK-P05-T01-PROCEDURE-CORRECTIVE-ACT-2019.CSV,2026-08-11T15:34:55.000Z,"""ad20291900b2d609ab0da06c40e4753e""",2788456,STANDARD,nccs-efile,2.8 mb,https://nccs-efile.s3.us-east-1.amazonaws.com/public/efile_v2_2/SK-P05-T01-PROCEDURE-CORRECTIVE-ACT-2019.CSV
public/efile_v2_2/SK-P05-T01-PROCEDURE-CORRECTIVE-ACT-2020.CSV,2026-08-11T15:34:55.000Z,"""e1fda32006ed4b69bf966d473b1f7913""",3094967,STANDARD,nccs-efile,3.1 mb,https://nccs-efile.s3.us-east-1.amazonaws.com/public/efile_v2_2/SK-P05-T01-PROCEDURE-CORRECTIVE-ACT-2020.CSV
public/efile_v2_2/SK-P05-T01-PROCEDURE-CORRECTIVE-ACT-2021.CSV,2026-08-11T15:34:55.000Z,"""34c5632dc72d386c532ea11c881091f5""",2761398,STANDARD,nccs-efile,2.8 mb,https://nccs-efile.s3.us-east-1.amazonaws.com/public/efile_v2_2/SK-P05-T01-PROCEDURE-CORRECTIVE-ACT-2021.CSV
public/efile_v2_2/SK-P05-T01-PROCEDURE-CORRECTIVE-ACT-2022.CSV,2026-08-11T17:08:30.000Z,"""e800b0506bde5d287d65a80de567a292""",2707857,STANDARD,nccs-efile,2.7 mb,https://nccs-efile.s3.us-east-1.amazonaws.com/public/efile_v2_2/SK-P05-T01-PROCEDURE-CORRECTIVE-ACT-2022.CSV
public/efile_v2_2/SK-P05-T01-PROCEDURE-CORRECTIVE-ACT-2023.CSV,2026-08-11T17:08:31.000Z,"""ec83083ac2cec5cb31355fbeaaee3a5c""",2679526,STANDARD,nccs-efile,2.7 mb,https://nccs-efile.s3.us-east-1.amazonaws.com/public/efile_v2_2/SK-P05-T01-PROCEDURE-CORRECTIVE-ACT-2023.CSV
public/efile_v2_2/SK-P05-T01-PROCEDURE-CORRECTIVE-ACT-2024.CSV,2026-08-11T17:08:30.000Z,"""f8fd4b22f127c45d02606575d6bec5ad""",1315629,STANDARD,nccs-efile,1.3 mb,https://nccs-efile.s3.us-east-1.amazonaws.com/public/efile_v2_2/SK-P05-T01-PROCEDURE-CORRECTIVE-ACT-2024.CSV
public/efile_v2_2/SL-P01-T00-EXCESS-BENEFIT-TRANSAC-2009.CSV,2026-08-11T15:34:55.000Z,"""297115e09a7816977f5df132a2a79df2""",3297,STANDARD,nccs-efile,0 mb,https://nccs-efile.s3.us-east-1.amazonaws.com/public/efile_v2_2/SL-P01-T00-EXCESS-BENEFIT-TRANSAC-2009.CSV
public/efile_v2_2/SL-P01-T00-EXCESS-BENEFIT-TRANSAC-2010.CSV,2026-08-11T15:34:55.000Z,"""c21a4c67852f01b1f47e455c8f4751be""",6732,STANDARD,nccs-efile,0 mb,https://nccs-efile.s3.us-east-1.amazonaws.com/public/efile_v2_2/SL-P01-T00-EXCESS-BENEFIT-TRANSAC-2010.CSV
public/efile_v2_2/SL-P01-T00-EXCESS-BENEFIT-TRANSAC-2011.CSV,2026-08-11T15:34:55.000Z,"""d5fe6bbc5d9e3bd40ab935e8a67a9128""",7650,STANDARD,nccs-efile,0 mb,https://nccs-efile.s3.us-east-1.amazonaws.com/public/efile_v2_2/SL-P01-T00-EXCESS-BENEFIT-TRANSAC-2011.CSV
public/efile_v2_2/SL-P01-T00-EXCESS-BENEFIT-TRANSAC-2012.CSV,2026-08-11T15:34:55.000Z,"""b213c92f91fd978770bdc826eb921f3d""",5140,STANDARD,nccs-efile,0 mb,https://nccs-efile.s3.us-east-1.amazonaws.com/public/efile_v2_2/SL-P01-T00-EXCESS-BENEFIT-TRANSAC-2012.CSV
public/efile_v2_2/SL-P01-T00-EXCESS-BENEFIT-TRANSAC-2013.CSV,2026-08-11T15:34:55.000Z,"""3920c233c6c198568ada3c52f4f0a03f""",8104,STANDARD,nccs-efile,0 mb,https://nccs-efile.s3.us-east-1.amazonaws.com/public/efile_v2_2/SL-P01-T00-EXCESS-BENEFIT-TRANSAC-2013.CSV
public/efile_v2_2/SL-P01-T00-EXCESS-BENEFIT-TRANSAC-2014.CSV,2026-08-11T15:34:55.000Z,"""d6c88d2a87abc70efd865a54573cee3e""",8906,STANDARD,nccs-efile,0 mb,https://nccs-efile.s3.us-east-1.amazonaws.com/public/efile_v2_2/SL-P01-T00-EXCESS-BENEFIT-TRANSAC-2014.CSV
public/efile_v2_2/SL-P01-T00-EXCESS-BENEFIT-TRANSAC-2015.CSV,2026-08-11T15:34:55.000Z,"""0de9cb6210f624a193894d649ad53347""",6192,STANDARD,nccs-efile,0 mb,https://nccs-efile.s3.us-east-1.amazonaws.com/public/efile_v2_2/SL-P01-T00-EXCESS-BENEFIT-TRANSAC-2015.CSV
public/efile_v2_2/SL-P01-T00-EXCESS-BENEFIT-TRANSAC-2016.CSV,2026-08-11T15:34:55.000Z,"""219cb57caf3593a5b2d188bd8196300b""",9076,STANDARD,nccs-efile,0 mb,https://nccs-efile.s3.us-east-1.amazonaws.com/public/efile_v2_2/SL-P01-T00-EXCESS-BENEFIT-TRANSAC-2016.CSV
public/efile_v2_2/SL-P01-T00-EXCESS-BENEFIT-TRANSAC-2017.CSV,2026-08-11T15:34:55.000Z,"""8a7a405fab04861eb6408c743df8bddd""",10488,STANDARD,nccs-efile,0 mb,https://nccs-efile.s3.us-east-1.amazonaws.com/public/efile_v2_2/SL-P01-T00-EXCESS-BENEFIT-TRANSAC-2017.CSV
public/efile_v2_2/SL-P01-T00-EXCESS-BENEFIT-TRANSAC-2018.CSV,2026-08-11T15:34:55.000Z,"""405d6cc0b910b07805fdd6f6c4ee0640""",11932,STANDARD,nccs-efile,0 mb,https://nccs-efile.s3.us-east-1.amazonaws.com/public/efile_v2_2/SL-P01-T00-EXCESS-BENEFIT-TRANSAC-2018.CSV
public/efile_v2_2/SL-P01-T00-EXCESS-BENEFIT-TRANSAC-2019.CSV,2026-08-11T15:34:56.000Z,"""1611d6b9025454d2cde064abdb4d21e5""",11063,STANDARD,nccs-efile,0 mb,https://nccs-efile.s3.us-east-1.amazonaws.com/public/efile_v2_2/SL-P01-T00-EXCESS-BENEFIT-TRANSAC-2019.CSV
public/efile_v2_2/SL-P01-T00-EXCESS-BENEFIT-TRANSAC-2020.CSV,2026-08-11T15:34:56.000Z,"""7ad265270f22b96deff944933cd070f6""",12824,STANDARD,nccs-efile,0 mb,https://nccs-efile.s3.us-east-1.amazonaws.com/public/efile_v2_2/SL-P01-T00-EXCESS-BENEFIT-TRANSAC-2020.CSV
public/efile_v2_2/SL-P01-T00-EXCESS-BENEFIT-TRANSAC-2021.CSV,2026-08-11T15:34:56.000Z,"""d73ce0993e21d932c86c64b2cd45bcc8""",19589,STANDARD,nccs-efile,0 mb,https://nccs-efile.s3.us-east-1.amazonaws.com/public/efile_v2_2/SL-P01-T00-EXCESS-BENEFIT-TRANSAC-2021.CSV
public/efile_v2_2/SL-P01-T00-EXCESS-BENEFIT-TRANSAC-2022.CSV,2026-08-11T17:08:31.000Z,"""8941f16239e44234281b6461ae404256""",28000,STANDARD,nccs-efile,0 mb,https://nccs-efile.s3.us-east-1.amazonaws.com/public/efile_v2_2/SL-P01-T00-EXCESS-BENEFIT-TRANSAC-2022.CSV
public/efile_v2_2/SL-P01-T00-EXCESS-BENEFIT-TRANSAC-2023.CSV,2026-08-11T17:08:31.000Z,"""80d4aee81035de7542bdf9f2adf2b402""",28312,STANDARD,nccs-efile,0 mb,https://nccs-efile.s3.us-east-1.amazonaws.com/public/efile_v2_2/SL-P01-T00-EXCESS-BENEFIT-TRANSAC-2023.CSV
public/efile_v2_2/SL-P01-T00-EXCESS-BENEFIT-TRANSAC-2024.CSV,2026-08-11T17:08:31.000Z,"""c2bde518baf80de89d530c7fb6b5d780""",24865,STANDARD,nccs-efile,0 mb,https://nccs-efile.s3.us-east-1.amazonaws.com/public/efile_v2_2/SL-P01-T00-EXCESS-BENEFIT-TRANSAC-2024.CSV
public/efile_v2_2/SL-P01-T01-EXCESS-BENEFIT-TRANSAC-2009.CSV,2026-08-11T15:34:56.000Z,"""aebd484a4177dddc5ef1e639cf3997d0""",15419,STANDARD,nccs-efile,0 mb,https://nccs-efile.s3.us-east-1.amazonaws.com/public/efile_v2_2/SL-P01-T01-EXCESS-BENEFIT-TRANSAC-2009.CSV
public/efile_v2_2/SL-P01-T01-EXCESS-BENEFIT-TRANSAC-2010.CSV,2026-08-11T15:34:56.000Z,"""50906cba1b27a86599a40f05a25cf18b""",261144,STANDARD,nccs-efile,0.3 mb,https://nccs-efile.s3.us-east-1.amazonaws.com/public/efile_v2_2/SL-P01-T01-EXCESS-BENEFIT-TRANSAC-2010.CSV
public/efile_v2_2/SL-P01-T01-EXCESS-BENEFIT-TRANSAC-2011.CSV,2026-08-11T15:34:56.000Z,"""6b3029b110c09f38436ec020f6c10bbc""",38174,STANDARD,nccs-efile,0 mb,https://nccs-efile.s3.us-east-1.amazonaws.com/public/efile_v2_2/SL-P01-T01-EXCESS-BENEFIT-TRANSAC-2011.CSV
public/efile_v2_2/SL-P01-T01-EXCESS-BENEFIT-TRANSAC-2012.CSV,2026-08-11T15:34:56.000Z,"""c83a205a0cc30b75dac343a0b44b96ed""",38120,STANDARD,nccs-efile,0 mb,https://nccs-efile.s3.us-east-1.amazonaws.com/public/efile_v2_2/SL-P01-T01-EXCESS-BENEFIT-TRANSAC-2012.CSV
public/efile_v2_2/SL-P01-T01-EXCESS-BENEFIT-TRANSAC-2013.CSV,2026-08-11T15:34:56.000Z,"""2529dfa27b2d40cccd3e385bef261f21""",34304,STANDARD,nccs-efile,0 mb,https://nccs-efile.s3.us-east-1.amazonaws.com/public/efile_v2_2/SL-P01-T01-EXCESS-BENEFIT-TRANSAC-2013.CSV
public/efile_v2_2/SL-P01-T01-EXCESS-BENEFIT-TRANSAC-2014.CSV,2026-08-11T15:34:56.000Z,"""bc801c423c85941649c78e646af3a74c""",40240,STANDARD,nccs-efile,0 mb,https://nccs-efile.s3.us-east-1.amazonaws.com/public/efile_v2_2/SL-P01-T01-EXCESS-BENEFIT-TRANSAC-2014.CSV
public/efile_v2_2/SL-P01-T01-EXCESS-BENEFIT-TRANSAC-2015.CSV,2026-08-11T15:34:56.000Z,"""68521f0bdd1b7e8f4ec15e37f1489c82""",148167,STANDARD,nccs-efile,0.1 mb,https://nccs-efile.s3.us-east-1.amazonaws.com/public/efile_v2_2/SL-P01-T01-EXCESS-BENEFIT-TRANSAC-2015.CSV
public/efile_v2_2/SL-P01-T01-EXCESS-BENEFIT-TRANSAC-2016.CSV,2026-08-11T15:34:56.000Z,"""57efddee2f2eb0720ad90cdc19c76454""",220433,STANDARD,nccs-efile,0.2 mb,https://nccs-efile.s3.us-east-1.amazonaws.com/public/efile_v2_2/SL-P01-T01-EXCESS-BENEFIT-TRANSAC-2016.CSV
public/efile_v2_2/SL-P01-T01-EXCESS-BENEFIT-TRANSAC-2017.CSV,2026-08-11T15:34:56.000Z,"""2b038cb99d8cc5c6498823f4efa25657""",301160,STANDARD,nccs-efile,0.3 mb,https://nccs-efile.s3.us-east-1.amazonaws.com/public/efile_v2_2/SL-P01-T01-EXCESS-BENEFIT-TRANSAC-2017.CSV
public/efile_v2_2/SL-P01-T01-EXCESS-BENEFIT-TRANSAC-2018.CSV,2026-08-11T15:34:56.000Z,"""a05d0fd784800f97b82d61a6d283bfc2""",358702,STANDARD,nccs-efile,0.4 mb,https://nccs-efile.s3.us-east-1.amazonaws.com/public/efile_v2_2/SL-P01-T01-EXCESS-BENEFIT-TRANSAC-2018.CSV
public/efile_v2_2/SL-P01-T01-EXCESS-BENEFIT-TRANSAC-2019.CSV,2026-08-11T15:34:56.000Z,"""8de36d4027d1ecb7d98001ffec55a9b8""",405796,STANDARD,nccs-efile,0.4 mb,https://nccs-efile.s3.us-east-1.amazonaws.com/public/efile_v2_2/SL-P01-T01-EXCESS-BENEFIT-TRANSAC-2019.CSV
public/efile_v2_2/SL-P01-T01-EXCESS-BENEFIT-TRANSAC-2020.CSV,2026-08-11T15:34:56.000Z,"""41698b5f26de9d60f37aa918338c7254""",701835,STANDARD,nccs-efile,0.7 mb,https://nccs-efile.s3.us-east-1.amazonaws.com/public/efile_v2_2/SL-P01-T01-EXCESS-BENEFIT-TRANSAC-2020.CSV
public/efile_v2_2/SL-P01-T01-EXCESS-BENEFIT-TRANSAC-2021.CSV,2026-08-11T15:34:56.000Z,"""73d981107a1eccd702a5c60ea0c9ede9""",738790,STANDARD,nccs-efile,0.7 mb,https://nccs-efile.s3.us-east-1.amazonaws.com/public/efile_v2_2/SL-P01-T01-EXCESS-BENEFIT-TRANSAC-2021.CSV
public/efile_v2_2/SL-P01-T01-EXCESS-BENEFIT-TRANSAC-2022.CSV,2026-08-11T17:08:31.000Z,"""200d3dc6e49e154dc8ae0c0f7e1ff113""",855026,STANDARD,nccs-efile,0.9 mb,https://nccs-efile.s3.us-east-1.amazonaws.com/public/efile_v2_2/SL-P01-T01-EXCESS-BENEFIT-TRANSAC-2022.CSV
public/efile_v2_2/SL-P01-T01-EXCESS-BENEFIT-TRANSAC-2023.CSV,2026-08-11T17:08:31.000Z,"""87eeef00d7c58513d70e9183f3eef49b""",834953,STANDARD,nccs-efile,0.8 mb,https://nccs-efile.s3.us-east-1.amazonaws.com/public/efile_v2_2/SL-P01-T01-EXCESS-BENEFIT-TRANSAC-2023.CSV
public/efile_v2_2/SL-P01-T01-EXCESS-BENEFIT-TRANSAC-2024.CSV,2026-08-11T17:08:31.000Z,"""c49a73a3b1b408205bf1a716f7235338""",73796,STANDARD,nccs-efile,0.1 mb,https://nccs-efile.s3.us-east-1.amazonaws.com/public/efile_v2_2/SL-P01-T01-EXCESS-BENEFIT-TRANSAC-2024.CSV
public/efile_v2_2/SL-P02-T00-LOANS-INTERESTED-PERS-2009.CSV,2026-08-11T15:34:56.000Z,"""fd1d813e3d258423cec9e95f237c7b70""",452222,STANDARD,nccs-efile,0.5 mb,https://nccs-efile.s3.us-east-1.amazonaws.com/public/efile_v2_2/SL-P02-T00-LOANS-INTERESTED-PERS-2009.CSV
public/efile_v2_2/SL-P02-T00-LOANS-INTERESTED-PERS-2010.CSV,2026-08-11T15:34:56.000Z,"""22b317dd3a249d04b07c91856aef5db5""",1689713,STANDARD,nccs-efile,1.7 mb,https://nccs-efile.s3.us-east-1.amazonaws.com/public/efile_v2_2/SL-P02-T00-LOANS-INTERESTED-PERS-2010.CSV
public/efile_v2_2/SL-P02-T00-LOANS-INTERESTED-PERS-2011.CSV,2026-08-11T15:34:56.000Z,"""d43f49dc31a6486d246b165af5fc914e""",2067603,STANDARD,nccs-efile,2.1 mb,https://nccs-efile.s3.us-east-1.amazonaws.com/public/efile_v2_2/SL-P02-T00-LOANS-INTERESTED-PERS-2011.CSV
public/efile_v2_2/SL-P02-T00-LOANS-INTERESTED-PERS-2012.CSV,2026-08-11T15:34:57.000Z,"""26f38c1bdf54d0630f1af2f56ab1b6ba""",2300072,STANDARD,nccs-efile,2.3 mb,https://nccs-efile.s3.us-east-1.amazonaws.com/public/efile_v2_2/SL-P02-T00-LOANS-INTERESTED-PERS-2012.CSV
public/efile_v2_2/SL-P02-T00-LOANS-INTERESTED-PERS-2013.CSV,2026-08-11T15:34:57.000Z,"""d7ef7346125216b1cbd96dce8e01c45c""",2433978,STANDARD,nccs-efile,2.4 mb,https://nccs-efile.s3.us-east-1.amazonaws.com/public/efile_v2_2/SL-P02-T00-LOANS-INTERESTED-PERS-2013.CSV
public/efile_v2_2/SL-P02-T00-LOANS-INTERESTED-PERS-2014.CSV,2026-08-11T15:34:57.000Z,"""c2a2a1d684186de4139d2f2153887a23""",2528231,STANDARD,nccs-efile,2.5 mb,https://nccs-efile.s3.us-east-1.amazonaws.com/public/efile_v2_2/SL-P02-T00-LOANS-INTERESTED-PERS-2014.CSV
public/efile_v2_2/SL-P02-T00-LOANS-INTERESTED-PERS-2015.CSV,2026-08-11T15:34:57.000Z,"""ecf3b1d7e5ecea258682bc33471db8f0""",2602197,STANDARD,nccs-efile,2.6 mb,https://nccs-efile.s3.us-east-1.amazonaws.com/public/efile_v2_2/SL-P02-T00-LOANS-INTERESTED-PERS-2015.CSV
public/efile_v2_2/SL-P02-T00-LOANS-INTERESTED-PERS-2016.CSV,2026-08-11T15:34:57.000Z,"""0639f1ed5a2f571f8874ee609123856d""",2605662,STANDARD,nccs-efile,2.6 mb,https://nccs-efile.s3.us-east-1.amazonaws.com/public/efile_v2_2/SL-P02-T00-LOANS-INTERESTED-PERS-2016.CSV
public/efile_v2_2/SL-P02-T00-LOANS-INTERESTED-PERS-2017.CSV,2026-08-11T15:34:57.000Z,"""e4deabe7760a946cf9250f4a950208f9""",2691624,STANDARD,nccs-efile,2.7 mb,https://nccs-efile.s3.us-east-1.amazonaws.com/public/efile_v2_2/SL-P02-T00-LOANS-INTERESTED-PERS-2017.CSV
public/efile_v2_2/SL-P02-T00-LOANS-INTERESTED-PERS-2018.CSV,2026-08-11T15:34:57.000Z,"""463a460b5491d3bed39c25c03427ee3a""",2758784,STANDARD,nccs-efile,2.8 mb,https://nccs-efile.s3.us-east-1.amazonaws.com/public/efile_v2_2/SL-P02-T00-LOANS-INTERESTED-PERS-2018.CSV
public/efile_v2_2/SL-P02-T00-LOANS-INTERESTED-PERS-2019.CSV,2026-08-11T15:34:57.000Z,"""f1393c9509c06b9196ce77c461fe9275""",2734804,STANDARD,nccs-efile,2.7 mb,https://nccs-efile.s3.us-east-1.amazonaws.com/public/efile_v2_2/SL-P02-T00-LOANS-INTERESTED-PERS-2019.CSV
public/efile_v2_2/SL-P02-T00-LOANS-INTERESTED-PERS-2020.CSV,2026-08-11T15:34:57.000Z,"""4b38fe78158aee702bd48df66bb5d5d9""",2914565,STANDARD,nccs-efile,2.9 mb,https://nccs-efile.s3.us-east-1.amazonaws.com/public/efile_v2_2/SL-P02-T00-LOANS-INTERESTED-PERS-2020.CSV
public/efile_v2_2/SL-P02-T00-LOANS-INTERESTED-PERS-2021.CSV,2026-08-11T15:34:57.000Z,"""696cb4033475e132dbc38a6ed63af5be""",2760827,STANDARD,nccs-efile,2.8 mb,https://nccs-efile.s3.us-east-1.amazonaws.com/public/efile_v2_2/SL-P02-T00-LOANS-INTERESTED-PERS-2021.CSV
public/efile_v2_2/SL-P02-T00-LOANS-INTERESTED-PERS-2022.CSV,2026-08-11T17:08:31.000Z,"""b2d290f4c18ffe7a570cfcad660e5e89""",2713572,STANDARD,nccs-efile,2.7 mb,https://nccs-efile.s3.us-east-1.amazonaws.com/public/efile_v2_2/SL-P02-T00-LOANS-INTERESTED-PERS-2022.CSV
public/efile_v2_2/SL-P02-T00-LOANS-INTERESTED-PERS-2023.CSV,2026-08-11T17:08:31.000Z,"""1b5c759d6d455385e91fa3f394ae6cf6""",2679910,STANDARD,nccs-efile,2.7 mb,https://nccs-efile.s3.us-east-1.amazonaws.com/public/efile_v2_2/SL-P02-T00-LOANS-INTERESTED-PERS-2023.CSV
public/efile_v2_2/SL-P02-T00-LOANS-INTERESTED-PERS-2024.CSV,2026-08-11T17:08:31.000Z,"""f23e411686396381db9f612a702f8ff8""",2157485,STANDARD,nccs-efile,2.2 mb,https://nccs-efile.s3.us-east-1.amazonaws.com/public/efile_v2_2/SL-P02-T00-LOANS-INTERESTED-PERS-2024.CSV
public/efile_v2_2/SL-P02-T01-LOANS-INTERESTED-PERS-2009.CSV,2026-08-11T15:34:57.000Z,"""e4908f733e7455287a91e48c246a0608""",1007023,STANDARD,nccs-efile,1 mb,https://nccs-efile.s3.us-east-1.amazonaws.com/public/efile_v2_2/SL-P02-T01-LOANS-INTERESTED-PERS-2009.CSV
public/efile_v2_2/SL-P02-T01-LOANS-INTERESTED-PERS-2010.CSV,2026-08-11T15:34:57.000Z,"""84f306e2ab54a54131073132c0a24748""",5405253,STANDARD,nccs-efile,5.4 mb,https://nccs-efile.s3.us-east-1.amazonaws.com/public/efile_v2_2/SL-P02-T01-LOANS-INTERESTED-PERS-2010.CSV
public/efile_v2_2/SL-P02-T01-LOANS-INTERESTED-PERS-2011.CSV,2026-08-11T15:34:57.000Z,"""a13cb89dc0bf8b300961fbb1e56c4c0a""",5804281,STANDARD,nccs-efile,5.8 mb,https://nccs-efile.s3.us-east-1.amazonaws.com/public/efile_v2_2/SL-P02-T01-LOANS-INTERESTED-PERS-2011.CSV
public/efile_v2_2/SL-P02-T01-LOANS-INTERESTED-PERS-2012.CSV,2026-08-11T15:34:57.000Z,"""97c58e440157bfe99eba876684cb14ee""",6495768,STANDARD,nccs-efile,6.5 mb,https://nccs-efile.s3.us-east-1.amazonaws.com/public/efile_v2_2/SL-P02-T01-LOANS-INTERESTED-PERS-2012.CSV
public/efile_v2_2/SL-P02-T01-LOANS-INTERESTED-PERS-2013.CSV,2026-08-11T15:34:57.000Z,"""d4b1a5b30a16d55dc49805fee8a01627""",6827129,STANDARD,nccs-efile,6.8 mb,https://nccs-efile.s3.us-east-1.amazonaws.com/public/efile_v2_2/SL-P02-T01-LOANS-INTERESTED-PERS-2013.CSV
public/efile_v2_2/SL-P02-T01-LOANS-INTERESTED-PERS-2014.CSV,2026-08-11T15:34:57.000Z,"""811e83de3a259ece2b87162ca4d2495e""",7055559,STANDARD,nccs-efile,7.1 mb,https://nccs-efile.s3.us-east-1.amazonaws.com/public/efile_v2_2/SL-P02-T01-LOANS-INTERESTED-PERS-2014.CSV
public/efile_v2_2/SL-P02-T01-LOANS-INTERESTED-PERS-2015.CSV,2026-08-11T15:34:57.000Z,"""4aa418f9631473488831b83af5fddc07""",7360088,STANDARD,nccs-efile,7.4 mb,https://nccs-efile.s3.us-east-1.amazonaws.com/public/efile_v2_2/SL-P02-T01-LOANS-INTERESTED-PERS-2015.CSV
public/efile_v2_2/SL-P02-T01-LOANS-INTERESTED-PERS-2016.CSV,2026-08-11T15:34:57.000Z,"""c56138c8b745ef53c498749715674979""",7559219,STANDARD,nccs-efile,7.6 mb,https://nccs-efile.s3.us-east-1.amazonaws.com/public/efile_v2_2/SL-P02-T01-LOANS-INTERESTED-PERS-2016.CSV
public/efile_v2_2/SL-P02-T01-LOANS-INTERESTED-PERS-2017.CSV,2026-08-11T15:34:58.000Z,"""cfcf9b382a7cc9502bc6572db687668b""",7825061,STANDARD,nccs-efile,7.8 mb,https://nccs-efile.s3.us-east-1.amazonaws.com/public/efile_v2_2/SL-P02-T01-LOANS-INTERESTED-PERS-2017.CSV
public/efile_v2_2/SL-P02-T01-LOANS-INTERESTED-PERS-2018.CSV,2026-08-11T15:34:58.000Z,"""8cb1736a1b3df441b52dd1ee74833fe1""",7974335,STANDARD,nccs-efile,8 mb,https://nccs-efile.s3.us-east-1.amazonaws.com/public/efile_v2_2/SL-P02-T01-LOANS-INTERESTED-PERS-2018.CSV
public/efile_v2_2/SL-P02-T01-LOANS-INTERESTED-PERS-2019.CSV,2026-08-11T15:34:58.000Z,"""a644bbfaeed6ea8a98f0d9cb0d30b358""",7936661,STANDARD,nccs-efile,7.9 mb,https://nccs-efile.s3.us-east-1.amazonaws.com/public/efile_v2_2/SL-P02-T01-LOANS-INTERESTED-PERS-2019.CSV
public/efile_v2_2/SL-P02-T01-LOANS-INTERESTED-PERS-2020.CSV,2026-08-11T15:34:58.000Z,"""427969fb66298e7a1185e02135af508e-2""",8894236,STANDARD,nccs-efile,8.9 mb,https://nccs-efile.s3.us-east-1.amazonaws.com/public/efile_v2_2/SL-P02-T01-LOANS-INTERESTED-PERS-2020.CSV
public/efile_v2_2/SL-P02-T01-LOANS-INTERESTED-PERS-2021.CSV,2026-08-11T15:34:58.000Z,"""443deebf9d23bdbe49b160485356de9c-2""",8623662,STANDARD,nccs-efile,8.6 mb,https://nccs-efile.s3.us-east-1.amazonaws.com/public/efile_v2_2/SL-P02-T01-LOANS-INTERESTED-PERS-2021.CSV
public/efile_v2_2/SL-P02-T01-LOANS-INTERESTED-PERS-2022.CSV,2026-08-11T17:08:31.000Z,"""c17c4609ba6d3bbf7ad177611f4bc118-2""",8587658,STANDARD,nccs-efile,8.6 mb,https://nccs-efile.s3.us-east-1.amazonaws.com/public/efile_v2_2/SL-P02-T01-LOANS-INTERESTED-PERS-2022.CSV
public/efile_v2_2/SL-P02-T01-LOANS-INTERESTED-PERS-2023.CSV,2026-08-11T17:08:31.000Z,"""84707106f3a6af7ff89382ed5a2b5d43-2""",8672902,STANDARD,nccs-efile,8.7 mb,https://nccs-efile.s3.us-east-1.amazonaws.com/public/efile_v2_2/SL-P02-T01-LOANS-INTERESTED-PERS-2023.CSV
public/efile_v2_2/SL-P02-T01-LOANS-INTERESTED-PERS-2024.CSV,2026-08-11T17:08:31.000Z,"""d142a09eaa9c2cc9110d2fe7fc06cc27""",5787883,STANDARD,nccs-efile,5.8 mb,https://nccs-efile.s3.us-east-1.amazonaws.com/public/efile_v2_2/SL-P02-T01-LOANS-INTERESTED-PERS-2024.CSV
public/efile_v2_2/SL-P03-T01-GRANTS-INTERESTED-PERS-2009.CSV,2026-08-11T15:34:58.000Z,"""dddaf515e7e02da6bd6e4351a74dbd59""",242516,STANDARD,nccs-efile,0.2 mb,https://nccs-efile.s3.us-east-1.amazonaws.com/public/efile_v2_2/SL-P03-T01-GRANTS-INTERESTED-PERS-2009.CSV
public/efile_v2_2/SL-P03-T01-GRANTS-INTERESTED-PERS-2010.CSV,2026-08-11T15:34:58.000Z,"""1f4ebde5812b63c355f73fa628b3a30e""",482667,STANDARD,nccs-efile,0.5 mb,https://nccs-efile.s3.us-east-1.amazonaws.com/public/efile_v2_2/SL-P03-T01-GRANTS-INTERESTED-PERS-2010.CSV
public/efile_v2_2/SL-P03-T01-GRANTS-INTERESTED-PERS-2011.CSV,2026-08-11T15:34:58.000Z,"""8cd758610b11eebbefdb5a59b4d4feff""",623327,STANDARD,nccs-efile,0.6 mb,https://nccs-efile.s3.us-east-1.amazonaws.com/public/efile_v2_2/SL-P03-T01-GRANTS-INTERESTED-PERS-2011.CSV
public/efile_v2_2/SL-P03-T01-GRANTS-INTERESTED-PERS-2012.CSV,2026-08-11T15:34:58.000Z,"""bea500ffa86287067852cb8c6bb68260""",685721,STANDARD,nccs-efile,0.7 mb,https://nccs-efile.s3.us-east-1.amazonaws.com/public/efile_v2_2/SL-P03-T01-GRANTS-INTERESTED-PERS-2012.CSV
public/efile_v2_2/SL-P03-T01-GRANTS-INTERESTED-PERS-2013.CSV,2026-08-11T15:34:58.000Z,"""70fce88dcf68c16bdd837c4bd6442927""",725312,STANDARD,nccs-efile,0.7 mb,https://nccs-efile.s3.us-east-1.amazonaws.com/public/efile_v2_2/SL-P03-T01-GRANTS-INTERESTED-PERS-2013.CSV
public/efile_v2_2/SL-P03-T01-GRANTS-INTERESTED-PERS-2014.CSV,2026-08-11T15:34:58.000Z,"""252530880b9c6b032b39f8c0cd6d6704""",729484,STANDARD,nccs-efile,0.7 mb,https://nccs-efile.s3.us-east-1.amazonaws.com/public/efile_v2_2/SL-P03-T01-GRANTS-INTERESTED-PERS-2014.CSV
public/efile_v2_2/SL-P03-T01-GRANTS-INTERESTED-PERS-2015.CSV,2026-08-11T15:34:59.000Z,"""ac9e309335439f36f519b50131a9d984""",762153,STANDARD,nccs-efile,0.8 mb,https://nccs-efile.s3.us-east-1.amazonaws.com/public/efile_v2_2/SL-P03-T01-GRANTS-INTERESTED-PERS-2015.CSV
public/efile_v2_2/SL-P03-T01-GRANTS-INTERESTED-PERS-2016.CSV,2026-08-11T15:34:59.000Z,"""4598b18c7f23d307c7a101543d14cdfb""",744342,STANDARD,nccs-efile,0.7 mb,https://nccs-efile.s3.us-east-1.amazonaws.com/public/efile_v2_2/SL-P03-T01-GRANTS-INTERESTED-PERS-2016.CSV
public/efile_v2_2/SL-P03-T01-GRANTS-INTERESTED-PERS-2017.CSV,2026-08-11T15:34:59.000Z,"""59c547ad741b73421b7127b8b2faf2f2""",831908,STANDARD,nccs-efile,0.8 mb,https://nccs-efile.s3.us-east-1.amazonaws.com/public/efile_v2_2/SL-P03-T01-GRANTS-INTERESTED-PERS-2017.CSV
public/efile_v2_2/SL-P03-T01-GRANTS-INTERESTED-PERS-2018.CSV,2026-08-11T15:34:59.000Z,"""98fb23c8115d2335b9f3ca36fbe4575a""",780793,STANDARD,nccs-efile,0.8 mb,https://nccs-efile.s3.us-east-1.amazonaws.com/public/efile_v2_2/SL-P03-T01-GRANTS-INTERESTED-PERS-2018.CSV
public/efile_v2_2/SL-P03-T01-GRANTS-INTERESTED-PERS-2019.CSV,2026-08-11T15:34:59.000Z,"""4b3060751100fa8eebae3865473a85d8""",767159,STANDARD,nccs-efile,0.8 mb,https://nccs-efile.s3.us-east-1.amazonaws.com/public/efile_v2_2/SL-P03-T01-GRANTS-INTERESTED-PERS-2019.CSV
public/efile_v2_2/SL-P03-T01-GRANTS-INTERESTED-PERS-2020.CSV,2026-08-11T15:34:59.000Z,"""1b5c229800df93e75c65a43d23afbd15""",948254,STANDARD,nccs-efile,0.9 mb,https://nccs-efile.s3.us-east-1.amazonaws.com/public/efile_v2_2/SL-P03-T01-GRANTS-INTERESTED-PERS-2020.CSV
public/efile_v2_2/SL-P03-T01-GRANTS-INTERESTED-PERS-2021.CSV,2026-08-11T15:34:59.000Z,"""dcad358967ad0682e4f44a296be8a792""",825442,STANDARD,nccs-efile,0.8 mb,https://nccs-efile.s3.us-east-1.amazonaws.com/public/efile_v2_2/SL-P03-T01-GRANTS-INTERESTED-PERS-2021.CSV
public/efile_v2_2/SL-P03-T01-GRANTS-INTERESTED-PERS-2022.CSV,2026-08-11T17:08:31.000Z,"""9eeab1576c6eaba89d8dc20fe441d87a""",883093,STANDARD,nccs-efile,0.9 mb,https://nccs-efile.s3.us-east-1.amazonaws.com/public/efile_v2_2/SL-P03-T01-GRANTS-INTERESTED-PERS-2022.CSV
public/efile_v2_2/SL-P03-T01-GRANTS-INTERESTED-PERS-2023.CSV,2026-08-11T17:08:31.000Z,"""a829220d9180eee9750c8e9c50f5943b""",878539,STANDARD,nccs-efile,0.9 mb,https://nccs-efile.s3.us-east-1.amazonaws.com/public/efile_v2_2/SL-P03-T01-GRANTS-INTERESTED-PERS-2023.CSV
public/efile_v2_2/SL-P03-T01-GRANTS-INTERESTED-PERS-2024.CSV,2026-08-11T17:08:31.000Z,"""c5d395168e35d9bc00c880f555012a2b""",558285,STANDARD,nccs-efile,0.6 mb,https://nccs-efile.s3.us-east-1.amazonaws.com/public/efile_v2_2/SL-P03-T01-GRANTS-INTERESTED-PERS-2024.CSV
public/efile_v2_2/SL-P04-T01-BIZ-TRANSAC-INTERESTED-PERS-2009.CSV,2026-08-11T15:34:59.000Z,"""513883889bf8f7a19c871bdc43f3db1b""",4743869,STANDARD,nccs-efile,4.7 mb,https://nccs-efile.s3.us-east-1.amazonaws.com/public/efile_v2_2/SL-P04-T01-BIZ-TRANSAC-INTERESTED-PERS-2009.CSV
public/efile_v2_2/SL-P04-T01-BIZ-TRANSAC-INTERESTED-PERS-2010.CSV,2026-08-11T15:34:59.000Z,"""c4397cf92067ba0b6ce69d9efe04360e-2""",10771880,STANDARD,nccs-efile,10.8 mb,https://nccs-efile.s3.us-east-1.amazonaws.com/public/efile_v2_2/SL-P04-T01-BIZ-TRANSAC-INTERESTED-PERS-2010.CSV
public/efile_v2_2/SL-P04-T01-BIZ-TRANSAC-INTERESTED-PERS-2011.CSV,2026-08-11T15:34:59.000Z,"""c5f6f3263b20ea9b08b12be9950992f1-2""",12429514,STANDARD,nccs-efile,12.4 mb,https://nccs-efile.s3.us-east-1.amazonaws.com/public/efile_v2_2/SL-P04-T01-BIZ-TRANSAC-INTERESTED-PERS-2011.CSV
public/efile_v2_2/SL-P04-T01-BIZ-TRANSAC-INTERESTED-PERS-2012.CSV,2026-08-11T15:34:59.000Z,"""311240bcaa858d3db36d2f3bdd8c1598-2""",13009298,STANDARD,nccs-efile,13 mb,https://nccs-efile.s3.us-east-1.amazonaws.com/public/efile_v2_2/SL-P04-T01-BIZ-TRANSAC-INTERESTED-PERS-2012.CSV
public/efile_v2_2/SL-P04-T01-BIZ-TRANSAC-INTERESTED-PERS-2013.CSV,2026-08-11T15:34:59.000Z,"""7b2ccc334139cd7ed669408b2de375ea-2""",13611475,STANDARD,nccs-efile,13.6 mb,https://nccs-efile.s3.us-east-1.amazonaws.com/public/efile_v2_2/SL-P04-T01-BIZ-TRANSAC-INTERESTED-PERS-2013.CSV
public/efile_v2_2/SL-P04-T01-BIZ-TRANSAC-INTERESTED-PERS-2014.CSV,2026-08-11T15:34:59.000Z,"""eae8e45e2e7d06eeadf79dec778de59a-2""",13092738,STANDARD,nccs-efile,13.1 mb,https://nccs-efile.s3.us-east-1.amazonaws.com/public/efile_v2_2/SL-P04-T01-BIZ-TRANSAC-INTERESTED-PERS-2014.CSV
public/efile_v2_2/SL-P04-T01-BIZ-TRANSAC-INTERESTED-PERS-2015.CSV,2026-08-11T15:35:00.000Z,"""85734533950e8eda3f6798ef9a8150fc-2""",13250112,STANDARD,nccs-efile,13.3 mb,https://nccs-efile.s3.us-east-1.amazonaws.com/public/efile_v2_2/SL-P04-T01-BIZ-TRANSAC-INTERESTED-PERS-2015.CSV
public/efile_v2_2/SL-P04-T01-BIZ-TRANSAC-INTERESTED-PERS-2016.CSV,2026-08-11T15:35:00.000Z,"""205120cf706e8738c26b2af4b1c27b87-2""",12791305,STANDARD,nccs-efile,12.8 mb,https://nccs-efile.s3.us-east-1.amazonaws.com/public/efile_v2_2/SL-P04-T01-BIZ-TRANSAC-INTERESTED-PERS-2016.CSV
public/efile_v2_2/SL-P04-T01-BIZ-TRANSAC-INTERESTED-PERS-2017.CSV,2026-08-11T15:35:00.000Z,"""a1d1169d5b674bebf38d7fe3ab93cbc4-2""",13157856,STANDARD,nccs-efile,13.2 mb,https://nccs-efile.s3.us-east-1.amazonaws.com/public/efile_v2_2/SL-P04-T01-BIZ-TRANSAC-INTERESTED-PERS-2017.CSV
public/efile_v2_2/SL-P04-T01-BIZ-TRANSAC-INTERESTED-PERS-2018.CSV,2026-08-11T15:35:00.000Z,"""cce7a69248424045e038f9aeee9ede08-2""",12933332,STANDARD,nccs-efile,12.9 mb,https://nccs-efile.s3.us-east-1.amazonaws.com/public/efile_v2_2/SL-P04-T01-BIZ-TRANSAC-INTERESTED-PERS-2018.CSV
public/efile_v2_2/SL-P04-T01-BIZ-TRANSAC-INTERESTED-PERS-2019.CSV,2026-08-11T15:35:00.000Z,"""625c07f7911edeab192548606547e875-2""",12487047,STANDARD,nccs-efile,12.5 mb,https://nccs-efile.s3.us-east-1.amazonaws.com/public/efile_v2_2/SL-P04-T01-BIZ-TRANSAC-INTERESTED-PERS-2019.CSV
public/efile_v2_2/SL-P04-T01-BIZ-TRANSAC-INTERESTED-PERS-2020.CSV,2026-08-11T15:35:00.000Z,"""6aafb0d12762dffe7c50930de67d61dd-2""",13820723,STANDARD,nccs-efile,13.8 mb,https://nccs-efile.s3.us-east-1.amazonaws.com/public/efile_v2_2/SL-P04-T01-BIZ-TRANSAC-INTERESTED-PERS-2020.CSV
public/efile_v2_2/SL-P04-T01-BIZ-TRANSAC-INTERESTED-PERS-2021.CSV,2026-08-11T15:35:00.000Z,"""7d9f19b9913ccdb64f269fb137640f38-2""",12690111,STANDARD,nccs-efile,12.7 mb,https://nccs-efile.s3.us-east-1.amazonaws.com/public/efile_v2_2/SL-P04-T01-BIZ-TRANSAC-INTERESTED-PERS-2021.CSV
public/efile_v2_2/SL-P04-T01-BIZ-TRANSAC-INTERESTED-PERS-2022.CSV,2026-08-11T17:08:31.000Z,"""58140fffe9459869c28ef610fbb53e7c-2""",12695937,STANDARD,nccs-efile,12.7 mb,https://nccs-efile.s3.us-east-1.amazonaws.com/public/efile_v2_2/SL-P04-T01-BIZ-TRANSAC-INTERESTED-PERS-2022.CSV
public/efile_v2_2/SL-P04-T01-BIZ-TRANSAC-INTERESTED-PERS-2023.CSV,2026-08-11T17:08:31.000Z,"""f1afaa62f038f66c06cea4cf78c87286-2""",12617110,STANDARD,nccs-efile,12.6 mb,https://nccs-efile.s3.us-east-1.amazonaws.com/public/efile_v2_2/SL-P04-T01-BIZ-TRANSAC-INTERESTED-PERS-2023.CSV
public/efile_v2_2/SL-P04-T01-BIZ-TRANSAC-INTERESTED-PERS-2024.CSV,2026-08-11T17:08:32.000Z,"""86edc1e1a100133c5170e0d29d131ec4""",7881469,STANDARD,nccs-efile,7.9 mb,https://nccs-efile.s3.us-east-1.amazonaws.com/public/efile_v2_2/SL-P04-T01-BIZ-TRANSAC-INTERESTED-PERS-2024.CSV
public/efile_v2_2/SM-P01-T00-NONCASH-CONTRIBUTIONS-2009.CSV,2026-08-11T15:35:01.000Z,"""a64f11a9478db10e54d38600708569a4""",3273008,STANDARD,nccs-efile,3.3 mb,https://nccs-efile.s3.us-east-1.amazonaws.com/public/efile_v2_2/SM-P01-T00-NONCASH-CONTRIBUTIONS-2009.CSV
public/efile_v2_2/SM-P01-T00-NONCASH-CONTRIBUTIONS-2010.CSV,2026-08-11T15:35:01.000Z,"""37d73d68e5b1c81e1d1d6a13d0258ed4""",7677897,STANDARD,nccs-efile,7.7 mb,https://nccs-efile.s3.us-east-1.amazonaws.com/public/efile_v2_2/SM-P01-T00-NONCASH-CONTRIBUTIONS-2010.CSV
public/efile_v2_2/SM-P01-T00-NONCASH-CONTRIBUTIONS-2011.CSV,2026-08-11T15:35:01.000Z,"""6d98da8ec9b437fd1d10cf49e33c9c8c-2""",9779499,STANDARD,nccs-efile,9.8 mb,https://nccs-efile.s3.us-east-1.amazonaws.com/public/efile_v2_2/SM-P01-T00-NONCASH-CONTRIBUTIONS-2011.CSV
public/efile_v2_2/SM-P01-T00-NONCASH-CONTRIBUTIONS-2012.CSV,2026-08-11T15:35:01.000Z,"""7278d7b6e8fa2ed53f4f3c3d630cfcde-2""",10890112,STANDARD,nccs-efile,10.9 mb,https://nccs-efile.s3.us-east-1.amazonaws.com/public/efile_v2_2/SM-P01-T00-NONCASH-CONTRIBUTIONS-2012.CSV
public/efile_v2_2/SM-P01-T00-NONCASH-CONTRIBUTIONS-2013.CSV,2026-08-11T15:35:01.000Z,"""d23e46ae0ec54fd1c4f8a695246b5270-2""",11897018,STANDARD,nccs-efile,11.9 mb,https://nccs-efile.s3.us-east-1.amazonaws.com/public/efile_v2_2/SM-P01-T00-NONCASH-CONTRIBUTIONS-2013.CSV
public/efile_v2_2/SM-P01-T00-NONCASH-CONTRIBUTIONS-2014.CSV,2026-08-11T15:35:01.000Z,"""c2aa0f4314d7f58b4bf00c663ddbae8f-2""",13150434,STANDARD,nccs-efile,13.2 mb,https://nccs-efile.s3.us-east-1.amazonaws.com/public/efile_v2_2/SM-P01-T00-NONCASH-CONTRIBUTIONS-2014.CSV
public/efile_v2_2/SM-P01-T00-NONCASH-CONTRIBUTIONS-2015.CSV,2026-08-11T15:35:01.000Z,"""cfc33f977f4cd6825f0330c34ab1a6b8-2""",13948346,STANDARD,nccs-efile,13.9 mb,https://nccs-efile.s3.us-east-1.amazonaws.com/public/efile_v2_2/SM-P01-T00-NONCASH-CONTRIBUTIONS-2015.CSV
public/efile_v2_2/SM-P01-T00-NONCASH-CONTRIBUTIONS-2016.CSV,2026-08-11T15:35:01.000Z,"""ccc61aa506744232ce98f56b35e74c72-2""",14403382,STANDARD,nccs-efile,14.4 mb,https://nccs-efile.s3.us-east-1.amazonaws.com/public/efile_v2_2/SM-P01-T00-NONCASH-CONTRIBUTIONS-2016.CSV
public/efile_v2_2/SM-P01-T00-NONCASH-CONTRIBUTIONS-2017.CSV,2026-08-11T15:35:02.000Z,"""27521f68184a0199532a50261e4aa0b0-2""",15819460,STANDARD,nccs-efile,15.8 mb,https://nccs-efile.s3.us-east-1.amazonaws.com/public/efile_v2_2/SM-P01-T00-NONCASH-CONTRIBUTIONS-2017.CSV
public/efile_v2_2/SM-P01-T00-NONCASH-CONTRIBUTIONS-2018.CSV,2026-08-11T15:35:02.000Z,"""aea295cc1d93df460f3905e4c627a2e9-2""",15594245,STANDARD,nccs-efile,15.6 mb,https://nccs-efile.s3.us-east-1.amazonaws.com/public/efile_v2_2/SM-P01-T00-NONCASH-CONTRIBUTIONS-2018.CSV
public/efile_v2_2/SM-P01-T00-NONCASH-CONTRIBUTIONS-2019.CSV,2026-08-11T15:35:02.000Z,"""385ed07508dc8e344da0d9984dbbb321-2""",15893050,STANDARD,nccs-efile,15.9 mb,https://nccs-efile.s3.us-east-1.amazonaws.com/public/efile_v2_2/SM-P01-T00-NONCASH-CONTRIBUTIONS-2019.CSV
public/efile_v2_2/SM-P01-T00-NONCASH-CONTRIBUTIONS-2020.CSV,2026-08-11T15:35:02.000Z,"""28017b62e985f409951a2d76560ca62d-3""",18318560,STANDARD,nccs-efile,18.3 mb,https://nccs-efile.s3.us-east-1.amazonaws.com/public/efile_v2_2/SM-P01-T00-NONCASH-CONTRIBUTIONS-2020.CSV
public/efile_v2_2/SM-P01-T00-NONCASH-CONTRIBUTIONS-2021.CSV,2026-08-11T15:35:02.000Z,"""a1e5069201de40faf41ed7573f5bed45-3""",17631615,STANDARD,nccs-efile,17.6 mb,https://nccs-efile.s3.us-east-1.amazonaws.com/public/efile_v2_2/SM-P01-T00-NONCASH-CONTRIBUTIONS-2021.CSV
public/efile_v2_2/SM-P01-T00-NONCASH-CONTRIBUTIONS-2022.CSV,2026-08-11T17:08:32.000Z,"""f61fc09c5080a3e0dca168eb8609781f-3""",17845213,STANDARD,nccs-efile,17.8 mb,https://nccs-efile.s3.us-east-1.amazonaws.com/public/efile_v2_2/SM-P01-T00-NONCASH-CONTRIBUTIONS-2022.CSV
public/efile_v2_2/SM-P01-T00-NONCASH-CONTRIBUTIONS-2023.CSV,2026-08-11T17:08:32.000Z,"""21c0e9e9a3dc60dc2aedb8b380b9f1cb-3""",18264522,STANDARD,nccs-efile,18.3 mb,https://nccs-efile.s3.us-east-1.amazonaws.com/public/efile_v2_2/SM-P01-T00-NONCASH-CONTRIBUTIONS-2023.CSV
public/efile_v2_2/SM-P01-T00-NONCASH-CONTRIBUTIONS-2024.CSV,2026-08-11T17:08:32.000Z,"""3a41e9d64c34312abddf43bef272e8ae-2""",13336427,STANDARD,nccs-efile,13.3 mb,https://nccs-efile.s3.us-east-1.amazonaws.com/public/efile_v2_2/SM-P01-T00-NONCASH-CONTRIBUTIONS-2024.CSV
public/efile_v2_2/SM-P01-T01-NONCASH-CONTRIBUTIONS-2009.CSV,2026-08-11T15:35:02.000Z,"""fca84496d58c5b52e1ff0eb3e1e76053""",2319565,STANDARD,nccs-efile,2.3 mb,https://nccs-efile.s3.us-east-1.amazonaws.com/public/efile_v2_2/SM-P01-T01-NONCASH-CONTRIBUTIONS-2009.CSV
public/efile_v2_2/SM-P01-T01-NONCASH-CONTRIBUTIONS-2010.CSV,2026-08-11T15:35:03.000Z,"""34a28b31e0010412c0afbcc0b4f751ac""",5390835,STANDARD,nccs-efile,5.4 mb,https://nccs-efile.s3.us-east-1.amazonaws.com/public/efile_v2_2/SM-P01-T01-NONCASH-CONTRIBUTIONS-2010.CSV
public/efile_v2_2/SM-P01-T01-NONCASH-CONTRIBUTIONS-2011.CSV,2026-08-11T15:35:03.000Z,"""c6e37eabeadfcb0c72ba984050ef74b9""",6714348,STANDARD,nccs-efile,6.7 mb,https://nccs-efile.s3.us-east-1.amazonaws.com/public/efile_v2_2/SM-P01-T01-NONCASH-CONTRIBUTIONS-2011.CSV
public/efile_v2_2/SM-P01-T01-NONCASH-CONTRIBUTIONS-2012.CSV,2026-08-11T15:35:03.000Z,"""8ae9368aa56d892a8c916ec78b320d4a""",7371986,STANDARD,nccs-efile,7.4 mb,https://nccs-efile.s3.us-east-1.amazonaws.com/public/efile_v2_2/SM-P01-T01-NONCASH-CONTRIBUTIONS-2012.CSV
public/efile_v2_2/SM-P01-T01-NONCASH-CONTRIBUTIONS-2013.CSV,2026-08-11T15:35:03.000Z,"""d9abde090d929ebfe257b423831bb034""",8032690,STANDARD,nccs-efile,8 mb,https://nccs-efile.s3.us-east-1.amazonaws.com/public/efile_v2_2/SM-P01-T01-NONCASH-CONTRIBUTIONS-2013.CSV
public/efile_v2_2/SM-P01-T01-NONCASH-CONTRIBUTIONS-2014.CSV,2026-08-11T15:35:03.000Z,"""0e16e5eafe5f8b6afee7a83e5d9195d3-2""",8936954,STANDARD,nccs-efile,8.9 mb,https://nccs-efile.s3.us-east-1.amazonaws.com/public/efile_v2_2/SM-P01-T01-NONCASH-CONTRIBUTIONS-2014.CSV
public/efile_v2_2/SM-P01-T01-NONCASH-CONTRIBUTIONS-2015.CSV,2026-08-11T15:35:03.000Z,"""dede0cfcd7ea127fb0b0283412515fcf-2""",9255552,STANDARD,nccs-efile,9.3 mb,https://nccs-efile.s3.us-east-1.amazonaws.com/public/efile_v2_2/SM-P01-T01-NONCASH-CONTRIBUTIONS-2015.CSV
public/efile_v2_2/SM-P01-T01-NONCASH-CONTRIBUTIONS-2016.CSV,2026-08-11T15:35:03.000Z,"""0b5679017bd1a0f166a088537b5d3091-2""",9505160,STANDARD,nccs-efile,9.5 mb,https://nccs-efile.s3.us-east-1.amazonaws.com/public/efile_v2_2/SM-P01-T01-NONCASH-CONTRIBUTIONS-2016.CSV
public/efile_v2_2/SM-P01-T01-NONCASH-CONTRIBUTIONS-2017.CSV,2026-08-11T15:35:03.000Z,"""2f6ff2031c05e77900ba61c777398f68-2""",10020789,STANDARD,nccs-efile,10 mb,https://nccs-efile.s3.us-east-1.amazonaws.com/public/efile_v2_2/SM-P01-T01-NONCASH-CONTRIBUTIONS-2017.CSV
public/efile_v2_2/SM-P01-T01-NONCASH-CONTRIBUTIONS-2018.CSV,2026-08-11T15:35:03.000Z,"""564d34b79d23e07ed2c0d369ad49dbb7-2""",9772586,STANDARD,nccs-efile,9.8 mb,https://nccs-efile.s3.us-east-1.amazonaws.com/public/efile_v2_2/SM-P01-T01-NONCASH-CONTRIBUTIONS-2018.CSV
public/efile_v2_2/SM-P01-T01-NONCASH-CONTRIBUTIONS-2019.CSV,2026-08-11T15:35:03.000Z,"""fb21f55d90e07c68b041d2d1e4c96cd7-2""",9447306,STANDARD,nccs-efile,9.4 mb,https://nccs-efile.s3.us-east-1.amazonaws.com/public/efile_v2_2/SM-P01-T01-NONCASH-CONTRIBUTIONS-2019.CSV
public/efile_v2_2/SM-P01-T01-NONCASH-CONTRIBUTIONS-2020.CSV,2026-08-11T15:35:04.000Z,"""4838e5890ddf01b445dc53f09295e326-2""",9563904,STANDARD,nccs-efile,9.6 mb,https://nccs-efile.s3.us-east-1.amazonaws.com/public/efile_v2_2/SM-P01-T01-NONCASH-CONTRIBUTIONS-2020.CSV
public/efile_v2_2/SM-P01-T01-NONCASH-CONTRIBUTIONS-2021.CSV,2026-08-11T15:35:04.000Z,"""359dbf3e9222c0b3d6b5db0803d2cab1-2""",9222688,STANDARD,nccs-efile,9.2 mb,https://nccs-efile.s3.us-east-1.amazonaws.com/public/efile_v2_2/SM-P01-T01-NONCASH-CONTRIBUTIONS-2021.CSV
public/efile_v2_2/SM-P01-T01-NONCASH-CONTRIBUTIONS-2022.CSV,2026-08-11T17:08:32.000Z,"""d4e8dc81b2b39acf62ef2f68b0e2369c-2""",9910907,STANDARD,nccs-efile,9.9 mb,https://nccs-efile.s3.us-east-1.amazonaws.com/public/efile_v2_2/SM-P01-T01-NONCASH-CONTRIBUTIONS-2022.CSV
public/efile_v2_2/SM-P01-T01-NONCASH-CONTRIBUTIONS-2023.CSV,2026-08-11T17:08:32.000Z,"""9b39c777ce56837f00bf1ac9b93b8405-2""",10383859,STANDARD,nccs-efile,10.4 mb,https://nccs-efile.s3.us-east-1.amazonaws.com/public/efile_v2_2/SM-P01-T01-NONCASH-CONTRIBUTIONS-2023.CSV
public/efile_v2_2/SM-P01-T01-NONCASH-CONTRIBUTIONS-2024.CSV,2026-08-11T17:08:33.000Z,"""8060851b5b8ad751111c0a482345bd92""",7258656,STANDARD,nccs-efile,7.3 mb,https://nccs-efile.s3.us-east-1.amazonaws.com/public/efile_v2_2/SM-P01-T01-NONCASH-CONTRIBUTIONS-2024.CSV
public/efile_v2_2/SN-P01-T00-LIQUIDATION-TERMINATION-DISSOLUTION-2009.CSV,2026-08-11T15:35:04.000Z,"""2754b36cf3972d36fa1110c3e18f3c7c""",64237,STANDARD,nccs-efile,0.1 mb,https://nccs-efile.s3.us-east-1.amazonaws.com/public/efile_v2_2/SN-P01-T00-LIQUIDATION-TERMINATION-DISSOLUTION-2009.CSV
public/efile_v2_2/SN-P01-T00-LIQUIDATION-TERMINATION-DISSOLUTION-2010.CSV,2026-08-11T15:35:04.000Z,"""ff85103d8198af1a71ee688148179496""",290841,STANDARD,nccs-efile,0.3 mb,https://nccs-efile.s3.us-east-1.amazonaws.com/public/efile_v2_2/SN-P01-T00-LIQUIDATION-TERMINATION-DISSOLUTION-2010.CSV
public/efile_v2_2/SN-P01-T00-LIQUIDATION-TERMINATION-DISSOLUTION-2011.CSV,2026-08-11T15:35:04.000Z,"""e21fbe59b9157a48f732ad6cd50054ab""",402390,STANDARD,nccs-efile,0.4 mb,https://nccs-efile.s3.us-east-1.amazonaws.com/public/efile_v2_2/SN-P01-T00-LIQUIDATION-TERMINATION-DISSOLUTION-2011.CSV
public/efile_v2_2/SN-P01-T00-LIQUIDATION-TERMINATION-DISSOLUTION-2012.CSV,2026-08-11T15:35:04.000Z,"""8ff41ebc68c21d573d3e8046816c1c28""",483361,STANDARD,nccs-efile,0.5 mb,https://nccs-efile.s3.us-east-1.amazonaws.com/public/efile_v2_2/SN-P01-T00-LIQUIDATION-TERMINATION-DISSOLUTION-2012.CSV
public/efile_v2_2/SN-P01-T00-LIQUIDATION-TERMINATION-DISSOLUTION-2013.CSV,2026-08-11T15:35:04.000Z,"""ae7028b36cc7c5d018a3abcc018c5db9""",604605,STANDARD,nccs-efile,0.6 mb,https://nccs-efile.s3.us-east-1.amazonaws.com/public/efile_v2_2/SN-P01-T00-LIQUIDATION-TERMINATION-DISSOLUTION-2013.CSV
public/efile_v2_2/SN-P01-T00-LIQUIDATION-TERMINATION-DISSOLUTION-2014.CSV,2026-08-11T15:35:04.000Z,"""72a16dabe313f3cdeeda05e990602484""",669246,STANDARD,nccs-efile,0.7 mb,https://nccs-efile.s3.us-east-1.amazonaws.com/public/efile_v2_2/SN-P01-T00-LIQUIDATION-TERMINATION-DISSOLUTION-2014.CSV
public/efile_v2_2/SN-P01-T00-LIQUIDATION-TERMINATION-DISSOLUTION-2015.CSV,2026-08-11T15:35:04.000Z,"""d0f2dfc5916ec68d1d872ba67599bbdb""",758860,STANDARD,nccs-efile,0.8 mb,https://nccs-efile.s3.us-east-1.amazonaws.com/public/efile_v2_2/SN-P01-T00-LIQUIDATION-TERMINATION-DISSOLUTION-2015.CSV
public/efile_v2_2/SN-P01-T00-LIQUIDATION-TERMINATION-DISSOLUTION-2016.CSV,2026-08-11T15:35:05.000Z,"""fccec3d9cc1aaa38131e26172cf7868b""",822040,STANDARD,nccs-efile,0.8 mb,https://nccs-efile.s3.us-east-1.amazonaws.com/public/efile_v2_2/SN-P01-T00-LIQUIDATION-TERMINATION-DISSOLUTION-2016.CSV
public/efile_v2_2/SN-P01-T00-LIQUIDATION-TERMINATION-DISSOLUTION-2017.CSV,2026-08-11T15:35:05.000Z,"""d711099e05e52a50d4a4a09d71c5cdb2""",876526,STANDARD,nccs-efile,0.9 mb,https://nccs-efile.s3.us-east-1.amazonaws.com/public/efile_v2_2/SN-P01-T00-LIQUIDATION-TERMINATION-DISSOLUTION-2017.CSV
public/efile_v2_2/SN-P01-T00-LIQUIDATION-TERMINATION-DISSOLUTION-2018.CSV,2026-08-11T15:35:05.000Z,"""2112b5b424eb41675734956d84d941a0""",967962,STANDARD,nccs-efile,1 mb,https://nccs-efile.s3.us-east-1.amazonaws.com/public/efile_v2_2/SN-P01-T00-LIQUIDATION-TERMINATION-DISSOLUTION-2018.CSV
public/efile_v2_2/SN-P01-T00-LIQUIDATION-TERMINATION-DISSOLUTION-2019.CSV,2026-08-11T15:35:05.000Z,"""0a671015de843bdbafc010e5137201d6""",944668,STANDARD,nccs-efile,0.9 mb,https://nccs-efile.s3.us-east-1.amazonaws.com/public/efile_v2_2/SN-P01-T00-LIQUIDATION-TERMINATION-DISSOLUTION-2019.CSV
public/efile_v2_2/SN-P01-T00-LIQUIDATION-TERMINATION-DISSOLUTION-2020.CSV,2026-08-11T15:35:05.000Z,"""deed28a14c80425b0e2e715ea5877383""",1138525,STANDARD,nccs-efile,1.1 mb,https://nccs-efile.s3.us-east-1.amazonaws.com/public/efile_v2_2/SN-P01-T00-LIQUIDATION-TERMINATION-DISSOLUTION-2020.CSV
public/efile_v2_2/SN-P01-T00-LIQUIDATION-TERMINATION-DISSOLUTION-2021.CSV,2026-08-11T15:35:05.000Z,"""0afb5514ac4b8f49a34eec7460dd799a""",1172047,STANDARD,nccs-efile,1.2 mb,https://nccs-efile.s3.us-east-1.amazonaws.com/public/efile_v2_2/SN-P01-T00-LIQUIDATION-TERMINATION-DISSOLUTION-2021.CSV
public/efile_v2_2/SN-P01-T00-LIQUIDATION-TERMINATION-DISSOLUTION-2022.CSV,2026-08-11T17:08:32.000Z,"""dbeab4d86e9c0541104cfe41d9d6f9f0""",1317054,STANDARD,nccs-efile,1.3 mb,https://nccs-efile.s3.us-east-1.amazonaws.com/public/efile_v2_2/SN-P01-T00-LIQUIDATION-TERMINATION-DISSOLUTION-2022.CSV
public/efile_v2_2/SN-P01-T00-LIQUIDATION-TERMINATION-DISSOLUTION-2023.CSV,2026-08-11T17:08:33.000Z,"""f2fc4f6e3dae1054955efe2f07308830""",1350390,STANDARD,nccs-efile,1.4 mb,https://nccs-efile.s3.us-east-1.amazonaws.com/public/efile_v2_2/SN-P01-T00-LIQUIDATION-TERMINATION-DISSOLUTION-2023.CSV
public/efile_v2_2/SN-P01-T00-LIQUIDATION-TERMINATION-DISSOLUTION-2024.CSV,2026-08-11T17:08:33.000Z,"""f3f0fc1082b21e180300fbb7a7ff5752""",1241619,STANDARD,nccs-efile,1.2 mb,https://nccs-efile.s3.us-east-1.amazonaws.com/public/efile_v2_2/SN-P01-T00-LIQUIDATION-TERMINATION-DISSOLUTION-2024.CSV
public/efile_v2_2/SN-P01-T01-LIQUIDATION-TERMINATION-DISSOLUTION-2009.CSV,2026-08-11T15:35:05.000Z,"""ddb03bcbee91a99548dbd708b87c021c""",181061,STANDARD,nccs-efile,0.2 mb,https://nccs-efile.s3.us-east-1.amazonaws.com/public/efile_v2_2/SN-P01-T01-LIQUIDATION-TERMINATION-DISSOLUTION-2009.CSV
public/efile_v2_2/SN-P01-T01-LIQUIDATION-TERMINATION-DISSOLUTION-2010.CSV,2026-08-11T15:35:05.000Z,"""63a9d48205fca734495b922fcc9376f5""",734555,STANDARD,nccs-efile,0.7 mb,https://nccs-efile.s3.us-east-1.amazonaws.com/public/efile_v2_2/SN-P01-T01-LIQUIDATION-TERMINATION-DISSOLUTION-2010.CSV
public/efile_v2_2/SN-P01-T01-LIQUIDATION-TERMINATION-DISSOLUTION-2011.CSV,2026-08-11T15:35:05.000Z,"""906143cc5dffcd32d544d4bb5c6b3f6c""",1012500,STANDARD,nccs-efile,1 mb,https://nccs-efile.s3.us-east-1.amazonaws.com/public/efile_v2_2/SN-P01-T01-LIQUIDATION-TERMINATION-DISSOLUTION-2011.CSV
public/efile_v2_2/SN-P01-T01-LIQUIDATION-TERMINATION-DISSOLUTION-2012.CSV,2026-08-11T15:35:05.000Z,"""c8166a79a0d4a1dd45ddb10e4659d289""",1234682,STANDARD,nccs-efile,1.2 mb,https://nccs-efile.s3.us-east-1.amazonaws.com/public/efile_v2_2/SN-P01-T01-LIQUIDATION-TERMINATION-DISSOLUTION-2012.CSV
public/efile_v2_2/SN-P01-T01-LIQUIDATION-TERMINATION-DISSOLUTION-2013.CSV,2026-08-11T15:35:05.000Z,"""66a641e53f2550b49c3a99c5ed00f72b""",1556549,STANDARD,nccs-efile,1.6 mb,https://nccs-efile.s3.us-east-1.amazonaws.com/public/efile_v2_2/SN-P01-T01-LIQUIDATION-TERMINATION-DISSOLUTION-2013.CSV
public/efile_v2_2/SN-P01-T01-LIQUIDATION-TERMINATION-DISSOLUTION-2014.CSV,2026-08-11T15:35:05.000Z,"""ac680e1309a00b4b70862b2a7b6094c0""",1681415,STANDARD,nccs-efile,1.7 mb,https://nccs-efile.s3.us-east-1.amazonaws.com/public/efile_v2_2/SN-P01-T01-LIQUIDATION-TERMINATION-DISSOLUTION-2014.CSV
public/efile_v2_2/SN-P01-T01-LIQUIDATION-TERMINATION-DISSOLUTION-2015.CSV,2026-08-11T15:35:05.000Z,"""12a96dbf591675a561f0074ef5ee4cef""",1737087,STANDARD,nccs-efile,1.7 mb,https://nccs-efile.s3.us-east-1.amazonaws.com/public/efile_v2_2/SN-P01-T01-LIQUIDATION-TERMINATION-DISSOLUTION-2015.CSV
public/efile_v2_2/SN-P01-T01-LIQUIDATION-TERMINATION-DISSOLUTION-2016.CSV,2026-08-11T15:35:05.000Z,"""f63288c2bf8f065dc6d881dedbf770ee""",1955000,STANDARD,nccs-efile,2 mb,https://nccs-efile.s3.us-east-1.amazonaws.com/public/efile_v2_2/SN-P01-T01-LIQUIDATION-TERMINATION-DISSOLUTION-2016.CSV
public/efile_v2_2/SN-P01-T01-LIQUIDATION-TERMINATION-DISSOLUTION-2017.CSV,2026-08-11T15:35:05.000Z,"""8900fe3b8e36c8384a86d3df526fbb37""",2079656,STANDARD,nccs-efile,2.1 mb,https://nccs-efile.s3.us-east-1.amazonaws.com/public/efile_v2_2/SN-P01-T01-LIQUIDATION-TERMINATION-DISSOLUTION-2017.CSV
public/efile_v2_2/SN-P01-T01-LIQUIDATION-TERMINATION-DISSOLUTION-2018.CSV,2026-08-11T15:35:05.000Z,"""42dabb52e96e3629f48c6acd2e4be30a""",2301312,STANDARD,nccs-efile,2.3 mb,https://nccs-efile.s3.us-east-1.amazonaws.com/public/efile_v2_2/SN-P01-T01-LIQUIDATION-TERMINATION-DISSOLUTION-2018.CSV
public/efile_v2_2/SN-P01-T01-LIQUIDATION-TERMINATION-DISSOLUTION-2019.CSV,2026-08-11T15:35:05.000Z,"""060381e4b30256329685830efcf8297f""",2164714,STANDARD,nccs-efile,2.2 mb,https://nccs-efile.s3.us-east-1.amazonaws.com/public/efile_v2_2/SN-P01-T01-LIQUIDATION-TERMINATION-DISSOLUTION-2019.CSV
public/efile_v2_2/SN-P01-T01-LIQUIDATION-TERMINATION-DISSOLUTION-2020.CSV,2026-08-11T15:35:05.000Z,"""e099ac65d9bfbad05e11f8aa224e53b5""",2884251,STANDARD,nccs-efile,2.9 mb,https://nccs-efile.s3.us-east-1.amazonaws.com/public/efile_v2_2/SN-P01-T01-LIQUIDATION-TERMINATION-DISSOLUTION-2020.CSV
public/efile_v2_2/SN-P01-T01-LIQUIDATION-TERMINATION-DISSOLUTION-2021.CSV,2026-08-11T15:35:06.000Z,"""4e336f0368a2e89f19671fc0c7a8793a""",3002937,STANDARD,nccs-efile,3 mb,https://nccs-efile.s3.us-east-1.amazonaws.com/public/efile_v2_2/SN-P01-T01-LIQUIDATION-TERMINATION-DISSOLUTION-2021.CSV
public/efile_v2_2/SN-P01-T01-LIQUIDATION-TERMINATION-DISSOLUTION-2022.CSV,2026-08-11T17:08:33.000Z,"""8b26db4be79e4bc81a6b4c8b64911ba4""",3071183,STANDARD,nccs-efile,3.1 mb,https://nccs-efile.s3.us-east-1.amazonaws.com/public/efile_v2_2/SN-P01-T01-LIQUIDATION-TERMINATION-DISSOLUTION-2022.CSV
public/efile_v2_2/SN-P01-T01-LIQUIDATION-TERMINATION-DISSOLUTION-2023.CSV,2026-08-11T17:08:33.000Z,"""66064557822f29cab3c812d79582c026""",3256205,STANDARD,nccs-efile,3.3 mb,https://nccs-efile.s3.us-east-1.amazonaws.com/public/efile_v2_2/SN-P01-T01-LIQUIDATION-TERMINATION-DISSOLUTION-2023.CSV
public/efile_v2_2/SN-P01-T01-LIQUIDATION-TERMINATION-DISSOLUTION-2024.CSV,2026-08-11T17:08:33.000Z,"""fe3eee17d64a3e3a30f6a7c543cdb4b0""",2826112,STANDARD,nccs-efile,2.8 mb,https://nccs-efile.s3.us-east-1.amazonaws.com/public/efile_v2_2/SN-P01-T01-LIQUIDATION-TERMINATION-DISSOLUTION-2024.CSV
public/efile_v2_2/SN-P02-T00-DISPOSITION-OF-ASSETS-2009.CSV,2026-08-11T15:35:06.000Z,"""0e853d770b226d7d3933f7734949b8d7""",71954,STANDARD,nccs-efile,0.1 mb,https://nccs-efile.s3.us-east-1.amazonaws.com/public/efile_v2_2/SN-P02-T00-DISPOSITION-OF-ASSETS-2009.CSV
public/efile_v2_2/SN-P02-T00-DISPOSITION-OF-ASSETS-2010.CSV,2026-08-11T15:35:06.000Z,"""c0777d426c624e135721a72c494b63ba""",227020,STANDARD,nccs-efile,0.2 mb,https://nccs-efile.s3.us-east-1.amazonaws.com/public/efile_v2_2/SN-P02-T00-DISPOSITION-OF-ASSETS-2010.CSV
public/efile_v2_2/SN-P02-T00-DISPOSITION-OF-ASSETS-2011.CSV,2026-08-11T15:35:06.000Z,"""61a3cbbfc85c75fee380f8118da521d0""",267814,STANDARD,nccs-efile,0.3 mb,https://nccs-efile.s3.us-east-1.amazonaws.com/public/efile_v2_2/SN-P02-T00-DISPOSITION-OF-ASSETS-2011.CSV
public/efile_v2_2/SN-P02-T00-DISPOSITION-OF-ASSETS-2012.CSV,2026-08-11T15:35:06.000Z,"""f6353524986f4552aa9c0fb95ec3868f""",251310,STANDARD,nccs-efile,0.3 mb,https://nccs-efile.s3.us-east-1.amazonaws.com/public/efile_v2_2/SN-P02-T00-DISPOSITION-OF-ASSETS-2012.CSV
public/efile_v2_2/SN-P02-T00-DISPOSITION-OF-ASSETS-2013.CSV,2026-08-11T15:35:06.000Z,"""f55b0a1dd0ca44dbae759548fff24d06""",309631,STANDARD,nccs-efile,0.3 mb,https://nccs-efile.s3.us-east-1.amazonaws.com/public/efile_v2_2/SN-P02-T00-DISPOSITION-OF-ASSETS-2013.CSV
public/efile_v2_2/SN-P02-T00-DISPOSITION-OF-ASSETS-2014.CSV,2026-08-11T15:35:06.000Z,"""1a782b0243add67934c558f1e878f229""",344729,STANDARD,nccs-efile,0.3 mb,https://nccs-efile.s3.us-east-1.amazonaws.com/public/efile_v2_2/SN-P02-T00-DISPOSITION-OF-ASSETS-2014.CSV
public/efile_v2_2/SN-P02-T00-DISPOSITION-OF-ASSETS-2015.CSV,2026-08-11T15:35:06.000Z,"""d9ff0418f6f8782da09720369ce3a6e4""",344842,STANDARD,nccs-efile,0.3 mb,https://nccs-efile.s3.us-east-1.amazonaws.com/public/efile_v2_2/SN-P02-T00-DISPOSITION-OF-ASSETS-2015.CSV
public/efile_v2_2/SN-P02-T00-DISPOSITION-OF-ASSETS-2016.CSV,2026-08-11T15:35:06.000Z,"""b99594df53dd7cb7034655bb5171f287""",405198,STANDARD,nccs-efile,0.4 mb,https://nccs-efile.s3.us-east-1.amazonaws.com/public/efile_v2_2/SN-P02-T00-DISPOSITION-OF-ASSETS-2016.CSV
public/efile_v2_2/SN-P02-T00-DISPOSITION-OF-ASSETS-2017.CSV,2026-08-11T15:35:06.000Z,"""dfaedf15369060a69d9a8f4145360b14""",372491,STANDARD,nccs-efile,0.4 mb,https://nccs-efile.s3.us-east-1.amazonaws.com/public/efile_v2_2/SN-P02-T00-DISPOSITION-OF-ASSETS-2017.CSV
public/efile_v2_2/SN-P02-T00-DISPOSITION-OF-ASSETS-2018.CSV,2026-08-11T15:35:06.000Z,"""c0101009f248cfebd04e786134c0d4a5""",404442,STANDARD,nccs-efile,0.4 mb,https://nccs-efile.s3.us-east-1.amazonaws.com/public/efile_v2_2/SN-P02-T00-DISPOSITION-OF-ASSETS-2018.CSV
public/efile_v2_2/SN-P02-T00-DISPOSITION-OF-ASSETS-2019.CSV,2026-08-11T15:35:06.000Z,"""d5bd5dbab95053263f08e15897253d82""",343312,STANDARD,nccs-efile,0.3 mb,https://nccs-efile.s3.us-east-1.amazonaws.com/public/efile_v2_2/SN-P02-T00-DISPOSITION-OF-ASSETS-2019.CSV
public/efile_v2_2/SN-P02-T00-DISPOSITION-OF-ASSETS-2020.CSV,2026-08-11T15:35:06.000Z,"""4ce5c300b572d82c5c4de087ed1a5800""",429124,STANDARD,nccs-efile,0.4 mb,https://nccs-efile.s3.us-east-1.amazonaws.com/public/efile_v2_2/SN-P02-T00-DISPOSITION-OF-ASSETS-2020.CSV
public/efile_v2_2/SN-P02-T00-DISPOSITION-OF-ASSETS-2021.CSV,2026-08-11T15:35:06.000Z,"""eb6ea80a2c7b7fd31aec7601daf88685""",399909,STANDARD,nccs-efile,0.4 mb,https://nccs-efile.s3.us-east-1.amazonaws.com/public/efile_v2_2/SN-P02-T00-DISPOSITION-OF-ASSETS-2021.CSV
public/efile_v2_2/SN-P02-T00-DISPOSITION-OF-ASSETS-2022.CSV,2026-08-11T17:08:33.000Z,"""77861ac6e703cd28f5f87dfaa99d6cff""",491068,STANDARD,nccs-efile,0.5 mb,https://nccs-efile.s3.us-east-1.amazonaws.com/public/efile_v2_2/SN-P02-T00-DISPOSITION-OF-ASSETS-2022.CSV
public/efile_v2_2/SN-P02-T00-DISPOSITION-OF-ASSETS-2023.CSV,2026-08-11T17:08:33.000Z,"""9fe98df67ee6980c82088e20f2c4c0dd""",472711,STANDARD,nccs-efile,0.5 mb,https://nccs-efile.s3.us-east-1.amazonaws.com/public/efile_v2_2/SN-P02-T00-DISPOSITION-OF-ASSETS-2023.CSV
public/efile_v2_2/SN-P02-T00-DISPOSITION-OF-ASSETS-2024.CSV,2026-08-11T17:08:33.000Z,"""5ebdae59dffebb3f8095c452705803fc""",340463,STANDARD,nccs-efile,0.3 mb,https://nccs-efile.s3.us-east-1.amazonaws.com/public/efile_v2_2/SN-P02-T00-DISPOSITION-OF-ASSETS-2024.CSV
public/efile_v2_2/SN-P02-T01-DISPOSITION-OF-ASSETS-2009.CSV,2026-08-11T15:35:06.000Z,"""3470188d0005095ab3d6100c9e1cd201""",197961,STANDARD,nccs-efile,0.2 mb,https://nccs-efile.s3.us-east-1.amazonaws.com/public/efile_v2_2/SN-P02-T01-DISPOSITION-OF-ASSETS-2009.CSV
public/efile_v2_2/SN-P02-T01-DISPOSITION-OF-ASSETS-2010.CSV,2026-08-11T15:35:07.000Z,"""45f05cb462599f84a293a994dda4f3bf""",587376,STANDARD,nccs-efile,0.6 mb,https://nccs-efile.s3.us-east-1.amazonaws.com/public/efile_v2_2/SN-P02-T01-DISPOSITION-OF-ASSETS-2010.CSV
public/efile_v2_2/SN-P02-T01-DISPOSITION-OF-ASSETS-2011.CSV,2026-08-11T15:35:07.000Z,"""b75c8b94b320a92271da9d97194a2aea""",644870,STANDARD,nccs-efile,0.6 mb,https://nccs-efile.s3.us-east-1.amazonaws.com/public/efile_v2_2/SN-P02-T01-DISPOSITION-OF-ASSETS-2011.CSV
public/efile_v2_2/SN-P02-T01-DISPOSITION-OF-ASSETS-2012.CSV,2026-08-11T15:35:07.000Z,"""938d6db689cd604ab891c8e7ef7210a5""",625839,STANDARD,nccs-efile,0.6 mb,https://nccs-efile.s3.us-east-1.amazonaws.com/public/efile_v2_2/SN-P02-T01-DISPOSITION-OF-ASSETS-2012.CSV
public/efile_v2_2/SN-P02-T01-DISPOSITION-OF-ASSETS-2013.CSV,2026-08-11T15:35:07.000Z,"""c09bd2867cdd226c8ab9992da039095c""",820878,STANDARD,nccs-efile,0.8 mb,https://nccs-efile.s3.us-east-1.amazonaws.com/public/efile_v2_2/SN-P02-T01-DISPOSITION-OF-ASSETS-2013.CSV
public/efile_v2_2/SN-P02-T01-DISPOSITION-OF-ASSETS-2014.CSV,2026-08-11T15:35:07.000Z,"""0db1f96b01d976562cdc3eceda123f8e""",926621,STANDARD,nccs-efile,0.9 mb,https://nccs-efile.s3.us-east-1.amazonaws.com/public/efile_v2_2/SN-P02-T01-DISPOSITION-OF-ASSETS-2014.CSV
public/efile_v2_2/SN-P02-T01-DISPOSITION-OF-ASSETS-2015.CSV,2026-08-11T15:35:07.000Z,"""5c72777a16100bbedfca0142f72bdd95""",910152,STANDARD,nccs-efile,0.9 mb,https://nccs-efile.s3.us-east-1.amazonaws.com/public/efile_v2_2/SN-P02-T01-DISPOSITION-OF-ASSETS-2015.CSV
public/efile_v2_2/SN-P02-T01-DISPOSITION-OF-ASSETS-2016.CSV,2026-08-11T15:35:07.000Z,"""a0a55fec4915158e8d9db878c712a676""",842942,STANDARD,nccs-efile,0.8 mb,https://nccs-efile.s3.us-east-1.amazonaws.com/public/efile_v2_2/SN-P02-T01-DISPOSITION-OF-ASSETS-2016.CSV
public/efile_v2_2/SN-P02-T01-DISPOSITION-OF-ASSETS-2017.CSV,2026-08-11T15:35:07.000Z,"""d339c3300aa765708ae43b1d609735a5""",884490,STANDARD,nccs-efile,0.9 mb,https://nccs-efile.s3.us-east-1.amazonaws.com/public/efile_v2_2/SN-P02-T01-DISPOSITION-OF-ASSETS-2017.CSV
public/efile_v2_2/SN-P02-T01-DISPOSITION-OF-ASSETS-2018.CSV,2026-08-11T15:35:07.000Z,"""ffe2d9c2d047b6127530443fe6460166""",915503,STANDARD,nccs-efile,0.9 mb,https://nccs-efile.s3.us-east-1.amazonaws.com/public/efile_v2_2/SN-P02-T01-DISPOSITION-OF-ASSETS-2018.CSV
public/efile_v2_2/SN-P02-T01-DISPOSITION-OF-ASSETS-2019.CSV,2026-08-11T15:35:07.000Z,"""0bee0e82d93a23ae592d44be14fbfc66""",904215,STANDARD,nccs-efile,0.9 mb,https://nccs-efile.s3.us-east-1.amazonaws.com/public/efile_v2_2/SN-P02-T01-DISPOSITION-OF-ASSETS-2019.CSV
public/efile_v2_2/SN-P02-T01-DISPOSITION-OF-ASSETS-2020.CSV,2026-08-11T15:35:07.000Z,"""5edd76d82b7b654f07db834a9f2dd18a""",1210584,STANDARD,nccs-efile,1.2 mb,https://nccs-efile.s3.us-east-1.amazonaws.com/public/efile_v2_2/SN-P02-T01-DISPOSITION-OF-ASSETS-2020.CSV
public/efile_v2_2/SN-P02-T01-DISPOSITION-OF-ASSETS-2021.CSV,2026-08-11T15:35:07.000Z,"""c75fa49d98dc21f32cf744fdb2c98e28""",1037132,STANDARD,nccs-efile,1 mb,https://nccs-efile.s3.us-east-1.amazonaws.com/public/efile_v2_2/SN-P02-T01-DISPOSITION-OF-ASSETS-2021.CSV
public/efile_v2_2/SN-P02-T01-DISPOSITION-OF-ASSETS-2022.CSV,2026-08-11T17:08:33.000Z,"""8964f3a7006d367ea33565f5df307865""",1034129,STANDARD,nccs-efile,1 mb,https://nccs-efile.s3.us-east-1.amazonaws.com/public/efile_v2_2/SN-P02-T01-DISPOSITION-OF-ASSETS-2022.CSV
public/efile_v2_2/SN-P02-T01-DISPOSITION-OF-ASSETS-2023.CSV,2026-08-11T17:08:33.000Z,"""9a0cd466a71404589effd3a8a2f07d42""",1103476,STANDARD,nccs-efile,1.1 mb,https://nccs-efile.s3.us-east-1.amazonaws.com/public/efile_v2_2/SN-P02-T01-DISPOSITION-OF-ASSETS-2023.CSV
public/efile_v2_2/SN-P02-T01-DISPOSITION-OF-ASSETS-2024.CSV,2026-08-11T17:08:33.000Z,"""ac99e622d3c157f5787511f7b346b87a""",833302,STANDARD,nccs-efile,0.8 mb,https://nccs-efile.s3.us-east-1.amazonaws.com/public/efile_v2_2/SN-P02-T01-DISPOSITION-OF-ASSETS-2024.CSV
public/efile_v2_2/SN-P99-T00-LIQUIDATION-TERMINATION-DISSOLUTION-2009.CSV,2026-08-11T15:35:07.000Z,"""9bc4a80b9b139dd5189981809287503a""",56705,STANDARD,nccs-efile,0.1 mb,https://nccs-efile.s3.us-east-1.amazonaws.com/public/efile_v2_2/SN-P99-T00-LIQUIDATION-TERMINATION-DISSOLUTION-2009.CSV
public/efile_v2_2/SN-P99-T00-LIQUIDATION-TERMINATION-DISSOLUTION-2010.CSV,2026-08-11T15:35:07.000Z,"""3d7ef0e5f87c14399cb32e5b0790f039""",207,STANDARD,nccs-efile,0 mb,https://nccs-efile.s3.us-east-1.amazonaws.com/public/efile_v2_2/SN-P99-T00-LIQUIDATION-TERMINATION-DISSOLUTION-2010.CSV
public/efile_v2_2/SN-P99-T00-LIQUIDATION-TERMINATION-DISSOLUTION-2011.CSV,2026-08-11T15:35:07.000Z,"""3d7ef0e5f87c14399cb32e5b0790f039""",207,STANDARD,nccs-efile,0 mb,https://nccs-efile.s3.us-east-1.amazonaws.com/public/efile_v2_2/SN-P99-T00-LIQUIDATION-TERMINATION-DISSOLUTION-2011.CSV
public/efile_v2_2/SN-P99-T00-LIQUIDATION-TERMINATION-DISSOLUTION-2012.CSV,2026-08-11T15:35:07.000Z,"""3d7ef0e5f87c14399cb32e5b0790f039""",207,STANDARD,nccs-efile,0 mb,https://nccs-efile.s3.us-east-1.amazonaws.com/public/efile_v2_2/SN-P99-T00-LIQUIDATION-TERMINATION-DISSOLUTION-2012.CSV
public/efile_v2_2/SN-P99-T00-LIQUIDATION-TERMINATION-DISSOLUTION-2013.CSV,2026-08-11T15:35:07.000Z,"""3d7ef0e5f87c14399cb32e5b0790f039""",207,STANDARD,nccs-efile,0 mb,https://nccs-efile.s3.us-east-1.amazonaws.com/public/efile_v2_2/SN-P99-T00-LIQUIDATION-TERMINATION-DISSOLUTION-2013.CSV
public/efile_v2_2/SN-P99-T00-LIQUIDATION-TERMINATION-DISSOLUTION-2014.CSV,2026-08-11T15:35:07.000Z,"""3d7ef0e5f87c14399cb32e5b0790f039""",207,STANDARD,nccs-efile,0 mb,https://nccs-efile.s3.us-east-1.amazonaws.com/public/efile_v2_2/SN-P99-T00-LIQUIDATION-TERMINATION-DISSOLUTION-2014.CSV
public/efile_v2_2/SN-P99-T00-LIQUIDATION-TERMINATION-DISSOLUTION-2015.CSV,2026-08-11T15:35:07.000Z,"""3d7ef0e5f87c14399cb32e5b0790f039""",207,STANDARD,nccs-efile,0 mb,https://nccs-efile.s3.us-east-1.amazonaws.com/public/efile_v2_2/SN-P99-T00-LIQUIDATION-TERMINATION-DISSOLUTION-2015.CSV
public/efile_v2_2/SN-P99-T00-LIQUIDATION-TERMINATION-DISSOLUTION-2016.CSV,2026-08-11T15:35:07.000Z,"""3d7ef0e5f87c14399cb32e5b0790f039""",207,STANDARD,nccs-efile,0 mb,https://nccs-efile.s3.us-east-1.amazonaws.com/public/efile_v2_2/SN-P99-T00-LIQUIDATION-TERMINATION-DISSOLUTION-2016.CSV
public/efile_v2_2/SN-P99-T00-LIQUIDATION-TERMINATION-DISSOLUTION-2017.CSV,2026-08-11T15:35:07.000Z,"""3d7ef0e5f87c14399cb32e5b0790f039""",207,STANDARD,nccs-efile,0 mb,https://nccs-efile.s3.us-east-1.amazonaws.com/public/efile_v2_2/SN-P99-T00-LIQUIDATION-TERMINATION-DISSOLUTION-2017.CSV
public/efile_v2_2/SN-P99-T00-LIQUIDATION-TERMINATION-DISSOLUTION-2018.CSV,2026-08-11T15:35:08.000Z,"""3d7ef0e5f87c14399cb32e5b0790f039""",207,STANDARD,nccs-efile,0 mb,https://nccs-efile.s3.us-east-1.amazonaws.com/public/efile_v2_2/SN-P99-T00-LIQUIDATION-TERMINATION-DISSOLUTION-2018.CSV
public/efile_v2_2/SN-P99-T00-LIQUIDATION-TERMINATION-DISSOLUTION-2019.CSV,2026-08-11T15:35:08.000Z,"""3d7ef0e5f87c14399cb32e5b0790f039""",207,STANDARD,nccs-efile,0 mb,https://nccs-efile.s3.us-east-1.amazonaws.com/public/efile_v2_2/SN-P99-T00-LIQUIDATION-TERMINATION-DISSOLUTION-2019.CSV
public/efile_v2_2/SN-P99-T00-LIQUIDATION-TERMINATION-DISSOLUTION-2020.CSV,2026-08-11T15:35:08.000Z,"""3d7ef0e5f87c14399cb32e5b0790f039""",207,STANDARD,nccs-efile,0 mb,https://nccs-efile.s3.us-east-1.amazonaws.com/public/efile_v2_2/SN-P99-T00-LIQUIDATION-TERMINATION-DISSOLUTION-2020.CSV
public/efile_v2_2/SN-P99-T00-LIQUIDATION-TERMINATION-DISSOLUTION-2021.CSV,2026-08-11T15:35:08.000Z,"""3d7ef0e5f87c14399cb32e5b0790f039""",207,STANDARD,nccs-efile,0 mb,https://nccs-efile.s3.us-east-1.amazonaws.com/public/efile_v2_2/SN-P99-T00-LIQUIDATION-TERMINATION-DISSOLUTION-2021.CSV
public/efile_v2_2/SN-P99-T00-LIQUIDATION-TERMINATION-DISSOLUTION-2022.CSV,2026-08-11T17:08:33.000Z,"""3d7ef0e5f87c14399cb32e5b0790f039""",207,STANDARD,nccs-efile,0 mb,https://nccs-efile.s3.us-east-1.amazonaws.com/public/efile_v2_2/SN-P99-T00-LIQUIDATION-TERMINATION-DISSOLUTION-2022.CSV
public/efile_v2_2/SN-P99-T00-LIQUIDATION-TERMINATION-DISSOLUTION-2023.CSV,2026-08-11T17:08:33.000Z,"""3d7ef0e5f87c14399cb32e5b0790f039""",207,STANDARD,nccs-efile,0 mb,https://nccs-efile.s3.us-east-1.amazonaws.com/public/efile_v2_2/SN-P99-T00-LIQUIDATION-TERMINATION-DISSOLUTION-2023.CSV
public/efile_v2_2/SN-P99-T00-LIQUIDATION-TERMINATION-DISSOLUTION-2024.CSV,2026-08-11T17:08:33.000Z,"""3d7ef0e5f87c14399cb32e5b0790f039""",207,STANDARD,nccs-efile,0 mb,https://nccs-efile.s3.us-east-1.amazonaws.com/public/efile_v2_2/SN-P99-T00-LIQUIDATION-TERMINATION-DISSOLUTION-2024.CSV
public/efile_v2_2/SR-P01-T01-ID-DISREGARDED-ENTITIES-2009.CSV,2026-08-11T15:35:08.000Z,"""1b53ab316d970b9549832542f9d8612a-8""",66394681,STANDARD,nccs-efile,66.4 mb,https://nccs-efile.s3.us-east-1.amazonaws.com/public/efile_v2_2/SR-P01-T01-ID-DISREGARDED-ENTITIES-2009.CSV
public/efile_v2_2/SR-P01-T01-ID-DISREGARDED-ENTITIES-2010.CSV,2026-08-11T15:35:08.000Z,"""37991a275a5c71af0092d236119e8d98-23""",190041255,STANDARD,nccs-efile,190 mb,https://nccs-efile.s3.us-east-1.amazonaws.com/public/efile_v2_2/SR-P01-T01-ID-DISREGARDED-ENTITIES-2010.CSV
public/efile_v2_2/SR-P01-T01-ID-DISREGARDED-ENTITIES-2011.CSV,2026-08-11T15:35:12.000Z,"""99e1048ffa434d63f75b9de9aa072935-37""",307775155,STANDARD,nccs-efile,307.8 mb,https://nccs-efile.s3.us-east-1.amazonaws.com/public/efile_v2_2/SR-P01-T01-ID-DISREGARDED-ENTITIES-2011.CSV
public/efile_v2_2/SR-P01-T01-ID-DISREGARDED-ENTITIES-2012.CSV,2026-08-11T15:35:09.000Z,"""ff3f69626f9febda652afc23fb05aecd-56""",462538980,STANDARD,nccs-efile,462.5 mb,https://nccs-efile.s3.us-east-1.amazonaws.com/public/efile_v2_2/SR-P01-T01-ID-DISREGARDED-ENTITIES-2012.CSV
public/efile_v2_2/SR-P01-T01-ID-DISREGARDED-ENTITIES-2013.CSV,2026-08-11T15:35:08.000Z,"""5c09d8752940a59a5b104f06529b23a9""",8057737,STANDARD,nccs-efile,8.1 mb,https://nccs-efile.s3.us-east-1.amazonaws.com/public/efile_v2_2/SR-P01-T01-ID-DISREGARDED-ENTITIES-2013.CSV
public/efile_v2_2/SR-P01-T01-ID-DISREGARDED-ENTITIES-2014.CSV,2026-08-11T15:35:13.000Z,"""8610f7f7ebdb61921c2ac665d77fd78a-2""",9435848,STANDARD,nccs-efile,9.4 mb,https://nccs-efile.s3.us-east-1.amazonaws.com/public/efile_v2_2/SR-P01-T01-ID-DISREGARDED-ENTITIES-2014.CSV
public/efile_v2_2/SR-P01-T01-ID-DISREGARDED-ENTITIES-2015.CSV,2026-08-11T15:35:14.000Z,"""97872442cc4ad1baaffaa476329c81da-2""",10526579,STANDARD,nccs-efile,10.5 mb,https://nccs-efile.s3.us-east-1.amazonaws.com/public/efile_v2_2/SR-P01-T01-ID-DISREGARDED-ENTITIES-2015.CSV
public/efile_v2_2/SR-P01-T01-ID-DISREGARDED-ENTITIES-2016.CSV,2026-08-11T15:35:13.000Z,"""ed95f518ff3e07553689f2053986a226-2""",9719223,STANDARD,nccs-efile,9.7 mb,https://nccs-efile.s3.us-east-1.amazonaws.com/public/efile_v2_2/SR-P01-T01-ID-DISREGARDED-ENTITIES-2016.CSV
public/efile_v2_2/SR-P01-T01-ID-DISREGARDED-ENTITIES-2017.CSV,2026-08-11T15:35:14.000Z,"""e516093e8d02f4463c85c9e4383bd40d-2""",11087679,STANDARD,nccs-efile,11.1 mb,https://nccs-efile.s3.us-east-1.amazonaws.com/public/efile_v2_2/SR-P01-T01-ID-DISREGARDED-ENTITIES-2017.CSV
public/efile_v2_2/SR-P01-T01-ID-DISREGARDED-ENTITIES-2018.CSV,2026-08-11T15:35:14.000Z,"""5b090c28ecfca62bc61d405f82c8e09e-2""",14494097,STANDARD,nccs-efile,14.5 mb,https://nccs-efile.s3.us-east-1.amazonaws.com/public/efile_v2_2/SR-P01-T01-ID-DISREGARDED-ENTITIES-2018.CSV
public/efile_v2_2/SR-P01-T01-ID-DISREGARDED-ENTITIES-2019.CSV,2026-08-11T15:35:14.000Z,"""89608ed217d82df4488e7a8455db575f-2""",16337075,STANDARD,nccs-efile,16.3 mb,https://nccs-efile.s3.us-east-1.amazonaws.com/public/efile_v2_2/SR-P01-T01-ID-DISREGARDED-ENTITIES-2019.CSV
public/efile_v2_2/SR-P01-T01-ID-DISREGARDED-ENTITIES-2020.CSV,2026-08-11T15:35:14.000Z,"""0753b50e4bc441831cc086ed2a186d0a-2""",13139665,STANDARD,nccs-efile,13.1 mb,https://nccs-efile.s3.us-east-1.amazonaws.com/public/efile_v2_2/SR-P01-T01-ID-DISREGARDED-ENTITIES-2020.CSV
public/efile_v2_2/SR-P01-T01-ID-DISREGARDED-ENTITIES-2021.CSV,2026-08-11T15:35:14.000Z,"""91fe85de34d9209980dd8f963a198953-2""",13309795,STANDARD,nccs-efile,13.3 mb,https://nccs-efile.s3.us-east-1.amazonaws.com/public/efile_v2_2/SR-P01-T01-ID-DISREGARDED-ENTITIES-2021.CSV
public/efile_v2_2/SR-P01-T01-ID-DISREGARDED-ENTITIES-2022.CSV,2026-08-11T17:08:33.000Z,"""4125588399a67f8d651e3e7582838a72-2""",14231893,STANDARD,nccs-efile,14.2 mb,https://nccs-efile.s3.us-east-1.amazonaws.com/public/efile_v2_2/SR-P01-T01-ID-DISREGARDED-ENTITIES-2022.CSV
public/efile_v2_2/SR-P01-T01-ID-DISREGARDED-ENTITIES-2023.CSV,2026-08-11T17:08:33.000Z,"""b0ade7fdbe2a97db77232bcc56cb5294-2""",14725832,STANDARD,nccs-efile,14.7 mb,https://nccs-efile.s3.us-east-1.amazonaws.com/public/efile_v2_2/SR-P01-T01-ID-DISREGARDED-ENTITIES-2023.CSV
public/efile_v2_2/SR-P01-T01-ID-DISREGARDED-ENTITIES-2024.CSV,2026-08-11T17:08:33.000Z,"""d07f6c1930f043fa1e1ce8d45ab2fa19-2""",10364363,STANDARD,nccs-efile,10.4 mb,https://nccs-efile.s3.us-east-1.amazonaws.com/public/efile_v2_2/SR-P01-T01-ID-DISREGARDED-ENTITIES-2024.CSV
public/efile_v2_2/SR-P02-T01-ID-RLTD-TAX-EXEMPED-ORGS-2009.CSV,2026-08-11T15:35:15.000Z,"""08d112f02b3b44a46c4fc04166520672-6""",50193090,STANDARD,nccs-efile,50.2 mb,https://nccs-efile.s3.us-east-1.amazonaws.com/public/efile_v2_2/SR-P02-T01-ID-RLTD-TAX-EXEMPED-ORGS-2009.CSV
public/efile_v2_2/SR-P02-T01-ID-RLTD-TAX-EXEMPED-ORGS-2010.CSV,2026-08-11T15:35:15.000Z,"""9aac23f7460f2e081f30008889a7f0fc-17""",142512064,STANDARD,nccs-efile,142.5 mb,https://nccs-efile.s3.us-east-1.amazonaws.com/public/efile_v2_2/SR-P02-T01-ID-RLTD-TAX-EXEMPED-ORGS-2010.CSV
public/efile_v2_2/SR-P02-T01-ID-RLTD-TAX-EXEMPED-ORGS-2011.CSV,2026-08-11T15:35:16.000Z,"""4032bd803937c6279303ded9ba3f3741-22""",176556415,STANDARD,nccs-efile,176.6 mb,https://nccs-efile.s3.us-east-1.amazonaws.com/public/efile_v2_2/SR-P02-T01-ID-RLTD-TAX-EXEMPED-ORGS-2011.CSV
public/efile_v2_2/SR-P02-T01-ID-RLTD-TAX-EXEMPED-ORGS-2012.CSV,2026-08-11T15:35:17.000Z,"""fa102d30d015b8805005da7e5cf0edc8-24""",199686111,STANDARD,nccs-efile,199.7 mb,https://nccs-efile.s3.us-east-1.amazonaws.com/public/efile_v2_2/SR-P02-T01-ID-RLTD-TAX-EXEMPED-ORGS-2012.CSV
public/efile_v2_2/SR-P02-T01-ID-RLTD-TAX-EXEMPED-ORGS-2013.CSV,2026-08-11T15:35:19.000Z,"""8f0e44ca2b45a720d83ac67ff455f84f-18""",144111435,STANDARD,nccs-efile,144.1 mb,https://nccs-efile.s3.us-east-1.amazonaws.com/public/efile_v2_2/SR-P02-T01-ID-RLTD-TAX-EXEMPED-ORGS-2013.CSV
public/efile_v2_2/SR-P02-T01-ID-RLTD-TAX-EXEMPED-ORGS-2014.CSV,2026-08-11T15:35:18.000Z,"""063425e89bf7490c8a2ab5017bf25f7e-19""",156448865,STANDARD,nccs-efile,156.4 mb,https://nccs-efile.s3.us-east-1.amazonaws.com/public/efile_v2_2/SR-P02-T01-ID-RLTD-TAX-EXEMPED-ORGS-2014.CSV
public/efile_v2_2/SR-P02-T01-ID-RLTD-TAX-EXEMPED-ORGS-2015.CSV,2026-08-11T15:35:20.000Z,"""835651cc15b1e0ff36e8873d889bd845-21""",168642967,STANDARD,nccs-efile,168.6 mb,https://nccs-efile.s3.us-east-1.amazonaws.com/public/efile_v2_2/SR-P02-T01-ID-RLTD-TAX-EXEMPED-ORGS-2015.CSV
public/efile_v2_2/SR-P02-T01-ID-RLTD-TAX-EXEMPED-ORGS-2016.CSV,2026-08-11T15:35:21.000Z,"""4a997b232fe8e447217383de59089d1e-22""",178452031,STANDARD,nccs-efile,178.5 mb,https://nccs-efile.s3.us-east-1.amazonaws.com/public/efile_v2_2/SR-P02-T01-ID-RLTD-TAX-EXEMPED-ORGS-2016.CSV
public/efile_v2_2/SR-P02-T01-ID-RLTD-TAX-EXEMPED-ORGS-2017.CSV,2026-08-11T15:35:22.000Z,"""969c45d90044c21238a3bb6a3dce523b-23""",190337665,STANDARD,nccs-efile,190.3 mb,https://nccs-efile.s3.us-east-1.amazonaws.com/public/efile_v2_2/SR-P02-T01-ID-RLTD-TAX-EXEMPED-ORGS-2017.CSV
public/efile_v2_2/SR-P02-T01-ID-RLTD-TAX-EXEMPED-ORGS-2018.CSV,2026-08-11T15:35:23.000Z,"""6b9cf548b054384a873202d0810b6e5f-28""",232563799,STANDARD,nccs-efile,232.6 mb,https://nccs-efile.s3.us-east-1.amazonaws.com/public/efile_v2_2/SR-P02-T01-ID-RLTD-TAX-EXEMPED-ORGS-2018.CSV
public/efile_v2_2/SR-P02-T01-ID-RLTD-TAX-EXEMPED-ORGS-2019.CSV,2026-08-11T15:35:24.000Z,"""d6f5bd95a195ac0d9706a90b9e664f13-28""",234045218,STANDARD,nccs-efile,234 mb,https://nccs-efile.s3.us-east-1.amazonaws.com/public/efile_v2_2/SR-P02-T01-ID-RLTD-TAX-EXEMPED-ORGS-2019.CSV
public/efile_v2_2/SR-P02-T01-ID-RLTD-TAX-EXEMPED-ORGS-2020.CSV,2026-08-11T15:35:25.000Z,"""6f865c701f811c2b1a9de0aeb721057b-30""",249172833,STANDARD,nccs-efile,249.2 mb,https://nccs-efile.s3.us-east-1.amazonaws.com/public/efile_v2_2/SR-P02-T01-ID-RLTD-TAX-EXEMPED-ORGS-2020.CSV
public/efile_v2_2/SR-P02-T01-ID-RLTD-TAX-EXEMPED-ORGS-2021.CSV,2026-08-11T15:35:27.000Z,"""4f40a65f86d68341cd386366c5e8eac7-29""",235858988,STANDARD,nccs-efile,235.9 mb,https://nccs-efile.s3.us-east-1.amazonaws.com/public/efile_v2_2/SR-P02-T01-ID-RLTD-TAX-EXEMPED-ORGS-2021.CSV
public/efile_v2_2/SR-P02-T01-ID-RLTD-TAX-EXEMPED-ORGS-2022.CSV,2026-08-11T17:08:34.000Z,"""fed6758da5b3ee485fba392e1c03b53d-29""",240558222,STANDARD,nccs-efile,240.6 mb,https://nccs-efile.s3.us-east-1.amazonaws.com/public/efile_v2_2/SR-P02-T01-ID-RLTD-TAX-EXEMPED-ORGS-2022.CSV
public/efile_v2_2/SR-P02-T01-ID-RLTD-TAX-EXEMPED-ORGS-2023.CSV,2026-08-11T17:08:36.000Z,"""f4bd7153210a61c28d4bc1fbc9d8054d-29""",235220394,STANDARD,nccs-efile,235.2 mb,https://nccs-efile.s3.us-east-1.amazonaws.com/public/efile_v2_2/SR-P02-T01-ID-RLTD-TAX-EXEMPED-ORGS-2023.CSV
public/efile_v2_2/SR-P02-T01-ID-RLTD-TAX-EXEMPED-ORGS-2024.CSV,2026-08-11T17:08:39.000Z,"""dc4004b429be2ee983ae28e173b2a779-14""",114975239,STANDARD,nccs-efile,115 mb,https://nccs-efile.s3.us-east-1.amazonaws.com/public/efile_v2_2/SR-P02-T01-ID-RLTD-TAX-EXEMPED-ORGS-2024.CSV
public/efile_v2_2/SR-P03-T01-ID-RLTD-ORGS-TAXABLE-PARTNERSHIP-2009.CSV,2026-08-11T15:35:30.000Z,"""42623f444758d6966e324b11fcbb776d-2""",8558614,STANDARD,nccs-efile,8.6 mb,https://nccs-efile.s3.us-east-1.amazonaws.com/public/efile_v2_2/SR-P03-T01-ID-RLTD-ORGS-TAXABLE-PARTNERSHIP-2009.CSV
public/efile_v2_2/SR-P03-T01-ID-RLTD-ORGS-TAXABLE-PARTNERSHIP-2010.CSV,2026-08-11T15:35:30.000Z,"""d8ddf890d0f5643919e413e650b45c39-5""",38686681,STANDARD,nccs-efile,38.7 mb,https://nccs-efile.s3.us-east-1.amazonaws.com/public/efile_v2_2/SR-P03-T01-ID-RLTD-ORGS-TAXABLE-PARTNERSHIP-2010.CSV
public/efile_v2_2/SR-P03-T01-ID-RLTD-ORGS-TAXABLE-PARTNERSHIP-2011.CSV,2026-08-11T15:35:31.000Z,"""2908cc81a395ad38e7ede5371cd051c7-7""",52742624,STANDARD,nccs-efile,52.7 mb,https://nccs-efile.s3.us-east-1.amazonaws.com/public/efile_v2_2/SR-P03-T01-ID-RLTD-ORGS-TAXABLE-PARTNERSHIP-2011.CSV
public/efile_v2_2/SR-P03-T01-ID-RLTD-ORGS-TAXABLE-PARTNERSHIP-2012.CSV,2026-08-11T15:35:31.000Z,"""72514a3a887861d929dad264d4f22167-8""",59843100,STANDARD,nccs-efile,59.8 mb,https://nccs-efile.s3.us-east-1.amazonaws.com/public/efile_v2_2/SR-P03-T01-ID-RLTD-ORGS-TAXABLE-PARTNERSHIP-2012.CSV
public/efile_v2_2/SR-P03-T01-ID-RLTD-ORGS-TAXABLE-PARTNERSHIP-2013.CSV,2026-08-11T15:35:49.000Z,"""2de9ebdd1ca5cd41e2f7d55c88dd78d6-7""",55460246,STANDARD,nccs-efile,55.5 mb,https://nccs-efile.s3.us-east-1.amazonaws.com/public/efile_v2_2/SR-P03-T01-ID-RLTD-ORGS-TAXABLE-PARTNERSHIP-2013.CSV
public/efile_v2_2/SR-P03-T01-ID-RLTD-ORGS-TAXABLE-PARTNERSHIP-2014.CSV,2026-08-11T15:35:50.000Z,"""0cd60ea2da79c8cc59392c332bcd833f-8""",61923414,STANDARD,nccs-efile,61.9 mb,https://nccs-efile.s3.us-east-1.amazonaws.com/public/efile_v2_2/SR-P03-T01-ID-RLTD-ORGS-TAXABLE-PARTNERSHIP-2014.CSV
public/efile_v2_2/SR-P03-T01-ID-RLTD-ORGS-TAXABLE-PARTNERSHIP-2015.CSV,2026-08-11T15:35:51.000Z,"""320c0a06dd420331907681885b58382e-8""",66995969,STANDARD,nccs-efile,67 mb,https://nccs-efile.s3.us-east-1.amazonaws.com/public/efile_v2_2/SR-P03-T01-ID-RLTD-ORGS-TAXABLE-PARTNERSHIP-2015.CSV
public/efile_v2_2/SR-P03-T01-ID-RLTD-ORGS-TAXABLE-PARTNERSHIP-2016.CSV,2026-08-11T15:35:52.000Z,"""2c1be10d04e6b147191ebf14798b0dcc-9""",73773130,STANDARD,nccs-efile,73.8 mb,https://nccs-efile.s3.us-east-1.amazonaws.com/public/efile_v2_2/SR-P03-T01-ID-RLTD-ORGS-TAXABLE-PARTNERSHIP-2016.CSV
public/efile_v2_2/SR-P03-T01-ID-RLTD-ORGS-TAXABLE-PARTNERSHIP-2017.CSV,2026-08-11T15:35:53.000Z,"""9dbfc214c5996adbc835cdec2deb3236-10""",78031299,STANDARD,nccs-efile,78 mb,https://nccs-efile.s3.us-east-1.amazonaws.com/public/efile_v2_2/SR-P03-T01-ID-RLTD-ORGS-TAXABLE-PARTNERSHIP-2017.CSV
public/efile_v2_2/SR-P03-T01-ID-RLTD-ORGS-TAXABLE-PARTNERSHIP-2018.CSV,2026-08-11T15:35:54.000Z,"""fda2cb6a9693a0ffbb1462ca34159feb-12""",95117141,STANDARD,nccs-efile,95.1 mb,https://nccs-efile.s3.us-east-1.amazonaws.com/public/efile_v2_2/SR-P03-T01-ID-RLTD-ORGS-TAXABLE-PARTNERSHIP-2018.CSV
public/efile_v2_2/SR-P03-T01-ID-RLTD-ORGS-TAXABLE-PARTNERSHIP-2019.CSV,2026-08-11T15:35:54.000Z,"""0075c85408dbb5ff80db0e2bddcfbb6a-12""",97754884,STANDARD,nccs-efile,97.8 mb,https://nccs-efile.s3.us-east-1.amazonaws.com/public/efile_v2_2/SR-P03-T01-ID-RLTD-ORGS-TAXABLE-PARTNERSHIP-2019.CSV
public/efile_v2_2/SR-P03-T01-ID-RLTD-ORGS-TAXABLE-PARTNERSHIP-2020.CSV,2026-08-11T15:36:12.000Z,"""c0eb44098b75a3b88d0494d8e9814309-14""",109679938,STANDARD,nccs-efile,109.7 mb,https://nccs-efile.s3.us-east-1.amazonaws.com/public/efile_v2_2/SR-P03-T01-ID-RLTD-ORGS-TAXABLE-PARTNERSHIP-2020.CSV
public/efile_v2_2/SR-P03-T01-ID-RLTD-ORGS-TAXABLE-PARTNERSHIP-2021.CSV,2026-08-11T15:36:14.000Z,"""d786461d0f9e8a4db26f322118e527e5-13""",105269661,STANDARD,nccs-efile,105.3 mb,https://nccs-efile.s3.us-east-1.amazonaws.com/public/efile_v2_2/SR-P03-T01-ID-RLTD-ORGS-TAXABLE-PARTNERSHIP-2021.CSV
public/efile_v2_2/SR-P03-T01-ID-RLTD-ORGS-TAXABLE-PARTNERSHIP-2022.CSV,2026-08-11T17:08:40.000Z,"""3a33a8b92e913ba550585711f17ec7b4-14""",111853455,STANDARD,nccs-efile,111.9 mb,https://nccs-efile.s3.us-east-1.amazonaws.com/public/efile_v2_2/SR-P03-T01-ID-RLTD-ORGS-TAXABLE-PARTNERSHIP-2022.CSV
public/efile_v2_2/SR-P03-T01-ID-RLTD-ORGS-TAXABLE-PARTNERSHIP-2023.CSV,2026-08-11T17:08:42.000Z,"""d15a189fd0c474fa5aeffb188c654e14-14""",110876130,STANDARD,nccs-efile,110.9 mb,https://nccs-efile.s3.us-east-1.amazonaws.com/public/efile_v2_2/SR-P03-T01-ID-RLTD-ORGS-TAXABLE-PARTNERSHIP-2023.CSV
public/efile_v2_2/SR-P03-T01-ID-RLTD-ORGS-TAXABLE-PARTNERSHIP-2024.CSV,2026-08-11T17:08:43.000Z,"""c3062000f0523e57333f24ecfcbfc04a-10""",76239783,STANDARD,nccs-efile,76.2 mb,https://nccs-efile.s3.us-east-1.amazonaws.com/public/efile_v2_2/SR-P03-T01-ID-RLTD-ORGS-TAXABLE-PARTNERSHIP-2024.CSV
public/efile_v2_2/SR-P04-T01-ID-RLTD-ORGS-TAXABLE-CORPORATION-2009.CSV,2026-08-11T15:36:17.000Z,"""e3045f6c6f57173a65a31830b26c0de6-2""",8904403,STANDARD,nccs-efile,8.9 mb,https://nccs-efile.s3.us-east-1.amazonaws.com/public/efile_v2_2/SR-P04-T01-ID-RLTD-ORGS-TAXABLE-CORPORATION-2009.CSV
public/efile_v2_2/SR-P04-T01-ID-RLTD-ORGS-TAXABLE-CORPORATION-2010.CSV,2026-08-11T15:36:17.000Z,"""abe56d2ce25323d6d42809cee8020d93-4""",28386683,STANDARD,nccs-efile,28.4 mb,https://nccs-efile.s3.us-east-1.amazonaws.com/public/efile_v2_2/SR-P04-T01-ID-RLTD-ORGS-TAXABLE-CORPORATION-2010.CSV
public/efile_v2_2/SR-P04-T01-ID-RLTD-ORGS-TAXABLE-CORPORATION-2011.CSV,2026-08-11T15:36:18.000Z,"""c89aa35d1b9cdc91eae934358b2063c4-11""",90839663,STANDARD,nccs-efile,90.8 mb,https://nccs-efile.s3.us-east-1.amazonaws.com/public/efile_v2_2/SR-P04-T01-ID-RLTD-ORGS-TAXABLE-CORPORATION-2011.CSV
public/efile_v2_2/SR-P04-T01-ID-RLTD-ORGS-TAXABLE-CORPORATION-2012.CSV,2026-08-11T15:36:36.000Z,"""9acd94c55c3e0e1621c020e2fe4c50af-22""",181643761,STANDARD,nccs-efile,181.6 mb,https://nccs-efile.s3.us-east-1.amazonaws.com/public/efile_v2_2/SR-P04-T01-ID-RLTD-ORGS-TAXABLE-CORPORATION-2012.CSV
public/efile_v2_2/SR-P04-T01-ID-RLTD-ORGS-TAXABLE-CORPORATION-2013.CSV,2026-08-11T15:36:38.000Z,"""9c2219d7bd5adcc6bc96b3eeca0c4fba-9""",73799860,STANDARD,nccs-efile,73.8 mb,https://nccs-efile.s3.us-east-1.amazonaws.com/public/efile_v2_2/SR-P04-T01-ID-RLTD-ORGS-TAXABLE-CORPORATION-2013.CSV
public/efile_v2_2/SR-P04-T01-ID-RLTD-ORGS-TAXABLE-CORPORATION-2014.CSV,2026-08-11T15:36:39.000Z,"""b9876ce70e3692fef5a405ffb13e90c0-10""",78793677,STANDARD,nccs-efile,78.8 mb,https://nccs-efile.s3.us-east-1.amazonaws.com/public/efile_v2_2/SR-P04-T01-ID-RLTD-ORGS-TAXABLE-CORPORATION-2014.CSV
public/efile_v2_2/SR-P04-T01-ID-RLTD-ORGS-TAXABLE-CORPORATION-2015.CSV,2026-08-11T15:36:40.000Z,"""080a6577d030a6bc289db01f2f239689-11""",84287370,STANDARD,nccs-efile,84.3 mb,https://nccs-efile.s3.us-east-1.amazonaws.com/public/efile_v2_2/SR-P04-T01-ID-RLTD-ORGS-TAXABLE-CORPORATION-2015.CSV
public/efile_v2_2/SR-P04-T01-ID-RLTD-ORGS-TAXABLE-CORPORATION-2016.CSV,2026-08-11T15:36:41.000Z,"""e9ac0c2132ca66de8c285a2d215b17dc-11""",88945451,STANDARD,nccs-efile,88.9 mb,https://nccs-efile.s3.us-east-1.amazonaws.com/public/efile_v2_2/SR-P04-T01-ID-RLTD-ORGS-TAXABLE-CORPORATION-2016.CSV
public/efile_v2_2/SR-P04-T01-ID-RLTD-ORGS-TAXABLE-CORPORATION-2017.CSV,2026-08-11T15:36:41.000Z,"""65d509cb333b1873a13d2faa56a3ba18-12""",94841682,STANDARD,nccs-efile,94.8 mb,https://nccs-efile.s3.us-east-1.amazonaws.com/public/efile_v2_2/SR-P04-T01-ID-RLTD-ORGS-TAXABLE-CORPORATION-2017.CSV
public/efile_v2_2/SR-P04-T01-ID-RLTD-ORGS-TAXABLE-CORPORATION-2018.CSV,2026-08-11T15:36:42.000Z,"""36831f25493c44e342dd6a45c927eef9-13""",107475501,STANDARD,nccs-efile,107.5 mb,https://nccs-efile.s3.us-east-1.amazonaws.com/public/efile_v2_2/SR-P04-T01-ID-RLTD-ORGS-TAXABLE-CORPORATION-2018.CSV
public/efile_v2_2/SR-P04-T01-ID-RLTD-ORGS-TAXABLE-CORPORATION-2019.CSV,2026-08-11T15:36:42.000Z,"""8f757373aee050f0cc879f6bd34d0eb9-13""",105644948,STANDARD,nccs-efile,105.6 mb,https://nccs-efile.s3.us-east-1.amazonaws.com/public/efile_v2_2/SR-P04-T01-ID-RLTD-ORGS-TAXABLE-CORPORATION-2019.CSV
public/efile_v2_2/SR-P04-T01-ID-RLTD-ORGS-TAXABLE-CORPORATION-2020.CSV,2026-08-11T15:36:43.000Z,"""42ad62a21787026bb7d4fef5276398b2-14""",115097243,STANDARD,nccs-efile,115.1 mb,https://nccs-efile.s3.us-east-1.amazonaws.com/public/efile_v2_2/SR-P04-T01-ID-RLTD-ORGS-TAXABLE-CORPORATION-2020.CSV
public/efile_v2_2/SR-P04-T01-ID-RLTD-ORGS-TAXABLE-CORPORATION-2021.CSV,2026-08-11T15:36:44.000Z,"""88c27b39a0490d0e4aaaaa6b9804ea2d-14""",115870107,STANDARD,nccs-efile,115.9 mb,https://nccs-efile.s3.us-east-1.amazonaws.com/public/efile_v2_2/SR-P04-T01-ID-RLTD-ORGS-TAXABLE-CORPORATION-2021.CSV
public/efile_v2_2/SR-P04-T01-ID-RLTD-ORGS-TAXABLE-CORPORATION-2022.CSV,2026-08-11T17:08:44.000Z,"""8f060e32d4c230c75d8d90bcf4557ab2-15""",117838764,STANDARD,nccs-efile,117.8 mb,https://nccs-efile.s3.us-east-1.amazonaws.com/public/efile_v2_2/SR-P04-T01-ID-RLTD-ORGS-TAXABLE-CORPORATION-2022.CSV
public/efile_v2_2/SR-P04-T01-ID-RLTD-ORGS-TAXABLE-CORPORATION-2023.CSV,2026-08-11T17:08:45.000Z,"""b83de8adbc5f1488899df7e071f61d9d-14""",117093146,STANDARD,nccs-efile,117.1 mb,https://nccs-efile.s3.us-east-1.amazonaws.com/public/efile_v2_2/SR-P04-T01-ID-RLTD-ORGS-TAXABLE-CORPORATION-2023.CSV
public/efile_v2_2/SR-P04-T01-ID-RLTD-ORGS-TAXABLE-CORPORATION-2024.CSV,2026-08-11T17:08:46.000Z,"""0ee2f607f7395b50309fb2c11c24075d-10""",80417240,STANDARD,nccs-efile,80.4 mb,https://nccs-efile.s3.us-east-1.amazonaws.com/public/efile_v2_2/SR-P04-T01-ID-RLTD-ORGS-TAXABLE-CORPORATION-2024.CSV
public/efile_v2_2/SR-P05-T00-TRANSACTIONS-RLTD-ORGS-2009.CSV,2026-08-11T15:36:43.000Z,"""d4dbd8724ad29a8c68bdfe58448f34aa""",4679666,STANDARD,nccs-efile,4.7 mb,https://nccs-efile.s3.us-east-1.amazonaws.com/public/efile_v2_2/SR-P05-T00-TRANSACTIONS-RLTD-ORGS-2009.CSV
public/efile_v2_2/SR-P05-T00-TRANSACTIONS-RLTD-ORGS-2010.CSV,2026-08-11T15:36:46.000Z,"""3142eeab1c64e61c10dc5ed58e55547e-2""",12244104,STANDARD,nccs-efile,12.2 mb,https://nccs-efile.s3.us-east-1.amazonaws.com/public/efile_v2_2/SR-P05-T00-TRANSACTIONS-RLTD-ORGS-2010.CSV
public/efile_v2_2/SR-P05-T00-TRANSACTIONS-RLTD-ORGS-2011.CSV,2026-08-11T15:36:46.000Z,"""a5bad85d663668c4497817f80b1e4179-2""",14955187,STANDARD,nccs-efile,15 mb,https://nccs-efile.s3.us-east-1.amazonaws.com/public/efile_v2_2/SR-P05-T00-TRANSACTIONS-RLTD-ORGS-2011.CSV
public/efile_v2_2/SR-P05-T00-TRANSACTIONS-RLTD-ORGS-2012.CSV,2026-08-11T15:36:46.000Z,"""73b74969715352c95114a932c9911ed1-2""",16486707,STANDARD,nccs-efile,16.5 mb,https://nccs-efile.s3.us-east-1.amazonaws.com/public/efile_v2_2/SR-P05-T00-TRANSACTIONS-RLTD-ORGS-2012.CSV
public/efile_v2_2/SR-P05-T00-TRANSACTIONS-RLTD-ORGS-2013.CSV,2026-08-11T15:36:46.000Z,"""8b01a7946d2f0c97b052082c2ef3e0dd-3""",17701125,STANDARD,nccs-efile,17.7 mb,https://nccs-efile.s3.us-east-1.amazonaws.com/public/efile_v2_2/SR-P05-T00-TRANSACTIONS-RLTD-ORGS-2013.CSV
public/efile_v2_2/SR-P05-T00-TRANSACTIONS-RLTD-ORGS-2014.CSV,2026-08-11T15:36:46.000Z,"""feaf0026c981de3cccdc12c396463aed-3""",19039583,STANDARD,nccs-efile,19 mb,https://nccs-efile.s3.us-east-1.amazonaws.com/public/efile_v2_2/SR-P05-T00-TRANSACTIONS-RLTD-ORGS-2014.CSV
public/efile_v2_2/SR-P05-T00-TRANSACTIONS-RLTD-ORGS-2015.CSV,2026-08-11T15:36:46.000Z,"""8d6fc0552f8812574b176ce64e93ac63-3""",19952475,STANDARD,nccs-efile,20 mb,https://nccs-efile.s3.us-east-1.amazonaws.com/public/efile_v2_2/SR-P05-T00-TRANSACTIONS-RLTD-ORGS-2015.CSV
public/efile_v2_2/SR-P05-T00-TRANSACTIONS-RLTD-ORGS-2016.CSV,2026-08-11T15:36:47.000Z,"""d65336649c9c384f758b80b9833b58cd-3""",20575944,STANDARD,nccs-efile,20.6 mb,https://nccs-efile.s3.us-east-1.amazonaws.com/public/efile_v2_2/SR-P05-T00-TRANSACTIONS-RLTD-ORGS-2016.CSV
public/efile_v2_2/SR-P05-T00-TRANSACTIONS-RLTD-ORGS-2017.CSV,2026-08-11T15:36:47.000Z,"""c07f4966f03f953fe75cc52c52667818-3""",21838954,STANDARD,nccs-efile,21.8 mb,https://nccs-efile.s3.us-east-1.amazonaws.com/public/efile_v2_2/SR-P05-T00-TRANSACTIONS-RLTD-ORGS-2017.CSV
public/efile_v2_2/SR-P05-T00-TRANSACTIONS-RLTD-ORGS-2018.CSV,2026-08-11T15:36:47.000Z,"""84d0a8d6dbd35fb9eeaaf119ff00d723-3""",21927420,STANDARD,nccs-efile,21.9 mb,https://nccs-efile.s3.us-east-1.amazonaws.com/public/efile_v2_2/SR-P05-T00-TRANSACTIONS-RLTD-ORGS-2018.CSV
public/efile_v2_2/SR-P05-T00-TRANSACTIONS-RLTD-ORGS-2019.CSV,2026-08-11T15:36:47.000Z,"""9bbc73ea4b7518a361e9eb62efa92c83-3""",22653699,STANDARD,nccs-efile,22.7 mb,https://nccs-efile.s3.us-east-1.amazonaws.com/public/efile_v2_2/SR-P05-T00-TRANSACTIONS-RLTD-ORGS-2019.CSV
public/efile_v2_2/SR-P05-T00-TRANSACTIONS-RLTD-ORGS-2020.CSV,2026-08-11T15:36:47.000Z,"""58a03b3cdd9a56efa7065c6456665b7e-4""",26263600,STANDARD,nccs-efile,26.3 mb,https://nccs-efile.s3.us-east-1.amazonaws.com/public/efile_v2_2/SR-P05-T00-TRANSACTIONS-RLTD-ORGS-2020.CSV
public/efile_v2_2/SR-P05-T00-TRANSACTIONS-RLTD-ORGS-2021.CSV,2026-08-11T15:36:48.000Z,"""1b5f35fc93e750689cfc01e30b46910e-3""",24841083,STANDARD,nccs-efile,24.8 mb,https://nccs-efile.s3.us-east-1.amazonaws.com/public/efile_v2_2/SR-P05-T00-TRANSACTIONS-RLTD-ORGS-2021.CSV
public/efile_v2_2/SR-P05-T00-TRANSACTIONS-RLTD-ORGS-2022.CSV,2026-08-11T17:08:47.000Z,"""55fb4bf063dbdd60e75489e2c3ea97b2-3""",25111272,STANDARD,nccs-efile,25.1 mb,https://nccs-efile.s3.us-east-1.amazonaws.com/public/efile_v2_2/SR-P05-T00-TRANSACTIONS-RLTD-ORGS-2022.CSV
public/efile_v2_2/SR-P05-T00-TRANSACTIONS-RLTD-ORGS-2023.CSV,2026-08-11T17:08:47.000Z,"""ab5c872da38d2c715852bc5b5010499d-3""",25090550,STANDARD,nccs-efile,25.1 mb,https://nccs-efile.s3.us-east-1.amazonaws.com/public/efile_v2_2/SR-P05-T00-TRANSACTIONS-RLTD-ORGS-2023.CSV
public/efile_v2_2/SR-P05-T00-TRANSACTIONS-RLTD-ORGS-2024.CSV,2026-08-11T17:08:47.000Z,"""e7fcac3e976530b81827a63a7d5740c9-3""",17160289,STANDARD,nccs-efile,17.2 mb,https://nccs-efile.s3.us-east-1.amazonaws.com/public/efile_v2_2/SR-P05-T00-TRANSACTIONS-RLTD-ORGS-2024.CSV
public/efile_v2_2/SR-P05-T01-TRANSACTIONS-RLTD-ORGS-2009.CSV,2026-08-11T15:36:48.000Z,"""9027fbef0f5a8f9de47f6df7041b22e4-2""",10741361,STANDARD,nccs-efile,10.7 mb,https://nccs-efile.s3.us-east-1.amazonaws.com/public/efile_v2_2/SR-P05-T01-TRANSACTIONS-RLTD-ORGS-2009.CSV
public/efile_v2_2/SR-P05-T01-TRANSACTIONS-RLTD-ORGS-2010.CSV,2026-08-11T15:36:48.000Z,"""25716149d8f93b83a8338c13061f8b35-4""",25764235,STANDARD,nccs-efile,25.8 mb,https://nccs-efile.s3.us-east-1.amazonaws.com/public/efile_v2_2/SR-P05-T01-TRANSACTIONS-RLTD-ORGS-2010.CSV
public/efile_v2_2/SR-P05-T01-TRANSACTIONS-RLTD-ORGS-2011.CSV,2026-08-11T15:36:48.000Z,"""75ba3f5f7526f4c120e6b005a6f838d4-4""",30964204,STANDARD,nccs-efile,31 mb,https://nccs-efile.s3.us-east-1.amazonaws.com/public/efile_v2_2/SR-P05-T01-TRANSACTIONS-RLTD-ORGS-2011.CSV
public/efile_v2_2/SR-P05-T01-TRANSACTIONS-RLTD-ORGS-2012.CSV,2026-08-11T15:36:49.000Z,"""d81fd0daa34c507de87bb66741b32493-4""",33222398,STANDARD,nccs-efile,33.2 mb,https://nccs-efile.s3.us-east-1.amazonaws.com/public/efile_v2_2/SR-P05-T01-TRANSACTIONS-RLTD-ORGS-2012.CSV
public/efile_v2_2/SR-P05-T01-TRANSACTIONS-RLTD-ORGS-2013.CSV,2026-08-11T15:36:49.000Z,"""fcbf225aa0c71c6c282e7f46d1f9a7c9-4""",31571370,STANDARD,nccs-efile,31.6 mb,https://nccs-efile.s3.us-east-1.amazonaws.com/public/efile_v2_2/SR-P05-T01-TRANSACTIONS-RLTD-ORGS-2013.CSV
public/efile_v2_2/SR-P05-T01-TRANSACTIONS-RLTD-ORGS-2014.CSV,2026-08-11T15:36:49.000Z,"""46ef86406d2eccd2144ae4da3b9c4017-4""",32627054,STANDARD,nccs-efile,32.6 mb,https://nccs-efile.s3.us-east-1.amazonaws.com/public/efile_v2_2/SR-P05-T01-TRANSACTIONS-RLTD-ORGS-2014.CSV
public/efile_v2_2/SR-P05-T01-TRANSACTIONS-RLTD-ORGS-2015.CSV,2026-08-11T15:36:49.000Z,"""0bbff232671c40cce9e2ee7708d80cef-4""",33452425,STANDARD,nccs-efile,33.5 mb,https://nccs-efile.s3.us-east-1.amazonaws.com/public/efile_v2_2/SR-P05-T01-TRANSACTIONS-RLTD-ORGS-2015.CSV
public/efile_v2_2/SR-P05-T01-TRANSACTIONS-RLTD-ORGS-2016.CSV,2026-08-11T15:36:50.000Z,"""d24fe6315dd550525a96562c39653151-5""",34569808,STANDARD,nccs-efile,34.6 mb,https://nccs-efile.s3.us-east-1.amazonaws.com/public/efile_v2_2/SR-P05-T01-TRANSACTIONS-RLTD-ORGS-2016.CSV
public/efile_v2_2/SR-P05-T01-TRANSACTIONS-RLTD-ORGS-2017.CSV,2026-08-11T15:36:50.000Z,"""fb232db4cf72ed6f4a7848682c0b498c-5""",36267774,STANDARD,nccs-efile,36.3 mb,https://nccs-efile.s3.us-east-1.amazonaws.com/public/efile_v2_2/SR-P05-T01-TRANSACTIONS-RLTD-ORGS-2017.CSV
public/efile_v2_2/SR-P05-T01-TRANSACTIONS-RLTD-ORGS-2018.CSV,2026-08-11T15:36:50.000Z,"""a7a076592f0b6420d4c791b6f76a2df4-5""",36461505,STANDARD,nccs-efile,36.5 mb,https://nccs-efile.s3.us-east-1.amazonaws.com/public/efile_v2_2/SR-P05-T01-TRANSACTIONS-RLTD-ORGS-2018.CSV
public/efile_v2_2/SR-P05-T01-TRANSACTIONS-RLTD-ORGS-2019.CSV,2026-08-11T15:36:50.000Z,"""25671e83ec0b9a945f219ea9bb10063a-5""",37295586,STANDARD,nccs-efile,37.3 mb,https://nccs-efile.s3.us-east-1.amazonaws.com/public/efile_v2_2/SR-P05-T01-TRANSACTIONS-RLTD-ORGS-2019.CSV
public/efile_v2_2/SR-P05-T01-TRANSACTIONS-RLTD-ORGS-2020.CSV,2026-08-11T15:36:51.000Z,"""26bab8381658fa48ae2ee4224a2c7ddb-5""",41323176,STANDARD,nccs-efile,41.3 mb,https://nccs-efile.s3.us-east-1.amazonaws.com/public/efile_v2_2/SR-P05-T01-TRANSACTIONS-RLTD-ORGS-2020.CSV
public/efile_v2_2/SR-P05-T01-TRANSACTIONS-RLTD-ORGS-2021.CSV,2026-08-11T15:36:51.000Z,"""e9d0a10158dbd4ca53a5a06895ab9da6-5""",38733944,STANDARD,nccs-efile,38.7 mb,https://nccs-efile.s3.us-east-1.amazonaws.com/public/efile_v2_2/SR-P05-T01-TRANSACTIONS-RLTD-ORGS-2021.CSV
public/efile_v2_2/SR-P05-T01-TRANSACTIONS-RLTD-ORGS-2022.CSV,2026-08-11T17:08:48.000Z,"""5d4ddf3c003305427f9d16ee807d4892-5""",38930369,STANDARD,nccs-efile,38.9 mb,https://nccs-efile.s3.us-east-1.amazonaws.com/public/efile_v2_2/SR-P05-T01-TRANSACTIONS-RLTD-ORGS-2022.CSV
public/efile_v2_2/SR-P05-T01-TRANSACTIONS-RLTD-ORGS-2023.CSV,2026-08-11T17:08:48.000Z,"""c269c568caafadcf432afa81e89fe956-5""",38895373,STANDARD,nccs-efile,38.9 mb,https://nccs-efile.s3.us-east-1.amazonaws.com/public/efile_v2_2/SR-P05-T01-TRANSACTIONS-RLTD-ORGS-2023.CSV
public/efile_v2_2/SR-P05-T01-TRANSACTIONS-RLTD-ORGS-2024.CSV,2026-08-11T17:08:48.000Z,"""b632210e8af9ec4e926984b025eeb2b2-3""",23425498,STANDARD,nccs-efile,23.4 mb,https://nccs-efile.s3.us-east-1.amazonaws.com/public/efile_v2_2/SR-P05-T01-TRANSACTIONS-RLTD-ORGS-2024.CSV
public/efile_v2_2/SR-P06-T01-UNRLTD-ORGS-TAXABLE-PARTNERSHIP-2009.CSV,2026-08-11T15:36:51.000Z,"""2438c74ede795571b7079e4b36cf0454""",43181,STANDARD,nccs-efile,0 mb,https://nccs-efile.s3.us-east-1.amazonaws.com/public/efile_v2_2/SR-P06-T01-UNRLTD-ORGS-TAXABLE-PARTNERSHIP-2009.CSV
public/efile_v2_2/SR-P06-T01-UNRLTD-ORGS-TAXABLE-PARTNERSHIP-2010.CSV,2026-08-11T15:36:51.000Z,"""b7075309077f8f13990df668d73bd6dc""",1937423,STANDARD,nccs-efile,1.9 mb,https://nccs-efile.s3.us-east-1.amazonaws.com/public/efile_v2_2/SR-P06-T01-UNRLTD-ORGS-TAXABLE-PARTNERSHIP-2010.CSV
public/efile_v2_2/SR-P06-T01-UNRLTD-ORGS-TAXABLE-PARTNERSHIP-2011.CSV,2026-08-11T15:36:51.000Z,"""5b6134837c70e1537679b5c73183d757""",2767381,STANDARD,nccs-efile,2.8 mb,https://nccs-efile.s3.us-east-1.amazonaws.com/public/efile_v2_2/SR-P06-T01-UNRLTD-ORGS-TAXABLE-PARTNERSHIP-2011.CSV
public/efile_v2_2/SR-P06-T01-UNRLTD-ORGS-TAXABLE-PARTNERSHIP-2012.CSV,2026-08-11T15:36:51.000Z,"""03c6c804d15f82dfa604bff74308abf5""",3361065,STANDARD,nccs-efile,3.4 mb,https://nccs-efile.s3.us-east-1.amazonaws.com/public/efile_v2_2/SR-P06-T01-UNRLTD-ORGS-TAXABLE-PARTNERSHIP-2012.CSV
public/efile_v2_2/SR-P06-T01-UNRLTD-ORGS-TAXABLE-PARTNERSHIP-2013.CSV,2026-08-11T15:36:51.000Z,"""f6f9eef48afedf4430d0652de55ce1f2""",125770,STANDARD,nccs-efile,0.1 mb,https://nccs-efile.s3.us-east-1.amazonaws.com/public/efile_v2_2/SR-P06-T01-UNRLTD-ORGS-TAXABLE-PARTNERSHIP-2013.CSV
public/efile_v2_2/SR-P06-T01-UNRLTD-ORGS-TAXABLE-PARTNERSHIP-2014.CSV,2026-08-11T15:36:51.000Z,"""93f14babb6b707864c81099042ee9743""",123297,STANDARD,nccs-efile,0.1 mb,https://nccs-efile.s3.us-east-1.amazonaws.com/public/efile_v2_2/SR-P06-T01-UNRLTD-ORGS-TAXABLE-PARTNERSHIP-2014.CSV
public/efile_v2_2/SR-P06-T01-UNRLTD-ORGS-TAXABLE-PARTNERSHIP-2015.CSV,2026-08-11T15:36:52.000Z,"""6de4ad7af94b9ba4c6a13795c885f487""",132028,STANDARD,nccs-efile,0.1 mb,https://nccs-efile.s3.us-east-1.amazonaws.com/public/efile_v2_2/SR-P06-T01-UNRLTD-ORGS-TAXABLE-PARTNERSHIP-2015.CSV
public/efile_v2_2/SR-P06-T01-UNRLTD-ORGS-TAXABLE-PARTNERSHIP-2016.CSV,2026-08-11T15:36:52.000Z,"""e92f1e87d5a85fea6edf924e9d188160""",128441,STANDARD,nccs-efile,0.1 mb,https://nccs-efile.s3.us-east-1.amazonaws.com/public/efile_v2_2/SR-P06-T01-UNRLTD-ORGS-TAXABLE-PARTNERSHIP-2016.CSV
public/efile_v2_2/SR-P06-T01-UNRLTD-ORGS-TAXABLE-PARTNERSHIP-2017.CSV,2026-08-11T15:36:52.000Z,"""1d556ed025c4a2b67f26fa2b5fef5a3c""",139755,STANDARD,nccs-efile,0.1 mb,https://nccs-efile.s3.us-east-1.amazonaws.com/public/efile_v2_2/SR-P06-T01-UNRLTD-ORGS-TAXABLE-PARTNERSHIP-2017.CSV
public/efile_v2_2/SR-P06-T01-UNRLTD-ORGS-TAXABLE-PARTNERSHIP-2018.CSV,2026-08-11T15:36:52.000Z,"""6c26853b0c6127e92dfe0d4db3051c81""",134842,STANDARD,nccs-efile,0.1 mb,https://nccs-efile.s3.us-east-1.amazonaws.com/public/efile_v2_2/SR-P06-T01-UNRLTD-ORGS-TAXABLE-PARTNERSHIP-2018.CSV
public/efile_v2_2/SR-P06-T01-UNRLTD-ORGS-TAXABLE-PARTNERSHIP-2019.CSV,2026-08-11T15:36:52.000Z,"""710c342cf877eb03ba59e07ba076d3ca""",146763,STANDARD,nccs-efile,0.1 mb,https://nccs-efile.s3.us-east-1.amazonaws.com/public/efile_v2_2/SR-P06-T01-UNRLTD-ORGS-TAXABLE-PARTNERSHIP-2019.CSV
public/efile_v2_2/SR-P06-T01-UNRLTD-ORGS-TAXABLE-PARTNERSHIP-2020.CSV,2026-08-11T15:36:52.000Z,"""b01e85e6ab6314de29ef0fb1abb364e3""",174088,STANDARD,nccs-efile,0.2 mb,https://nccs-efile.s3.us-east-1.amazonaws.com/public/efile_v2_2/SR-P06-T01-UNRLTD-ORGS-TAXABLE-PARTNERSHIP-2020.CSV
public/efile_v2_2/SR-P06-T01-UNRLTD-ORGS-TAXABLE-PARTNERSHIP-2021.CSV,2026-08-11T15:36:52.000Z,"""f375681fbefb8a26c2aa2c8b3fc4f01e""",581717,STANDARD,nccs-efile,0.6 mb,https://nccs-efile.s3.us-east-1.amazonaws.com/public/efile_v2_2/SR-P06-T01-UNRLTD-ORGS-TAXABLE-PARTNERSHIP-2021.CSV
public/efile_v2_2/SR-P06-T01-UNRLTD-ORGS-TAXABLE-PARTNERSHIP-2022.CSV,2026-08-11T17:08:49.000Z,"""153891ceb877f10db184f0cc5b7b90c9""",217244,STANDARD,nccs-efile,0.2 mb,https://nccs-efile.s3.us-east-1.amazonaws.com/public/efile_v2_2/SR-P06-T01-UNRLTD-ORGS-TAXABLE-PARTNERSHIP-2022.CSV
public/efile_v2_2/SR-P06-T01-UNRLTD-ORGS-TAXABLE-PARTNERSHIP-2023.CSV,2026-08-11T17:08:49.000Z,"""f3795acf727582ef043628f40be4b6a2""",129839,STANDARD,nccs-efile,0.1 mb,https://nccs-efile.s3.us-east-1.amazonaws.com/public/efile_v2_2/SR-P06-T01-UNRLTD-ORGS-TAXABLE-PARTNERSHIP-2023.CSV
public/efile_v2_2/SR-P06-T01-UNRLTD-ORGS-TAXABLE-PARTNERSHIP-2024.CSV,2026-08-11T17:08:49.000Z,"""653f53768cc03c8ed25b7260791eabee""",85994,STANDARD,nccs-efile,0.1 mb,https://nccs-efile.s3.us-east-1.amazonaws.com/public/efile_v2_2/SR-P06-T01-UNRLTD-ORGS-TAXABLE-PARTNERSHIP-2024.CSV
